name	style	ct	theme
Anti Đôn Chề Club	bold-central-flat	CT4	Lifey Stuff
Đam Mê Nhậu Club	bold-central-flat	CT7	Nhâm Nhi
Đam Mê Thuốc Lào Club	bold-central-flat	CT7	Nhả Khói
Xin Cho Tôi Ác	bold-central-flat	CT2	Lifey Stuff
That's Enough	bold-central-flat	CT3	Animal Circus
Sức Mạnh Càng Lớn	realistic-humor	CT0	Tuyệt Đối Điện Ảnh
Người Nện	mascot-fun	CT7	Tuyệt Đối Điện Ảnh
Mây Hăng Hái-Không Được Đánh Khách	mascot-fun	CT8	Mây Hăng Hái
I Didn't Type That	realistic-humor	CT3	Animal Circus
Frog This	bold-central-flat	CT5	Animal Circus
Be Fun Be You	bold-central-flat	CT0	Luôn Vui Tươi
Hài Và Nhiều Tiền	illustrative-humor	CT8	Love Bites
Hiền Và Nhiều Tài	illustrative-humor	CT8	Love Bites
Thiếu Nữ MI Nhon	bubble-cursive	CT4	Vịt Lisa
Kiss Me	bubble-cursive	CT0	Trơi Bời
Let's Get Beers Tonight	realistic-humor	CT10	Nhâm Nhi
Hút Ít Thôi	sans-dam-khoi-minimal	CT5	Nhâm Nhi
Trai Nịnh Vài Câu Thì Tin Sái Cổ	bold-central-flat	CT0	Lifey Stuff
Lè Nhà Lè Nhè	bold-central-flat	CT2	Lifey Stuff
Ếch Ngồi 8 Tiếng	bold-central-flat	CT1	Lifey Stuff
Có Thờ Có Thiêng Có Kiêng Vẫn Mập	realistic-humor	CT0	Lifey Stuff
Cơ Địa Đa Nghi	sans-dam-khoi-minimal	CT0	Lifey Stuff
Hú Hồn Chim Én	bold-central-flat	CT6	Đũy Mèo
I Don't Care	bold-central-flat	CT3	Đũy Mèo
Thiết Tất Cả Nhưng Thừa Cân Mèo Mèo	bubble-cursive	CT8	Đũy Mèo
Might Be Drunk	realistic-humor	CT0	Nhâm Nhi
Mây Hăng Hái-Tránh Xa 2 Tỷ Của Tui	micro-text-organized	CT8	Mây Hăng Hái
Mây Hăng Hái-Nô Lệ Tư Bản	micro-text-organized	CT8	Mây Hăng Hái
Mây Hăng Hái-Nhận Lương Được 3 Ngày	micro-text-organized	CT8	Mây Hăng Hái
Có Thể Bạn Đang Say	bold-central-flat	CT0	Nhâm Nhi
Mây Hăng Hái-Làm Một Giấc	micro-text-organized	CT8	Mây Hăng Hái
Mây Hăng Hái-Good Job Em	micro-text-organized	CT8	Mây Hăng Hái
Ở Hiền Gặp Phiền	bold-central-flat	CT1	Đũy Mèo
Đủ Rồi Đi Nhậu Thoyy	realistic-humor	CT0	Nhâm Nhi
Em Sẽ Cho Anh Một Cơ Hội Quay Đầu Là Bờ - BLOCK	script-serif	CT0	Love Bites
Riêng Tư Dành Cho Em	bold-central-flat	CT0	Love Bites
Có Con Mèo Nói Yêu Chiếc Lá	bold-central-flat	CT0	Love Bites
Thà Bỏ Phí Đời Trai	bold-central-flat	CT6	Love Bites
Tôi Và Tư Bản	micro-text-organized	CT0	Job
Mây Hăng Hái-Kệ Nhau Mà Sống	micro-text-organized	CT8	Mây Hăng Hái
Đau Lòng Làm Sao Bằng Đau Lưng	bold-central-flat	CT1	Job
Mây Hăng Hái-Đừng Rủ Tôi	micro-text-organized	CT8	Mây Hăng Hái
Mây Hăng Hái-Đang Làm Chủ	micro-text-organized	CT8	Mây Hăng Hái
Mây Hăng Hái-Cơ To	micro-text-organized	CT8	Mây Hăng Hái
Mây Hăng Hái-Chưa Một Lần Tăng Lương	micro-text-organized	CT8	Mây Hăng Hái
Ẩn Ý Gặp Để Ý	bold-central-flat	CT2	Love Bites
Cây Bi Ai	bold-central-flat	CT1	Job
Hoàn Hảo Không Chua Cay	bold-central-flat	CT0	Lifey Stuff
Sợ Pick Rồi	bold-central-flat	CT10	Pickleball
Uống Ít Thôi	sans-dam-khoi-minimal	CT5	Nhâm Nhi
Chó Tôi Sống Tốt Hơn	bold-central-flat	CT0	Animal Circus
Mèo Tôi Sống Tốt Hơn	bold-central-flat	CT0	Animal Circus
Không Thể Trở Về Bên Em	realistic-humor	CT0	Billiard
Không Thể Trở Về Bên Anh	realistic-humor	CT0	Billiard
Ba Lén Đi Bia Ôm	bold-central-flat	CT5	Nhâm Nhi
Mây Hăng Hái-Ra Nơi Có Sóng	micro-text-organized	CT8	Mây Hăng Hái
Mây Hăng Hái-Nghẹo Câu Cá	micro-text-organized	CT8	Mây Hăng Hái
Tình Yêu Màu Hồng	bold-central-flat	CT0	Lifey Stuff
Hoa Hậu	bold-central-flat	CT0	Lifey Stuff
Bỏ Làm Đi Gym	bold-central-flat	CT0	Chuyện Phòng Gym
Thú Điệu	sans-dam-khoi-minimal	CT1	Đũy Mèo
Thú Nghiểu	sans-dam-khoi-minimal	CT1	Đũy Mèo
Người Đau Lòng	bold-central-flat	CT0	Lifey Stuff
Có Say Đâu	bold-central-flat	CT5	Nhâm Nhi
Say Rồi	sans-dam-khoi-minimal	CT5	Nhâm Nhi
Anh Giấu Dép Đi	realistic-humor	CT0	Couple Goals
Mây Hăng Hái-Lương 5 Triệu	micro-text-organized	CT8	Mây Hăng Hái
Mây Hăng Hái-Lazy Day	micro-text-organized	CT8	Mây Hăng Hái
Mây Hăng Hái-Không Có Việc Gì Khó	micro-text-organized	CT8	Mây Hăng Hái
Mây Hăng Hái-Da Mặt Không Đủ Dày	micro-text-organized	CT8	Mây Hăng Hái
Mây Hăng Hái-Bạn Là Nhất	micro-text-organized	CT8	Mây Hăng Hái
No Bụng Còn Hơn	sans-dam-khoi-minimal	CT0	Đũy Mèo
Quackmire	bold-central-flat	CT4	Animal Circus
Ăn Ngon Mập Kệ	bold-central-flat	CT0	Đũy Mèo
Life Is Fun Duck You	bold-central-flat	CT4	Animal Circus
Please Look	sans-dam-khoi-minimal	CT0	Lifey Stuff
Kèo Này Khê	realistic-humor	CT10	Billiard
Girl M5	bold-central-flat	CT0	Lifey Stuff
Cơ Địa Dễ Cọc	sans-dam-khoi-minimal	CT0	Lifey Stuff
Kệ Mọe	bold-central-flat	CT5	Lifey Stuff
Một Ngày Chẳng Nắng	bold-central-flat	CT0	Couple Goals
Nữ Thần Tự Lo	illustrative-humor	CT7	Job
Yêu Cậu Nhiều	bubble-cursive	CT0	Couple Goals
Khẩu Nghiệp	bold-central-flat	CT0	Animal Circus
Đời Hơi Dở	bold-central-flat	CT0	Lifey Stuff
Cua Chống	bold-central-flat	CT2	Animal Circus
Nam Thần Tự Lo	bold-central-flat	CT0	Lifey Stuff
Mây Hăng Hái-Trẻ Người Non Stop	micro-text-organized	CT8	Mây Hăng Hái
Mây Hăng Hái-Smash It	micro-text-organized	CT8	Mây Hăng Hái
Mây Hăng Hái-Drive It	micro-text-organized	CT8	Mây Hăng Hái
Luôn Vui Tươi Basic	bold-central-flat	CT0	Luôn Vui Tươi
Luôn Matcha	bold-central-flat	CT6	Luôn Vui Tươi
Luôn Cà Phê	bold-central-flat	CT6	Luôn Vui Tươi
Luôn Bia Hơi	bold-central-flat	CT6	Luôn Vui Tươi
Joy in Bloom	bold-central-flat	CT0	Luôn Vui Tươi
Japan Vui Tươi	bold-central-flat	CT0	Luôn Vui Tươi
Tềnh Tàng	bold-central-flat	CT0	Lifey Stuff
Be Vui Tươi	bold-central-flat	CT0	Luôn Vui Tươi
Kẻ Mày, Kẻ Mắt, Kẻ Môi	sans-dam-khoi-minimal	CT7	Lifey Stuff
Save Me	bubble-cursive	CT0	Job
Hết Lòng Với Khách	bold-central-flat	CT0	Job
Yêu Chơi Đau Thiệt	bold-central-flat	CT0	Couple Goals
Vịt Lisa - Kẻ Mày, Kẻ Mắt, Kẻ Môi	bubble-cursive	CT7	Vịt Lisa
Em Đẹp Như Tranh	bubble-cursive	CT0	Couple Goals
Anh Đẹp Như Tranh	bubble-cursive	CT0	Couple Goals
Thích Thịt Bò	bold-central-flat	CT0	Lifey Stuff
I Love Billiard	realistic-humor	CT10	Billiard
Sao Đánh Toàn Thua	bold-central-flat	CT10	Pickleball
Bận Đi Pickleball	bold-central-flat	CT10	Pickleball
Cá Chép Hóa Rồ	bold-central-flat	CT5	Animal Circus
Speedup	realistic-humor	CT0	Pickleball
Nhất Quỷ Nhì Ma	vintage-badge	CT0	Job
Nạn Nhân Pickleball	realistic-humor	CT10	Pickleball
Kỳ Này Phải Đổi Vợt	realistic-humor	CT10	Pickleball
Rách Cho Sexy	script-serif	CT0	Trơi Bời
Kẻ Stalk Gặp Bà Zà	bold-central-flat	CT7	Lifey Stuff
Dog Ghi Đã Lắm	script-serif	CT0	Animal Circus
Yêu Em Hết Mực	script-serif	CT0	Love Bites
Yêu Anh Hết Mực	script-serif	CT0	Love Bites
Lô Cốt	bold-central-flat	CT0	Animal Circus
Hả	mascot-fun	CT0	Animal Circus
Lọ Vương	script-serif	CT0	Lifey Stuff
Anh Nhờ Chút Việc	sans-dam-khoi-minimal	CT0	Lifey Stuff
Một Nụ Cười Bằng Mười Thang Thuốc Bổ	halftone-retro	CT0	Nhâm Nhi
Vịt Lisa - Để Em Ra Chỗ Có Sóng	halftone-retro	CT0	Vịt Lisa
Vịt Lisa Tất Cả Là Tại Gió	halftone-retro	CT0	Job
Vịt Lisa Nãy Giờ Giỡn Thôi	halftone-retro	CT0	Job
Vịt Lisa Một Mình Anh Chấp Hết	halftone-retro	CT0	Job
Vịt Lisa Đập Cầu Vào Đầu Bạn	halftone-retro	CT0	Job
Vịt Lisa Cầu Lông Bao Nhiêu Rồi	halftone-retro	CT0	Job
Tôi Dễ Gần Nhưng Vợ Tôi Thì Không	realistic-humor	CT0	Love Bites
Gym Gym Gym	bold-central-flat	CT10	Chuyện Phòng Gym
Vịt Lisa - Thiếu Nữ Mất Ngủ	halftone-retro	CT0	Vịt Lisa
Vịt Lisa - Tập Làm Cô Tấm	halftone-retro	CT0	Job
Họ Bảo Tôi Nhạt	sans-dam-khoi-minimal	CT0	Lifey Stuff
Tán Gái Đại Cương	script-serif	CT10	Lifey Stuff
Miễn Bàn	sans-dam-khoi-minimal	CT0	Lifey Stuff
Không Làm Phiền	mascot-fun	CT0	Animal Circus
Kẻ Mạnh Không Phàn Nàn	illustrative-humor	CT0	Lifey Stuff
Khác Mẹ Cùng Ba	bubble-cursive	CT8	Nhâm Nhi
Tửu Lượng Khá	illustrative-humor	CT0	Đũy Mèo
Bạn Làm Chi Nữa	bubble-cursive	CT0	Đũy Mèo
Miễn Góp Ý	sans-dam-khoi-minimal	CT0	Lifey Stuff
Không Chỉ Trỏ	sans-dam-khoi-minimal	CT0	Lifey Stuff
Gầy Trơ Xương	sans-dam-khoi-minimal	CT0	Lifey Stuff
No Pain No Snack	sans-dam-khoi-minimal	CT10	Chuyện Phòng Gym
Không Gánh Nghiệp	sans-dam-khoi-minimal	CT0	Chuyện Phòng Gym
Ăn Trông Nồi - Ngồi Trông 5 30 PM	sans-dam-khoi-minimal	CT0	Job
Cơ Địa 6 Múi	sans-dam-khoi-minimal	CT0	Nhâm Nhi
Vịt Lisa - Không Phải Thiếu Nữ Em Thiếu Tiền	halftone-retro	CT0	Job
Nhậu Liên Tục	sans-dam-khoi-minimal	CT0	Nhâm Nhi
Justin Bia Bọt	cutout-real-image	CT4	Nhâm Nhi
Băng Rồng Xanh	halftone-retro	CT0	Nhâm Nhi
Băng Bạch Hổ	halftone-retro	CT0	Nhâm Nhi
6 Múi	sans-dam-khoi-minimal	CT0	Nhâm Nhi
Future Meets Legend	script-serif	CT0	Bóng Đá
Matcha Latte All Day	bubble-cursive	CT0	Nhâm Nhi
Lại Phải Đi Nhậu	sans-dam-khoi-minimal	CT0	Nhâm Nhi
I'm Beersexual	bubble-cursive	CT3	Nhâm Nhi
Cà Phê All Day	bubble-cursive	CT0	Nhâm Nhi
Bia Hơi All Day	bubble-cursive	CT0	Nhâm Nhi
I Just Wanna Nhậu	bubble-cursive	CT3	Nhâm Nhi
Boy Phố - Phố Hồ Tây	bubble-cursive	CT0	Love Bites
I Don't Care If She Got Red Flags - I'm A Bull	bubble-cursive	CT8	Love Bites
Lốp Trưởng Phong Cách - Yêu Em	illustrative-humor	CT0	Love Bites
Rượu Mời Không Uống Muốn Uống Bơ Tai Ghia	illustrative-humor	CT0	Nhâm Nhi
Lớn Lên Toàn Nghịch Cảnh	cutout-real-image	CT0	Lifey Stuff
Vịt Lisa - Nam Nhân Nhiều Tiền	halftone-retro	CT0	Job
Vui Tươi Signature	multicolor-vibrant	CT0	Luôn Vui Tươi
Vịt Hà Lan - How Was Your Day	bubble-cursive	CT0	Job
Vui Tươi Hub	multicolor-vibrant	CT0	Luôn Vui Tươi
Street Mood	multicolor-vibrant	CT0	Luôn Vui Tươi
Stay Cheerful	multicolor-vibrant	CT0	Luôn Vui Tươi
Vịt Lisa - Cuộc Sống Hối Hả Ai Hối Mình Vả	halftone-retro	CT0	Vịt Lisa
Retro Studios	vintage-badge	CT0	Luôn Vui Tươi
Racing Core	bold-central-flat	CT0	Luôn Vui Tươi
Luôn Vui Tươi In My Heart	multicolor-vibrant	CT0	Luôn Vui Tươi
Lucky Star	multicolor-vibrant	CT0	Luôn Vui Tươi
Iron Legacy	bold-central-flat	CT0	Luôn Vui Tươi
Ignite Spirit	bold-central-flat	CT0	Luôn Vui Tươi
Hot Streak	bold-central-flat	CT0	Luôn Vui Tươi
Holographic	bold-central-flat	CT0	Luôn Vui Tươi
Happy Spark	bold-central-flat	CT0	Luôn Vui Tươi
Grafity Style	multicolor-vibrant	CT0	Luôn Vui Tươi
Golden Hour	bold-central-flat	CT0	Luôn Vui Tươi
Gloss & Glow	bold-central-flat	CT0	Luôn Vui Tươi
Floral Day	multicolor-vibrant	CT0	Luôn Vui Tươi
Dream Studio	bold-central-flat	CT0	Luôn Vui Tươi
Chrome Edition	bold-central-flat	CT0	Luôn Vui Tươi
Aqua Vibes	bold-central-flat	CT0	Luôn Vui Tươi
Vịt Tuy Anh Không Làm Được	halftone-retro	CT0	Animal Circus
Vịt Nghiện Hít Dramma	halftone-retro	CT0	Animal Circus
Vịt Một Điều Nhịn	halftone-retro	CT0	Animal Circus
Vịt Đang Hết Tiền Nên Hơi Nóng Tính	halftone-retro	CT0	Animal Circus
Vịt Cầu Đủ KPI	halftone-retro	CT0	Animal Circus
Vịt Lisa - Ước Gì Con Người Biết Kệ Mẹ Nhau	halftone-retro	CT0	Vịt Lisa
Vịt Lisa - Gái Vùng Cao	halftone-retro	CT0	Vịt Lisa
Vịt Lisa - Cuộc Sống Hối Hả	halftone-retro	CT0	Vịt Lisa
Vịt Lisa - Ok Tôi Sai	halftone-retro	CT0	Vịt Lisa
Vịt Lisa - Thiếu Nữ Bị Cận	halftone-retro	CT0	Vịt Lisa
Vịt Lisa - Hồi Nhỏ Sợ Ma Lớn Lên Sợ Tài	halftone-retro	CT0	Vịt Lisa
Vịt Lisa - Việc Nhẹ Lương Cao	halftone-retro	CT0	Vịt Lisa
She Said M10 Or Me	bubble-cursive	CT3	Bóng Đá
Vịt Lisa - Gái Đẹp Đã Có Chồng - Chồng Chất Nỗi Đau	halftone-retro	CT0	Vịt Lisa
Vịt Trăm - Thiếu Nam Thoái Hóa Đốt Sống	halftone-retro	CT0	Animal Circus
Vịt Trăm - Việc Nhẹ Lương Cao Cao Huyết Áp	halftone-retro	CT0	Animal Circus
Vịt Trăm - Trẻ Người Non Stop	halftone-retro	CT0	Animal Circus
Đại Gia Nhà Giàu	halftone-retro	CT0	Animal Circus
Tối Đồng Cơ	bubble-cursive	CT0	Billiard
Mindset Billiard	bubble-cursive	CT0	Billiard
Cơ Thủ	bubble-cursive	CT0	Billiard
Là Vì Em	sans-dam-khoi-minimal	CT0	Lifey Stuff
Thì Tôi Lại Đau Lưng	sans-dam-khoi-minimal	CT0	Lifey Stuff
Vịt Lisa - Tôi Là Nạn Nhân Của Nhậu Không	halftone-retro	CT0	Vịt Lisa
Vịt Lisa - Không Cần Trình Độ Chỉ Cần Trời Độ	halftone-retro	CT0	Vịt Lisa
Vịt Lisa - Thích Lộn Người	halftone-retro	CT0	Vịt Lisa
Sợ Tin Nhắn	sans-dam-khoi-minimal	CT0	Job
Michelin Bền Bỉ	sans-dam-khoi-minimal	CT0	Lifey Stuff
Vịt Lisa Thiếu Nữ Chăm Chỉ - Mệt Thì Nghỉ	halftone-retro	CT0	Vịt Lisa
Lý Do Đi Làm	sans-dam-khoi-minimal	CT0	Job
Đừng Vội Cứ Từ Từ	sans-dam-khoi-minimal	CT0	Lifey Stuff
Vịt Lisa Thiếu Nữ Người Lào - Lào Gì Cũng Tôn	halftone-retro	CT0	Vịt Lisa
Bi Chưa Dừng	bubble-cursive	CT0	Billiard
Đường Cơ Anh Gỡ	bubble-cursive	CT0	Billiard
Đường Cơ Em Gỡ	bubble-cursive	CT0	Billiard
Tôi Điều Đấy	bubble-cursive	CT0	Billiard
Chữ Cái Ồ	bubble-cursive	CT0	A-Z
Thành Thạo 3 Thứ Tiếng	script-serif	CT0	Nhâm Nhi
Kích Cỡ Không Quan Trọng-Thuốc Lá	illustrative-humor	CT0	Nhả Khói
Kích Cỡ Không Quan Trọng-Điếu Cày	illustrative-humor	CT0	Nhả Khói
Hot Girlfriend	bubble-cursive	CT0	Couple Goals
Hot Boyfriend	bubble-cursive	CT0	Couple Goals
Hô Biến	sans-dam-khoi-minimal	CT0	Job
Normal Cortisol	script-serif	CT0	Lifey Stuff
Low Cortisol	script-serif	CT0	Lifey Stuff
Im Fine	sans-dam-khoi-minimal	CT3	Lifey Stuff
High Cortisol	script-serif	CT0	Lifey Stuff
No Girl Friend No Problem	bold-central-flat	CT0	Love Bites
No Boy Friend No Problem	bold-central-flat	CT0	Love Bites
Cầm Kỳ Thi Hoạ	illustrative-humor	CT0	Love Bites
Trẻ Không Chơi Già Remix	multicolor-vibrant	CT1	Trơi Bời
Gừng Càng Già Càng Bolero	multicolor-vibrant	CT1	Trơi Bời
Đôi Vớ Quá Cũ	sans-dam-khoi-minimal	CT0	Trơi Bời
Để Anh	sans-dam-khoi-minimal	CT0	Trơi Bời
Cai Lon Bo Di	sans-dam-khoi-minimal	CT5	Trơi Bời
Anh Mười Khó - Khó Để Bị Loại	mascot-fun	CT0	Bóng Đá
Vua Kéo Lưới	mascot-fun	CT0	Cầu Lông
Trai Bảo Kê	sans-dam-khoi-minimal	CT3	Love Bites
Mọi Lỗi Lầm Đều Không Ở Phía Người Đẹp	realistic-humor	CT0	Animal Circus
Gái Bảo Kệ	sans-dam-khoi-minimal	CT2	Love Bites
Em Thích Anh	sans-dam-khoi-minimal	CT0	Love Bites
Đừng Nghèo Nữa Hãy Giàu Lên	sans-dam-khoi-minimal	CT0	Animal Circus
Đỉnh Âm Bi	sans-dam-khoi-minimal	CT0	Animal Circus
Biết Là Lốp	sans-dam-khoi-minimal	CT0	Love Bites
Bỏ Việc Đi Pick	sans-dam-khoi-minimal	CT0	Vịt Lisa
Vượt Mức Pickleball	sans-dam-khoi-minimal	CT10	Vịt Lisa
Anh Em Mình Đi Uống Sinh Tố Bơ - Bơ Tai Ghia	sans-dam-khoi-minimal	CT6	Nhâm Nhi
Em Thích Buổi Tối Không	sans-dam-khoi-minimal	CT0	Lifey Stuff
Nâng Được 50 Kí Sắt - Nhưng Không Giữ Nổi 50 Kí Thịt	realistic-humor	CT0	Chuyện Phòng Gym
Bài Hát Tạm Biệt Kây Pi Ai	sans-dam-khoi-minimal	CT3	Job
Cột Sống Văn Phòng Meme Chú Vịt	multicolor-vibrant	CT3	Job
LỐP	sans-dam-khoi-minimal	CT0	Lifey Stuff
Sắp Gầy Rồi Mèo Béo	mascot-fun	CT0	Đũy Mèo
He Loves CR7	sans-dam-khoi-minimal	CT3	Bóng Đá
Anh Em Mình Không Nhất Không Nhì Chỉ Ba Thôi	realistic-humor	CT0	Nhâm Nhi
Thích Chai Nhưng Chọn Lon, Ly	sans-dam-khoi-minimal	CT6	Nhâm Nhi
Giải Sầu	realistic-humor	CT0	Nhả Khói
Nội Quy Ăn Nhậu	sans-dam-khoi-minimal	CT9	Nhâm Nhi
Bộ Tứ Báo Thủ	mascot-fun	CT7	Bóng Đá
Mệnh Thuỷ	mascot-fun	CT0	Nhâm Nhi
Mệnh Thổ	mascot-fun	CT0	Nhâm Nhi
Mệnh Mộc	mascot-fun	CT0	Nhâm Nhi
Mệnh Kim	mascot-fun	CT0	Nhâm Nhi
Mệnh Hoả	mascot-fun	CT0	Nhâm Nhi
Bao Thuốc Đâu	sans-dam-khoi-minimal	CT0	Nhả Khói
Mở Cái Lon	sans-dam-khoi-minimal	CT0	Nhâm Nhi
Nốt Điếu	sans-dam-khoi-minimal	CT0	Nhả Khói
Eat Eat Eat	sans-dam-khoi-minimal	CT3	Lifey Stuff
Don't Miss Me	sans-dam-khoi-minimal	CT3	Lifey Stuff
Sắp Nghỉ Việc	sans-dam-khoi-minimal	CT0	Job
Kylian M3P	mascot-fun	CT3	Bóng Đá
Thiếu Nữ Đẹp Tuyệt Vời	sans-dam-khoi-minimal	CT0	Vịt Lisa
Gọi Em Là Cô Gái Cầm Kỳ Thi Họa	sans-dam-khoi-minimal	CT0	Love Bites
Badminton Tại Đèn Chói Quá	mascot-fun	CT10	Cầu Lông
Badminton In Hay Out	mascot-fun	CT3	Cầu Lông
Camel Dưa Hấu	sans-dam-khoi-minimal	CT6	Nhả Khói
Bỏ Nhậu Rồi - Nhưng Chưa Bỏ Bốc Phét	sans-dam-khoi-minimal	CT0	Nhâm Nhi
Silent Treatment là Một Sai Lầm Chết Mình	sans-dam-khoi-minimal	CT0	Đũy Mèo
Những Lời Khiến Người Khác Tổn Thương	sans-dam-khoi-minimal	CT0	Đũy Mèo
Có Công Ăn Vặt	sans-dam-khoi-minimal	CT9	Đũy Mèo
Lao Động Là Vinh Quang	sans-dam-khoi-minimal	CT0	Đũy Mèo
Em Hết Tiền Ùi	sans-dam-khoi-minimal	CT0	Đũy Mèo
Gắn Bó Với Công Ty	sans-dam-khoi-minimal	CT0	Job
Em Đừng Làm Giá	sans-dam-khoi-minimal	CT0	Trơi Bời
Tuy Nghèo Nhưng Kèo Nào Cũng Chốt	sans-dam-khoi-minimal	CT0	Vịt Lisa
Em Dỗi Rồi Anh Cook Đi	sans-dam-khoi-minimal	CT5	Love Bites
Có Không Giữ Mất Hỏi Mẹ	sans-dam-khoi-minimal	CT0	Animal Circus
Không Danh Không Phận	sans-dam-khoi-minimal	CT0	Love Bites
Tuy Em Da Đen	sans-dam-khoi-minimal	CT0	Trơi Bời
Thiếu Nữ Nhiều Tiền	sans-dam-khoi-minimal	CT0	Job
Ra Biển Tìm Cá	sans-dam-khoi-minimal	CT10	Thèm Đi Biển
Biết Thì Thưa Thì Thốt	sans-dam-khoi-minimal	CT0	Trơi Bời
Tấm Quan Đeo	sans-dam-khoi-minimal	CT0	Lifey Stuff
Đi Làm Vì Đam Mê	sans-dam-khoi-minimal	CT0	Job
Bán Mình Cho Tư Bản	sans-dam-khoi-minimal	CT0	Job
Im Not CR7	sans-dam-khoi-minimal	CT3	Bóng Đá
Im Not Eminem	sans-dam-khoi-minimal	CT3	Love Bites
We Dont Talk Anymore	sans-dam-khoi-minimal	CT3	Love Bites
Đứa Trẻ Vô Tư Năm Ấy Giờ Vô Sản	sans-dam-khoi-minimal	CT0	Lifey Stuff
Đi Lầm Đừng Đi Làm	sans-dam-khoi-minimal	CT0	Trơi Bời
Của Bền Tại Nghèo	sans-dam-khoi-minimal	CT0	Animal Circus
Có Hiếu Với Trai	sans-dam-khoi-minimal	CT0	Trơi Bời
Lạc Lối	sans-dam-khoi-minimal	CT0	Trơi Bời
Ham Sống Sợ Stress	sans-dam-khoi-minimal	CT0	Đũy Mèo
Làm Vì Đam Mê	sans-dam-khoi-minimal	CT0	Đũy Mèo
Muốn Đi Chơi Nhưng Nghèo	sans-dam-khoi-minimal	CT0	Đũy Mèo
Bình Tĩnh Bản Lĩnh	sans-dam-khoi-minimal	CT0	Bóng Đá
Thua Thì Nín	sans-dam-khoi-minimal	CT0	Trơi Bời
Sống Sao Cũng được	sans-dam-khoi-minimal	CT0	Trơi Bời
Sáng Phải Rống	sans-dam-khoi-minimal	CT0	Trơi Bời
Cứ Từ Từ Bình Tĩnh Thôi Em Ơi	sans-dam-khoi-minimal	CT0	Bóng Đá
Các Anh Tao Đấy	sans-dam-khoi-minimal	CT0	Bóng Đá
Nữ/ Áo Polo Nam Sóng Đánh Tụt Quần	cutout-real-image	CT0	Thèm Đi Biển
Nữ/ Áo Polo Nam Cá Mập Đến	cutout-real-image	CT0	Thèm Đi Biển
Nữ/ Áo Polo Nam Cá Ngừ Lớn	cutout-real-image	CT0	Thèm Đi Biển
Nữ/ Áo Polo Nam Đi Biển Tìm Cá	cutout-real-image	CT0	Thèm Đi Biển
Nữ/ Áo Polo Nam Rùa Biển	cutout-real-image	CT0	Thèm Đi Biển
Nữ/ Áo Polo Nam Bỏ Việc Ra Biển	cutout-real-image	CT0	Thèm Đi Biển
Hãy Thả Tôi Về Biển	cutout-real-image	CT0	Thèm Đi Biển
Nữ/ Áo Polo Nam Đem Chuyện Ra Khơi	cutout-real-image	CT0	Thèm Đi Biển
Nữ/ Áo Polo Nam Người Con Của Biển	cutout-real-image	CT0	Thèm Đi Biển
Nữ/ Áo Polo Nam Thèm Đi Biển	cutout-real-image	CT0	Thèm Đi Biển
Nữ/ Áo Polo Nam Hãy Thả Tôi Về Với Biển	cutout-real-image	CT0	Thèm Đi Biển
Nữ/ Áo Polo Nam Biển Xanh	cutout-real-image	CT0	Thèm Đi Biển
Nữ/ Áo Polo Nam Hè Về Rồi	cutout-real-image	CT0	Thèm Đi Biển
Nữ/ Áo Polo Nam Sea Horse	cutout-real-image	CT0	Thèm Đi Biển
Nữ/ Áo Polo Nam Quay Đầu Là Biển	cutout-real-image	CT0	Thèm Đi Biển
Em Búp Bê Ninja Rùa	bubble-cursive	CT0	Bóng Đá
Em làm Gì Để Bụng Đâu	sans-dam-khoi-minimal	CT0	Animal Circus
Chó Là Bạn Đếch Phải Tui	sans-dam-khoi-minimal	CT0	Animal Circus
Nguyễn Văn Mười	mascot-fun	CT9	Bóng Đá
Thiếu Nữ Đau Cột Sống	realistic-humor	CT0	Job
Nguyễn Văn Messi	mascot-fun	CT9	Bóng Đá
Bỏ Ăn Vặt Rồi	sans-dam-khoi-minimal	CT0	Lifey Stuff
Bỏ Thuốc Rồi	sans-dam-khoi-minimal	CT0	Nhả Khói
Bỏ Cà Phê Rồi	sans-dam-khoi-minimal	CT0	Nhâm Nhi
Ngẫn Thị Hâm	sans-dam-khoi-minimal	CT0	Lifey Stuff
Lừa Nhau	sans-dam-khoi-minimal	CT0	Lifey Stuff
Hết Ca Em Về	sans-dam-khoi-minimal	CT0	Nhâm Nhi
Hết Ca Anh Về	sans-dam-khoi-minimal	CT0	Nhâm Nhi
Chốt Đơn Đi	sans-dam-khoi-minimal	CT0	Lifey Stuff
Sài Gòn Dưa	sans-dam-khoi-minimal	CT0	Nhả Khói
Sai Gon Melon	sans-dam-khoi-minimal	CT3	Nhả Khói
Người Có Thể Bao Dung	sans-dam-khoi-minimal	CT0	Lifey Stuff
Vạn Sự Khởi Đầu Nan	sans-dam-khoi-minimal	CT0	Job
Anh Tập Tạ Để Có Cơ	sans-dam-khoi-minimal	CT0	Đũy Mèo
Monalisa Mãi Nghe Lời Sếp	sans-dam-khoi-minimal	CT0	Vịt Lisa
Vịt Lisa - Thiếu Nữ Đau Vai Gáy	realistic-humor	CT0	Job
Có Thờ Có Thiêng Có Ăn Kiêng Nhưng Vẫn Mập	realistic-humor	CT6	Đũy Mèo
I'm Not Rihanna	sans-dam-khoi-minimal	CT3	Love Bites
Anh Em MÌnh Cứ Tềnh Tàng Thế Thôi Hà Hà Hà	bubble-cursive	CT0	Nhâm Nhi
Gọi Em Là Chúa Hề	mascot-fun	CT7	Animal Circus
Đám Muốn Đi Lèo	illustrative-humor	CT2	Job
Mật Mã Đi Nhậu	sans-dam-khoi-minimal	CT4	Nhâm Nhi
Rượu Mời Không Uống	halftone-retro	CT4	Nhâm Nhi
Nhậu Không	halftone-retro	CT0	Nhâm Nhi
Người Toàn Cà Phê	illustrative-humor	CT2	Nhâm Nhi
Người Chọn Đi Nhậu	illustrative-humor	CT0	Nhâm Nhi
Nạn Nhân Của Nhậu Hong	illustrative-humor	CT4	Nhâm Nhi
Đừng Rủ Nhậu Sợ Vui	bubble-cursive	CT4	Nhâm Nhi
Người Nghẹo Trà Cúc	illustrative-humor	CT2	Nhâm Nhi
Hai Cốt Tê	cutout-real-image	CT2	Nhâm Nhi
Giờ Đi Nhậu	halftone-retro	CT0	Nhâm Nhi
Đơn Xin Nghỉ Nhậu	vintage-badge	CT9	Nhâm Nhi
Đô Trưởng	halftone-retro	CT1	Nhâm Nhi
Chưa Xỉn	halftone-retro	CT0	Nhâm Nhi
Đô Bất Tử	halftone-retro	CT0	Nhâm Nhi
Công Thức Tỉnh Táo	sans-dam-khoi-minimal	CT10	Nhâm Nhi
Coffee Time	mascot-fun	CT0	Nhâm Nhi
Ai Say Thì Khiêng Về	sans-dam-khoi-minimal	CT3	Nhâm Nhi
Thiếu Tất Cả Nhưng Thừa Cân Mèo Cam	mascot-fun	CT7	Đũy Mèo
MEW AAAAAA	mascot-fun	CT3	Đũy Mèo
Sếp Cho Em Xin Nghỉ Đi Đám	vintage-badge	CT0	Job
Cái Quần Què	script-serif	CT4	Lifey Stuff
Wanna Be My Cardio	cutout-real-image	CT3	Chuyện Phòng Gym
Thể Dục Thể Thao	halftone-retro	CT0	Chuyện Phòng Gym
Ra Đường Thần Nể Mỗi Sếp	mascot-fun	CT1	Job
Anh Em Mình Cứ Tềnh Tàng Thế Thôi He He He	bubble-cursive	CT0	Nhâm Nhi
Đừng Vụt Vào Đầu Meow	bubble-cursive	CT5	Cầu Lông
Bị Overthinking Nhưng Xài Tiền Thì Neverthinking	halftone-retro	CT0	Lifey Stuff
Nói Ra Hơi Ngại	bubble-cursive	CT0	Đũy Mèo
Thích Đi Làm	halftone-retro	CT0	Job
Việc Nhiều Tiền	halftone-retro	CT0	Job
Cưng Lại Đang Bốc Phét Về Chụy À	bubble-cursive	CT0	Lifey Stuff
Quá Lười Để Đi Làm Nhưng Quá Nghèo Để Nghỉ	halftone-retro	CT0	Job
Ước Mơ Làm Công Chúa	cutout-real-image	CT0	Đũy Mèo
Em Bé Mew	mascot-fun	CT0	Đũy Mèo
Mọi Chuyện Rồi Cũng Sẽ Như Cức Thôi	bubble-cursive	CT4	Lifey Stuff
Hữu Duyên Bình Luận	halftone-retro	CT0	Lifey Stuff
Dù Gái Hay Trai Sống Sai Ảy Chỉa	halftone-retro	CT5	Lifey Stuff
Mình Tệ Vl	halftone-retro	CT0	Lifey Stuff
Không Hề Đánh Giá	halftone-retro	CT0	Animal Circus
Nãy Giờ Giỡn Thôi Bây Giờ Mới Đánh Thiệt Nè	bubble-cursive	CT0	Cầu Lông
Mập Kệ Tao	mascot-fun	CT4	Đũy Mèo
Rượu Vào Lời Ra	mascot-fun	CT2	Đũy Mèo
Bồ Gô Sịp Bồ	illustrative-humor	CT2	Love Bites
Hội Anh Em Đồng Nghiệp - Tạo Nghiệp Cùng Nhau	mascot-fun	CT7	Job
Ừ Chả Sao	halftone-retro	CT0	Lifey Stuff
Việc Nhà Mày À	halftone-retro	CT3	Animal Circus
Khôn Nhà Dại Trai	bubble-cursive	CT4	Lifey Stuff
Đủ Rồi Để Tao Yên Text	bubble-cursive	CT0	Lifey Stuff
Nhẹ Tay Thôi Em Trình Newbie	halftone-retro	CT0	Cầu Lông
Làm Kèo 2 Chai Rì Vai	bubble-cursive	CT0	Cầu Lông
It's Not My Fault, There Is A Hole In My Racket	mascot-fun	CT3	Cầu Lông
Cục Vàng	cutout-real-image	CT6	Lifey Stuff
Căng Thế	halftone-retro	CT0	Lifey Stuff
Tiếp Đi Em Còn Chịu Được	halftone-retro	CT0	Job
Trai Đẹp Việt Nam	halftone-retro	CT0	Lifey Stuff
Đánh Trượt Ra Thủ	script-serif	CT10	Billiard
Người Yêu Cũ	halftone-retro	CT0	Love Bites
Smash To Die	cutout-real-image	CT0	Cầu Lông
Drive Nữa	halftone-retro	CT0	Pickleball
Dink Nữa	halftone-retro	CT0	Pickleball
Bỏ Dink Để Drink	halftone-retro	CT2	Pickleball
Bỏ Pick Rồi	halftone-retro	CT0	Pickleball
Đừng Rủ Pick	halftone-retro	CT0	Pickleball
Nhớ Lần Em Sốt	halftone-retro	CT0	Lifey Stuff
Nôn Vào Đầm	halftone-retro	CT0	Nhâm Nhi
Khôn Nhà Dại Gái	bubble-cursive	CT1	Lifey Stuff
Kệ Mẹ Tao	bubble-cursive	CT4	Lifey Stuff
Discord Mess	halftone-retro	CT0	Lifey Stuff
Vò Tờ Giấy Đừng Giày Vò Tớ	halftone-retro	CT0	Love Bites
Ôm Tiền Thì Ấm	halftone-retro	CT0	Job
Tôi Có Một Đứa Bạn	halftone-retro	CT0	Lifey Stuff
Bự Chà Bá Zậy Nè	mascot-fun	CT0	Đũy Mèo
Thấy Người Yếu	halftone-retro	CT0	Love Bites
Nói Chậm Rất Duyên	halftone-retro	CT0	Lifey Stuff
Cầu Mình Cận	halftone-retro	CT0	Love Bites
Quá Nhớ Tôi Tối Nhớ Qua	halftone-retro	CT0	Love Bites
Thương Em Đến Già	halftone-retro	CT0	Love Bites
Kệ Mẹ Nhau	bubble-cursive	CT4	Lifey Stuff
Đèo Mẹ	bubble-cursive	CT4	Lifey Stuff
Tình Hình Tài Chính	halftone-retro	CT0	Lifey Stuff
Tài Lẻ	halftone-retro	CT0	Love Bites
Miệng Kệ Bụng Để	halftone-retro	CT0	Đũy Mèo
Tuổi Ăn Học	halftone-retro	CT0	Tuổi Ăn Học
Mệt Mỏi Vì Quá Học Giỏi	halftone-retro	CT0	Tuổi Ăn Học
Đơn Xin Phép Nghỉ Học	vintage-badge	CT0	Tuổi Ăn Học
Bản Kiểm Điểm	vintage-badge	CT0	Tuổi Ăn Học
Áp Dụng Công Thức Là Ra	halftone-retro	CT0	Tuổi Ăn Học
Có Công Mài Sắt Có Ngày Em Yêu	halftone-retro	CT0	Love Bites
Chủ Nào Tớ Nấy	illustrative-humor	CT0	Job
Tan Làm Sớm Là Được	halftone-retro	CT0	Lifey Stuff
Cần Cù Bù OT	halftone-retro	CT0	Job
Kẻ Hay Ho Sống Tình Cảm	mascot-fun	CT0	Nhả Khói
Hang Quỷ Đỏ	illustrative-humor	CT0	Bóng Đá
Việt Style	illustrative-humor	CT0	Yêu Nước
Vải Chưởng	bubble-cursive	CT6	Fruitland
Tự Hào Việt Nam	illustrative-humor	CT0	Yêu Nước
Trẩy Hội	cutout-real-image	CT0	Yêu Nước
Tỉnh Táo	halftone-retro	CT6	Fruitland
Tinh Hoa Đất Việt	illustrative-humor	CT0	Yêu Nước
Táo Dai	halftone-retro	CT6	Fruitland
Sprite Shit	script-serif	CT0	Fruitland
Quả Lọ	cutout-real-image	CT6	Fruitland
Nỗi Sầu Riêng	bubble-cursive	CT6	Fruitland
Nho Nhã	halftone-retro	CT6	Fruitland
Người Việt	illustrative-humor	CT0	Yêu Nước
Não Lon	bubble-cursive	CT6	Fruitland
Mãn Nhãn	halftone-retro	CT0	Fruitland
Lạc Trôi	halftone-retro	CT2	Fruitland
Dòng Máu Lạc Hồng	illustrative-humor	CT0	Yêu Nước
Đây Là Quả Táo	halftone-retro	CT6	Fruitland
Dâu Trăm Họ	script-serif	CT0	Fruitland
Đào Hoa	halftone-retro	CT6	Fruitland
Apple A Day	cutout-real-image	CT3	Fruitland
Cam Mười Tú	illustrative-humor	CT6	Yêu Nước
Yêu Em Bé	halftone-retro	CT0	Love Bites
Bưởi Ngoại Cỡ	halftone-retro	CT6	Fruitland
Bơ Đi Mà Sống	halftone-retro	CT6	Fruitland
Bỉ Ổi	bubble-cursive	CT6	Fruitland
Anh Em Cây Khế	bubble-cursive	CT6	Fruitland
Dừa Lòng	bubble-cursive	CT6	Fruitland
Xoài Non	bubble-cursive	CT6	Fruitland
Vải Lon	bubble-cursive	CT6	Fruitland
Vải Cá Lợn Lươn	bubble-cursive	CT6	Fruitland
Thơm Lon	bubble-cursive	CT6	Fruitland
Sợ Quá Cơ	bubble-cursive	CT0	Fruitland
Quả Táo	bubble-cursive	CT6	Fruitland
Quả Dừa	bubble-cursive	CT6	Fruitland
Quả Dưa Hấu	bubble-cursive	CT6	Fruitland
Quả Dâu	bubble-cursive	CT6	Fruitland
Quả Chuối	bubble-cursive	CT6	Fruitland
Quả Chanh	bubble-cursive	CT6	Fruitland
Quả Bơ	bubble-cursive	CT6	Fruitland
Quả Báo	bubble-cursive	CT6	Fruitland
Liễu Yếu Đào To	bubble-cursive	CT1	Fruitland
Không Làm Mà Đòi Có Ăn Thì Ăn Cải Đậu Bưởi	bubble-cursive	CT1	Fruitland
Khoai Tơ Ngon Cực	bubble-cursive	CT1	Fruitland
Khá Quá Nhở	bubble-cursive	CT0	Fruitland
Hoa Quả Hài Hước Vải Cá Lợn	bubble-cursive	CT1	Fruitland
Hoa Quả Cải Lon Ma	bubble-cursive	CT1	Fruitland
Hãy Để Củ Tỏi Yên	bubble-cursive	CT1	Fruitland
Hành Tỏi Cam Chịu	bubble-cursive	CT1	Fruitland
Hành Tây	bubble-cursive	CT6	Fruitland
Fruit Universe	bubble-cursive	CT0	Fruitland
Dừa Lon	bubble-cursive	CT6	Fruitland
Cu Toi Rat Ngon	bubble-cursive	CT0	Fruitland
Củ Tỏi Nung Qua	bubble-cursive	CT0	Fruitland
Cỏ Cải Đậu Bưởi Táo	bubble-cursive	CT1	Fruitland
Cỏ Cải Lon	bubble-cursive	CT1	Fruitland
Cỏ Cải Đậu Bưởi Táo Lê	bubble-cursive	CT1	Fruitland
Có Cái Củ Lợn	bubble-cursive	CT0	Fruitland
Cherry Lon	bubble-cursive	CT1	Fruitland
Cầu Dừa Đủ Qua Môn	bubble-cursive	CT1	Fruitland
Bận Yêu Nước	sans-dam-khoi-minimal	CT0	Yêu Nước
Cam Lon	bubble-cursive	CT6	Fruitland
Yêu Nước Vietnamese Girl	sans-dam-khoi-minimal	CT3	Yêu Nước
Yêu Nước Việt Nam	sans-dam-khoi-minimal	CT3	Yêu Nước
Yêu Nước Tôi Yêu Tổ Quốc Tôi	sans-dam-khoi-minimal	CT3	Yêu Nước
Yêu Nước Thanh Niên Yêu Nước Vô Cùng	sans-dam-khoi-minimal	CT3	Yêu Nước
Yêu Nước Máu Đỏ Da Vàng	sans-dam-khoi-minimal	CT3	Yêu Nước
Yêu Nước Made In Vietnam 2	sans-dam-khoi-minimal	CT3	Yêu Nước
Yêu Nước Made In Vietnam 1	sans-dam-khoi-minimal	CT3	Yêu Nước
Yêu Nước Lao Động Là Vinh Quang	sans-dam-khoi-minimal	CT3	Yêu Nước
Yêu Nước Khiêm Tốn - Thật Thà - Dũng Cảm	sans-dam-khoi-minimal	CT3	Yêu Nước
Yêu Nước Học Tập Tốt , Lao Động Tốt	sans-dam-khoi-minimal	CT3	Yêu Nước
Yêu Nước Giữ Gìn Vệ Sinh Thật Tốt	sans-dam-khoi-minimal	CT3	Yêu Nước
Yêu Nước Độc Lập - Tự Do - Hạnh Phúc	sans-dam-khoi-minimal	CT3	Yêu Nước
Vietnamese Boy	sans-dam-khoi-minimal	CT3	Yêu Nước
Trôn Trôn Việt Nam	sans-dam-khoi-minimal	CT0	Yêu Nước
Yêu Nước Yêu Tổ Quốc, Yêu Đồng Bào	sans-dam-khoi-minimal	CT3	Yêu Nước
Yêu Nước Đoàn Kết Tốt , Kỷ Luật Tốt	sans-dam-khoi-minimal	CT3	Yêu Nước
Việt Nam Quê Hương	sans-dam-khoi-minimal	CT3	Yêu Nước
Quyết Chiến Thắng	sans-dam-khoi-minimal	CT3	Yêu Nước
Pho Dac Biet	sans-dam-khoi-minimal	CT0	Yêu Nước
Relax	script-serif	CT0	Lifey Stuff
Cho Anh Làm Quen	sans-dam-khoi-minimal	CT0	Bóng Rổ
It's Banh Mi Time	mascot-fun	CT3	Yêu Nước
Bầu Trời Việt Nam	sans-dam-khoi-minimal	CT3	Yêu Nước
Bầu Trời Thủ Đô	sans-dam-khoi-minimal	CT3	Yêu Nước
Anh Iu Nói Gì Cũng Đúng	sans-dam-khoi-minimal	CT0	Couple Goals
Em Iu Nói Gì Cũng Đúng	sans-dam-khoi-minimal	CT0	Couple Goals
Your Mum Is My Cardio	bold-central-flat	CT3	Chuyện Phòng Gym
Your Dad Is My Cardio	bold-central-flat	CT3	Chuyện Phòng Gym
Wake	bold-central-flat	CT0	Chuyện Phòng Gym
Need Money For Protein	bold-central-flat	CT0	Chuyện Phòng Gym
Lifting Things	bold-central-flat	CT0	Chuyện Phòng Gym
Gymrat Lover	bold-central-flat	CT0	Chuyện Phòng Gym
Thêm Phát Nữa Đi Em	bold-central-flat	CT0	Chuyện Phòng Gym
Không Đau Không Cơ Bắp	bold-central-flat	CT0	Chuyện Phòng Gym
Tiền Đình	script-serif	CT0	Lifey Stuff
Suy Nghĩ	script-serif	CT0	Lifey Stuff
No Girlfriend	sans-dam-khoi-minimal	CT0	Couple Goals
No Boyfriend	sans-dam-khoi-minimal	CT0	Couple Goals
My Girl Friend Dep Vcl	sans-dam-khoi-minimal	CT0	Couple Goals
My Boy Friend Dep Zai Vcl	sans-dam-khoi-minimal	CT0	Couple Goals
Top Mạnh Nhất	sans-dam-khoi-minimal	CT0	Đời Game Thủ
Nốt Ván Rồi Đi Ngủ	sans-dam-khoi-minimal	CT0	Đời Game Thủ
Bot Mạnh Nhất	sans-dam-khoi-minimal	CT0	Đời Game Thủ
Mid Mạnh Nhất	sans-dam-khoi-minimal	CT0	Đời Game Thủ
Auto Min	sans-dam-khoi-minimal	CT0	Đời Game Thủ
Hở Là Nhắn Chắc Hẳn Là Nhớ	sans-dam-khoi-minimal	CT0	Đũy Mèo
Sung Sức	bubble-cursive	CT6	Fruitland
Thơm Thor	bubble-cursive	CT1	Fruitland
Winner Winner Chicken Dinner	multicolor-vibrant	CT0	Đời Game Thủ
Top 1 Winner	multicolor-vibrant	CT0	Đời Game Thủ
Slay Demacia	multicolor-vibrant	CT0	Đời Game Thủ
Slay Boss	multicolor-vibrant	CT0	Đời Game Thủ
Quấn Quýt	bubble-cursive	CT0	Fruitland
Siêu Thú	sans-dam-khoi-minimal	CT0	Đời Game Thủ
Truyền Matcha	sans-dam-khoi-minimal	CT0	Nhâm Nhi
Phá Đảo	sans-dam-khoi-minimal	CT0	Đời Game Thủ
Truyền Cà Phê	sans-dam-khoi-minimal	CT0	Nhâm Nhi
Only Teamfight Tactics	sans-dam-khoi-minimal	CT0	Đời Game Thủ
Only League Of Legends	sans-dam-khoi-minimal	CT0	Đời Game Thủ
Only Aram	sans-dam-khoi-minimal	CT0	Đời Game Thủ
Need Money For Reroll	sans-dam-khoi-minimal	CT0	Đời Game Thủ
My Life	sans-dam-khoi-minimal	CT0	Đời Game Thủ
Mơ Màng	bubble-cursive	CT0	Fruitland
Mít Ướt	bubble-cursive	CT0	Fruitland
Mission Passed	sans-dam-khoi-minimal	CT0	Đời Game Thủ
Mecha	sans-dam-khoi-minimal	CT0	Đời Game Thủ
Mấy Con Gà Thì Biết Gì	sans-dam-khoi-minimal	CT0	Đời Game Thủ
Lựu Đạn	bubble-cursive	CT0	Fruitland
Lũ Ngựa Ép Tôi	sans-dam-khoi-minimal	CT0	Đời Game Thủ
Lê Latte	bubble-cursive	CT0	Fruitland
Jungler I Like Bushes	sans-dam-khoi-minimal	CT0	Đời Game Thủ
Jinx Quậy Banh Nóc	sans-dam-khoi-minimal	CT0	Đời Game Thủ
GTA Hai Phong City	sans-dam-khoi-minimal	CT0	Đời Game Thủ
Faker Is Calling	sans-dam-khoi-minimal	CT0	Đời Game Thủ
Ez Game	sans-dam-khoi-minimal	CT0	Đời Game Thủ
Diệt Khổng Lồ Ánh Sáng	sans-dam-khoi-minimal	CT0	Đời Game Thủ
Đậu Má	sans-dam-khoi-minimal	CT0	Fruitland
Cóc Có Tin	bubble-cursive	CT0	Fruitland
Chú Bé Tê Liệt	sans-dam-khoi-minimal	CT0	Đời Game Thủ
Cái Đồ Óc Chó	bubble-cursive	CT0	Fruitland
Best Yasuo	sans-dam-khoi-minimal	CT0	Đời Game Thủ
Bầu Đuồi	bubble-cursive	CT0	Fruitland
Aram Is My Ranked	sans-dam-khoi-minimal	CT0	Đời Game Thủ
You High	sans-dam-khoi-minimal	CT3	Nhả Khói
Xoay Vòng	bold-central-flat	CT0	Nhả Khói
Xì Ke	sans-dam-khoi-minimal	CT5	Nhả Khói
Vòng Lặp Phê La	realistic-humor	CT3	Nhả Khói
All Random All Mid	script-serif	CT10	Đời Game Thủ
5 Tiền 3 Sao	script-serif	CT10	Đời Game Thủ
3 Vương Miện	script-serif	CT10	Đời Game Thủ
Ah Shit Here We Go Again	script-serif	CT4	Đời Game Thủ
Nôn Vào Dày	realistic-humor	CT5	Nhâm Nhi
Hội Người Lương Thấp	script-serif	CT7	Job
Say Đâu	realistic-humor	CT5	Nhâm Nhi
No Drunk No Frined	realistic-humor	CT3	Nhâm Nhi
Bơi Hia	sans-dam-khoi-minimal	CT2	Nhâm Nhi
Chồng Chất Deadline	illustrative-humor	CT0	Job
She Loves EXO	script-serif	CT3	Băng Đĩa Hải Ngoại
She Loves Jungkook	script-serif	CT3	Băng Đĩa Hải Ngoại
Vịt Xả Stress	mascot-fun	CT0	Nhả Khói
Top Tier Mùa 17	script-serif	CT10	Đời Game Thủ
Top Tier	script-serif	CT0	Đời Game Thủ
Tom Smoker	mascot-fun	CT4	Nhả Khói
Tòa Sao Hiểu Được	script-serif	CT9	Đời Game Thủ
Tòa Không Chơi Mùa 17	script-serif	CT9	Đời Game Thủ
Time To Go Home	realistic-humor	CT0	Nhả Khói
The Groove	realistic-humor	CT0	Nhả Khói
Stay Home Get High	realistic-humor	CT0	Nhả Khói
Stay High	realistic-humor	CT0	Nhả Khói
Sống Lương Thiện	realistic-humor	CT0	Nhả Khói
Snoop Dogg THC	bold-central-flat	CT4	Nhả Khói
Người Ngoài Lang Thang	bold-central-flat	CT7	Nhả Khói
Người Nghẹo Thuốc Lào	bold-central-flat	CT7	Nhả Khói
Người Hay Ho	bold-central-flat	CT7	Nhả Khói
Người Có Sức Hút Thuốc Lào	bold-central-flat	CT7	Nhả Khói
Người Có Sức Hút	bold-central-flat	CT7	Nhả Khói
Nghẹo Thủ	sans-dam-khoi-minimal	CT7	Đời Game Thủ
Nghẹo Thủ Mùa 17	sans-dam-khoi-minimal	CT7	Đời Game Thủ
Marihuanix	halftone-retro	CT0	Nhả Khói
I Just Got A Cigarette	realistic-humor	CT3	Nhả Khói
Happy Time	realistic-humor	CT0	Nhả Khói
Bay Cao Dunk Mạnh	multicolor-vibrant	CT5	Bóng Rổ
Slam Dunk	multicolor-vibrant	CT4	Bóng Rổ
Gọi Cho Em	realistic-humor	CT0	Nhả Khói
Gọi Cho Anh	realistic-humor	CT0	Nhả Khói
Dont Panic	realistic-humor	CT3	Nhả Khói
Don't Do Drug	bold-central-flat	CT3	Nhả Khói
Co Ke	bubble-cursive	CT3	Nhả Khói
Chill Long	bold-central-flat	CT0	Nhả Khói
Bữa Sáng	bold-central-flat	CT0	Nhả Khói
Em Xinh Không Dink	realistic-humor	CT3	Nhâm Nhi
Đep Trai Không Drive	realistic-humor	CT3	Nhâm Nhi
Sự Nuông Chiều Tạo Ra Kẻ Anh Ơi	script-serif	CT4	Love Bites
Anh Ơi	script-serif	CT0	Love Bites
Đẹp và dam-dang	bubble-cursive	CT4	Trơi Bời
Sống Để Bụng Stress Mang Theo	realistic-humor	CT0	Lifey Stuff
Cỏ Cải Đậu Bưởi	script-serif	CT6	Fruitland
Chị Ngã Em Nâng	bold-central-flat	CT7	Đũy Mèo
Xin Em Đừng Lốp	script-serif	CT3	Pickleball
Xin Anh Đừng Lốp	script-serif	CT3	Pickleball
Sếp Đã Nói Vậy	illustrative-humor	CT0	Job
Trầm Tính Ít Nói	illustrative-humor	CT0	Lifey Stuff
Lê Late	mascot-fun	CT0	Fruitland
Airball	bold-central-flat	CT0	Bóng Rổ
Show Me	bold-central-flat	CT0	Bóng Rổ
Boy Baller	mascot-fun	CT0	Bóng Rổ
Goat Lebron	mascot-fun	CT4	Bóng Rổ
Goat Jordan	mascot-fun	CT4	Bóng Rổ
Em Ném Đi Đâu Thế	bubble-cursive	CT0	Bóng Rổ
Vua Ném 3	bold-central-flat	CT0	Bóng Rổ
Baller Menu	bold-central-flat	CT0	Bóng Rổ
DNA Basketball	bold-central-flat	CT0	Bóng Rổ
Basketball Is My Heartbeat	script-serif	CT0	Bóng Rổ
Basketball	bold-central-flat	CT0	Bóng Rổ
Shoot It To Death	bold-central-flat	CT0	Bóng Rổ
Les Parisiens	mascot-fun	CT0	Bóng Đá
Để Mai Tính	bold-central-flat	CT0	Lifey Stuff
Trụ Cột	bold-central-flat	CT0	Couple Goals
Somebody Problem	bold-central-flat	CT0	Couple Goals
Quay Đầu Là Gối	realistic-humor	CT0	Lifey Stuff
Somebody	bold-central-flat	CT0	Couple Goals
Sợ Mất Em	bold-central-flat	CT0	Couple Goals
Sợ Mất Anh	bold-central-flat	CT0	Couple Goals
Ông Xã	bold-central-flat	CT0	Couple Goals
Nóc Nhà	script-serif	CT0	Couple Goals
Người Nhỏ	bold-central-flat	CT0	Couple Goals
Người Lớn	bold-central-flat	CT0	Couple Goals
My Wife Knows Everything	bold-central-flat	CT0	Couple Goals
My Husband Knows Everything	bold-central-flat	CT0	Couple Goals
My Boyfriend	bold-central-flat	CT0	Couple Goals
My Girlfriend	bold-central-flat	CT0	Couple Goals
Mother	bold-central-flat	CT0	Couple Goals
Mother Fucker	script-serif	CT4	Couple Goals
Mình Quay Lại Em Nhé	bold-central-flat	CT0	Couple Goals
Mình Quay Lại Anh Nhé	bold-central-flat	CT0	Couple Goals
I Come In Peace	bold-central-flat	CT0	Couple Goals
I Am Peace	bold-central-flat	CT0	Couple Goals
Em Cần Nụ Cười Của Anh	bold-central-flat	CT0	Couple Goals
Đã Có Vợ	bold-central-flat	CT0	Couple Goals
Đã Có Chồng	bold-central-flat	CT0	Couple Goals
Cứ Chan Đê	bold-central-flat	CT0	Nhâm Nhi
Bà Xã	bold-central-flat	CT0	Couple Goals
Anh Cần Nụ Cười Của Em	bold-central-flat	CT0	Couple Goals
Dink Thôi Em Ơi Pink	script-serif	CT3	Pickleball
Dink Thôi Em Ơi	script-serif	CT3	Pickleball
Dink Thôi Anh Ơi	script-serif	CT3	Pickleball
Ước Gì Con Nguời Biết Kệ Mẹ Nhau!	sans-dam-khoi-minimal	CT5	Lifey Stuff
Xinh Và Khó Tán	realistic-humor	CT0	Couple Goals
Siêng Và Nhiều Tình	realistic-humor	CT0	Couple Goals
Kệ Mẹ Tao Đi	halftone-retro	CT5	Đũy Mèo
Cam Chịu	script-serif	CT6	Fruitland
Đủ Rồi Nghỉ Việc Thôi Mèo Công Sở	realistic-humor	CT4	Đũy Mèo
Sang Và Khó Tính	bold-central-flat	CT0	Couple Goals
Đủ Nắng Hoa Sẽ Nở Đủ Rồi Nghỉ Việc Thôi	vintage-badge	CT0	Job
Người Tình Hợp Lí	bold-central-flat	CT0	Couple Goals
Người Sai Vì Tình	bold-central-flat	CT0	Couple Goals
Người Lì Hợp Tính	bold-central-flat	CT0	Couple Goals
Kiêu Và Ham Ăn	bold-central-flat	CT0	Couple Goals
Hư Và Vô Tâm	bold-central-flat	CT0	Couple Goals
Hâm Và Vô Tư	bold-central-flat	CT0	Couple Goals
Căng Và Ham Yêu	bold-central-flat	CT0	Couple Goals
Duyên Và Có Tầm	bold-central-flat	CT0	Couple Goals
Dâm Và Có Tiền	bold-central-flat	CT0	Couple Goals
Trộm Vía 2	bubble-cursive	CT1	Đũy Mèo
Con Nhà Người Ta	mascot-fun	CT0	Vietnamese Culture
Con Nhà Mình	mascot-fun	CT0	Vietnamese Culture
Người Giàu	mascot-fun	CT7	Job
Mê Sấu	mascot-fun	CT1	Job
Mập Rõ Chứ Không Mập Mờ	mascot-fun	CT2	Đũy Mèo
LUONVUITUOI Loa Phường	bold-central-flat	CT0	Job
Không Được Đánh Khách	bold-central-flat	CT0	Job
Cocai Concec	bold-central-flat	CT2	Lifey Stuff
Bánh Mỳ Cay	script-serif	CT6	Vietnamese Culture
Sài Gòn Cực Nóng	sans-dam-khoi-minimal	CT0	Vietnamese Culture
Nóc Nhà Họ Vũ	mascot-fun	CT7	Vietnamese Culture
Nhặt Ngoài Bãi Rác Họ Trần	mascot-fun	CT7	Vietnamese Culture
Nghịch Tử Số 11 Họ Hà	mascot-fun	CT7	Vietnamese Culture
Mãi Dell Thành Công	bubble-cursive	CT1	Vietnamese Culture
Made By Lê Family	mascot-fun	CT7	Vietnamese Culture
Hàng Tồn Kho	mascot-fun	CT7	Vietnamese Culture
Hàng Nóng	mascot-fun	CT7	Vietnamese Culture
Hàng Khủng	mascot-fun	CT7	Vietnamese Culture
Hàng Hiếm	mascot-fun	CT7	Vietnamese Culture
Hàng Độc Quyền	mascot-fun	CT7	Vietnamese Culture
Hải Phòng Cực Nóng	sans-dam-khoi-minimal	CT0	Vietnamese Culture
Hà Nội Cực Nóng	sans-dam-khoi-minimal	CT0	Vietnamese Culture
Gen Lặn Nhà Họ Nguyễn	mascot-fun	CT7	Vietnamese Culture
Đột Biến Gen Họ Hà	mascot-fun	CT7	Vietnamese Culture
Xạo Hổ Xàm Long	sans-dam-khoi-minimal	CT10	Vietnamese Culture
Việt Nam Ăn Vặt	multicolor-vibrant	CT0	Vietnamese Culture
Em Yêu Mỗi Người Yêu Em	mascot-fun	CT8	Couple Goals
Em Yêu Mỗi Chồng Em	mascot-fun	CT8	Couple Goals
Anh Yêu Mỗi Vợ Anh	mascot-fun	CT8	Couple Goals
Anh Yêu Mỗi Người Yêu Anh	mascot-fun	CT8	Couple Goals
To My Love	sans-dam-khoi-minimal	CT0	Couple Goals
You Are The	sans-dam-khoi-minimal	CT0	Couple Goals
Việt Nam Ăn Trưa	multicolor-vibrant	CT0	Vietnamese Culture
Trùm Cuối Nhà Họ Phan	mascot-fun	CT7	Vietnamese Culture
Tôi Là Bánh Khúc	bubble-cursive	CT6	Vietnamese Culture
Sản Phẩm Lõi Của Dòng Họ Lê	mascot-fun	CT7	Vietnamese Culture
Nước Mía	bubble-cursive	CT6	Vietnamese Culture
Người Việt Gốc Cây	mascot-fun	CT7	Vietnamese Culture
Hoa Mắt	sans-dam-khoi-minimal	CT10	Vietnamese Culture
Hàng Việt Nam Chất Lượng Cao	mascot-fun	CT7	Vietnamese Culture
Hàng Limited	mascot-fun	CT7	Vietnamese Culture
Hàng Dễ Vỡ	mascot-fun	CT7	Vietnamese Culture
Gen Tinh Hoa Đỗ Gia Tộc	mascot-fun	CT7	Vietnamese Culture
Gánh Nặng Nhà Họ Ngô	mascot-fun	CT7	Vietnamese Culture
Diễn Viên Hề Nhà Họ Nguyễn	mascot-fun	CT7	Vietnamese Culture
Cục Nợ Nhà Họ Trần	mascot-fun	CT7	Vietnamese Culture
Báo Thủ Họ Phạm	mascot-fun	CT7	Vietnamese Culture
Bánh Mì LUONVUITUOI	sans-dam-khoi-minimal	CT0	Vietnamese Culture
Cafe Luon Vui Tuoi	sans-dam-khoi-minimal	CT0	Vietnamese Culture
Cơm Mẹ Nấu	bubble-cursive	CT6	Vietnamese Culture
Cơm Nhà	script-serif	CT6	Vietnamese Culture
Cơm Vợ Nấu	bubble-cursive	CT6	Vietnamese Culture
Đời Phải LUONVUITUOI	bold-central-flat	CT0	Vietnamese Culture
Hảo Hán	mascot-fun	CT0	Vietnamese Culture
Lót Dép Hóng	sans-dam-khoi-minimal	CT0	Vietnamese Culture
Luon VuiTuoi Cafe	sans-dam-khoi-minimal	CT0	Vietnamese Culture
Phê Sỉu	sans-dam-khoi-minimal	CT1	Vietnamese Culture
Trà Tắc Bánh Tráng Trộn	bubble-cursive	CT6	Vietnamese Culture
Việt Nam Sáng Ăn Gì	multicolor-vibrant	CT0	Vietnamese Culture
Xíu Mại	bubble-cursive	CT6	Vietnamese Culture
Trộm Vía	bubble-cursive	CT1	Vietnamese Culture
Gần Mực Thì Bia	sans-dam-khoi-minimal	CT1	Vietnamese Culture
Sợ Không Có Đối Thủ	script-serif	CT0	Đũy Mèo
Mùa Hè 2026	sans-dam-khoi-minimal	CT0	Thèm Đi Biển
Nam Châm Hút Gái	mascot-fun	CT0	Love Bites
Thứ Tao Cần Nhất Lúc Này	sans-dam-khoi-minimal	CT0	Lifey Stuff
Đủ Nắng Hoa Sẽ Nở Đủ Rồi Đẻ Tao Yên Mèo Hoa	bubble-cursive	CT0	Đũy Mèo
Đã Có Chồng Chồng Chất Nỗi Đau	bubble-cursive	CT1	Love Bites
Bật Khóc Chứ Không Bật Khách	sans-dam-khoi-minimal	CT5	Job
Đi Làm Thật Tuyệt	sans-dam-khoi-minimal	CT0	Job
Gâu Gâu Cute	mascot-fun	CT1	Couple Goals
Chó Nó Iu	mascot-fun	CT1	Couple Goals
Đơn Xin Nghỉ Việc Meme Sư Muội	vintage-badge	CT9	Job
Đơn Xin Nghỉ Việc Meme Sư Huynh	vintage-badge	CT9	Job
Hội Yêu Điếu	sans-dam-khoi-minimal	CT0	Nhả Khói
Điều Hòa	sans-dam-khoi-minimal	CT0	Lifey Stuff
Em Phải Là Của Anh	mascot-fun	CT9	Couple Goals
Anh Phải Là Của Em	mascot-fun	CT9	Couple Goals
Thẩm Âm Hộ Cho	bubble-cursive	CT4	Love Bites
Bia Hơi Kèm Lạc	bubble-cursive	CT6	Nhâm Nhi
Uống Tiếp Đi Em	bubble-cursive	CT0	Nhâm Nhi
Nhấp Môi Thôi Em	bubble-cursive	CT0	Nhâm Nhi
Nhấp Môi Thôi Anh	bubble-cursive	CT0	Nhâm Nhi
World Cup Germany	multicolor-vibrant	CT0	Bóng Đá
On Off	mascot-fun	CT0	Nhâm Nhi
Người Nghẹo Matcha	mascot-fun	CT1	Nhâm Nhi
MorningFuel	mascot-fun	CT0	Nhâm Nhi
Lord Of The Drinks	mascot-fun	CT0	Nhâm Nhi
Expresso Patronum	mascot-fun	CT2	Nhâm Nhi
Coffee X Milk	mascot-fun	CT0	Nhâm Nhi
Thèm Rượu Khát Bia	sans-dam-khoi-minimal	CT0	Nhâm Nhi
Nói Không Với Rượu Bia	sans-dam-khoi-minimal	CT0	Nhâm Nhi
Nhậu Hong	mascot-fun	CT1	Nhâm Nhi
Người Nghẹo Cà Phê	mascot-fun	CT1	Nhâm Nhi
Long Thư Giãn	mascot-fun	CT0	Nhâm Nhi
Cà Vào Chỗ Phê	mascot-fun	CT0	Nhâm Nhi
Cà Phê Mèo	bubble-cursive	CT0	Nhâm Nhi
Ca Fe	sans-dam-khoi-minimal	CT10	Nhâm Nhi
Bỏ Nhậu Rồi	bubble-cursive	CT0	Nhâm Nhi
Anti Rượu Bia	sans-dam-khoi-minimal	CT0	Nhâm Nhi
Ai Rồi Cũng Khát	script-serif	CT1	Nhâm Nhi
Em Chưa Say Mà	bubble-cursive	CT0	Nhâm Nhi
Anh Chưa Say Mà	bubble-cursive	CT0	Nhâm Nhi
Đốn Tim Nàng	mascot-fun	CT9	Couple Goals
Đốn Tim Chàng	mascot-fun	CT9	Couple Goals
Pickleball Therapy	bubble-cursive	CT0	Túi Tote
Pickleball Girl Aesthetic	bubble-cursive	CT0	Túi Tote
Nốt Sec Em Về	bubble-cursive	CT1	Túi Tote
Người Hay Ho Thuốc Lào	bold-central-flat	CT0	Nhả Khói
Việc Cần Làm Hôm Nay	sans-dam-khoi-minimal	CT0	Lifey Stuff
Phiên Dịch Du Lịch Trung-Việt	vintage-badge	CT9	Việt Nam Du Hí
Phiên Dịch Du Lịch Nhật-Việt	vintage-badge	CT9	Việt Nam Du Hí
Phiên Dịch Du Lịch Hàn-Việt	vintage-badge	CT9	Việt Nam Du Hí
Phiên Dịch Du Lịch Anh-Việt	vintage-badge	CT9	Việt Nam Du Hí
Cô Nàng Nổi Loạn	script-serif	CT0	Lifey Stuff
Bỏ Việc Ra Biển	sans-dam-khoi-minimal	CT0	Túi Tote
Mày Làm Đúng Rồi Đấy	script-serif	CT0	Lifey Stuff
Trẻ Người Nonstop	bubble-cursive	CT0	Túi Tote
Single By Choice	bubble-cursive	CT0	Túi Tote
Sick My Duck	halftone-retro	CT3	Túi Tote
Kẻ Cắp Trái Tym	sans-dam-khoi-minimal	CT5	Love Bites
I Told My Mom About U	script-serif	CT3	Love Bites
Hàng Éo Vỡ	halftone-retro	CT5	Love Bites
Gọi Anh Là Nông Trại Vì Anh Toàn Dê Với Lừa	halftone-retro	CT0	Love Bites
Đẹp Gái Làm Ơn Đừng Có Bồ	sans-dam-khoi-minimal	CT0	Love Bites
Anh Là Sách	sans-dam-khoi-minimal	CT7	Love Bites
Chẳng Còn Đón Đưa	sans-dam-khoi-minimal	CT0	Love Bites
Crush Hãm	sans-dam-khoi-minimal	CT5	Love Bites
Doggy Style	sans-dam-khoi-minimal	CT4	Love Bites
Đừng Kệ	sans-dam-khoi-minimal	CT0	Love Bites
Đúng Người Thì Độc Lạ	sans-dam-khoi-minimal	CT0	Love Bites
I Love NTR	sans-dam-khoi-minimal	CT3	Love Bites
I Told Gemini About You	sans-dam-khoi-minimal	CT0	Love Bites
Khoai To Thì Cho Làm Quen	sans-dam-khoi-minimal	CT0	Love Bites
Mông To Thì Cho Làm Quen	sans-dam-khoi-minimal	CT0	Love Bites
Người Cùng Bám Kính	sans-dam-khoi-minimal	CT0	Love Bites
Show Me Your Books	sans-dam-khoi-minimal	CT0	Love Bites
Từng Chơi Trần	sans-dam-khoi-minimal	CT0	Love Bites
Yêu Nhiều Khó Tính	sans-dam-khoi-minimal	CT0	Love Bites
Tinh Nhiều Khó Yếu	halftone-retro	CT0	Love Bites
I Think I Love	sans-dam-khoi-minimal	CT0	Love Bites
Đau Trên Đường Tình	sans-dam-khoi-minimal	CT0	Love Bites
Con Cá Phải Trả Gió	sans-dam-khoi-minimal	CT0	Love Bites
Cục Nợ	sans-dam-khoi-minimal	CT0	Love Bites
Lời Đường Mật	sans-dam-khoi-minimal	CT0	Love Bites
Gọi Em Là Đồng Nát	sans-dam-khoi-minimal	CT7	Love Bites
Tập Làm Cô Tấm - Tấm Quan Đeo	sans-dam-khoi-minimal	CT9	Love Bites
I Dont Need Chat Gpt My Hubby Knows Everthing	sans-dam-khoi-minimal	CT5	Love Bites
Gọi Anh Là Đồ Đồng Nát	sans-dam-khoi-minimal	CT7	Love Bites
Gái Ngoan	sans-dam-khoi-minimal	CT0	Love Bites
Thích Con Gái	sans-dam-khoi-minimal	CT0	Lifey Stuff
Sống Stress Có Nhau	sans-dam-khoi-minimal	CT0	Lifey Stuff
Work For Tiền-đồ	halftone-retro	CT0	Trơi Bời
Cổ điển & Tôn trọng	sans-dam-khoi-minimal	CT0	Lifey Stuff
Do July Me	sans-dam-khoi-minimal	CT0	Love Bites
Bad Choices Good Stories	sans-dam-khoi-minimal	CT5	Love Bites
Don't Need Chatgpt	sans-dam-khoi-minimal	CT3	Love Bites
Eyeline You	sans-dam-khoi-minimal	CT0	Love Bites
I'm So Sexy That Even Life Gets Hard	halftone-retro	CT0	Love Bites
Một Hai Bông Hoa	sans-dam-khoi-minimal	CT0	Love Bites
Please Do Not Touch	sans-dam-khoi-minimal	CT0	Love Bites
Tiền Âm Thì Nhiều Tình Yêu Thì Nhầm	sans-dam-khoi-minimal	CT0	Love Bites
Why I Am Single	sans-dam-khoi-minimal	CT0	Love Bites
Ủa Người Đẹp	sans-dam-khoi-minimal	CT0	Love Bites
Too Pretty To Single	sans-dam-khoi-minimal	CT0	Love Bites
Tình Iu Vĩnh Cửu	halftone-retro	CT1	Love Bites
My Heart Says Yes	sans-dam-khoi-minimal	CT0	Love Bites
My Ex Is My Biggest Fan	sans-dam-khoi-minimal	CT0	Love Bites
Mặt Anh Ngu	sans-dam-khoi-minimal	CT0	Love Bites
Iphone Thì Có	sans-dam-khoi-minimal	CT0	Love Bites
Im Gonna Cum	sans-dam-khoi-minimal	CT0	Love Bites
I Love Me	sans-dam-khoi-minimal	CT0	Love Bites
Đã Có Con	sans-dam-khoi-minimal	CT0	Love Bites
Công Thức Tình Iu	sans-dam-khoi-minimal	CT0	Love Bites
Chúc Mừng Mất Trinh	halftone-retro	CT0	Love Bites
Tấm Chân Tình	sans-dam-khoi-minimal	CT0	Love Bites
Người Từng Cùng Đót Ghi	sans-dam-khoi-minimal	CT0	Love Bites
Người Từng Bắn Trong	sans-dam-khoi-minimal	CT0	Love Bites
Không Tin Đàn Ông - Tồi Thì Tin	sans-dam-khoi-minimal	CT0	Love Bites
Gái Đẹp	sans-dam-khoi-minimal	CT0	Love Bites
Do You Love Me	sans-dam-khoi-minimal	CT0	Love Bites
Break Limits	sans-dam-khoi-minimal	CT0	Love Bites
Green Flag	sans-dam-khoi-minimal	CT0	Love Bites
Sói Cô Độc	sans-dam-khoi-minimal	CT0	Love Bites
Không NYC	sans-dam-khoi-minimal	CT3	Love Bites
Khóa Cửa Trái Tym	sans-dam-khoi-minimal	CT0	Love Bites
I Don't Need Chat Gpt, My Wife Knows Everything	sans-dam-khoi-minimal	CT3	Love Bites
Muốn Nhanh Đến Vạch Đích	sans-dam-khoi-minimal	CT0	Lifey Stuff
Gâu Gâu	mascot-fun	CT0	Love Bites
Em Đừng Có Mà Dụ Tôi	sans-dam-khoi-minimal	CT0	Love Bites
Em Cho Tôi Một Kí Ức	sans-dam-khoi-minimal	CT0	Love Bites
Đừng Làm Trái Tim Anh Đau	sans-dam-khoi-minimal	CT0	Love Bites
Dị Ứng Với Hải Sản	sans-dam-khoi-minimal	CT0	Love Bites
Big Cu - Bạn Đã Thử Chưa	halftone-retro	CT0	Love Bites
Trai Ngoan	sans-dam-khoi-minimal	CT0	Love Bites
Uống Bia Nhưng Say Em	sans-dam-khoi-minimal	CT0	Love Bites
Vodka Did	bubble-cursive	CT2	Love Bites
Mở Cửa Trái Tim	sans-dam-khoi-minimal	CT0	Love Bites
Khóa Cửa Trái Tim	sans-dam-khoi-minimal	CT0	Love Bites
The Gunner	realistic-humor	CT0	Bóng Đá
I Told The Sunset About You	sans-dam-khoi-minimal	CT0	Love Bites
The Wait Is Over	realistic-humor	CT0	Bóng Đá
I Prefer Vodka	sans-dam-khoi-minimal	CT0	Love Bites
Gì Cũng Có Nhưng Không Có Em	sans-dam-khoi-minimal	CT0	Love Bites
Free & Available	sans-dam-khoi-minimal	CT0	Love Bites
Đẹp Và Tàn Nhẫn	sans-dam-khoi-minimal	CT0	Love Bites
Sáng Nhớ Chiều Sang	sans-dam-khoi-minimal	CT0	Love Bites
Làm Tí Lúa Mạch Hông Cưng	sans-dam-khoi-minimal	CT0	Lifey Stuff
Trạng Thái Của Tôi	sans-dam-khoi-minimal	CT0	Lifey Stuff
Dân Anh Chị	sans-dam-khoi-minimal	CT0	Lifey Stuff
Làm Tí Mát Mẻ Hông Cưng	sans-dam-khoi-minimal	CT0	Lifey Stuff
Đẹp Trai Không Drive	sans-dam-khoi-minimal	CT0	Pickleball
Không Phận Sự Xin Đừng Vào	sans-dam-khoi-minimal	CT0	Love Bites
Người Vui Vẻ - Tim Sứt Mẻ	sans-dam-khoi-minimal	CT0	Love Bites
Hey Siri	sans-dam-khoi-minimal	CT0	Love Bites
Chúng Mình Có Nhau	sans-dam-khoi-minimal	CT0	Love Bites
Em Bé	sans-dam-khoi-minimal	CT0	Love Bites
Giọng Em Ngọt Như Chè - Chè Không Nịch	sans-dam-khoi-minimal	CT0	Love Bites
I Trust Chat GPT Than I Trust You	sans-dam-khoi-minimal	CT3	Love Bites
Tình Mình Chấm Hết	sans-dam-khoi-minimal	CT0	Love Bites
Red Flag	sans-dam-khoi-minimal	CT0	Love Bites
Chó Nó Yêu	sans-dam-khoi-minimal	CT0	Love Bites
Con Chó	sans-dam-khoi-minimal	CT0	Love Bites
Yêu Một Người	sans-dam-khoi-minimal	CT0	Love Bites
Tự Hào Sợ Vợ	sans-dam-khoi-minimal	CT0	Love Bites
Tán 7 Em	sans-dam-khoi-minimal	CT0	Love Bites
Lốp Trưởng	sans-dam-khoi-minimal	CT0	Love Bites
Good In Bed	sans-dam-khoi-minimal	CT0	Love Bites
Big Dick King	sans-dam-khoi-minimal	CT0	Love Bites
Anh Qua Em Nha	sans-dam-khoi-minimal	CT0	Love Bites
Don't Smash My Head	sans-dam-khoi-minimal	CT0	Cầu Lông
Don't Smash Into My Head	sans-dam-khoi-minimal	CT0	Cầu Lông
Tequila Did	sans-dam-khoi-minimal	CT0	Love Bites
Làm Lành Chữa Tình	sans-dam-khoi-minimal	CT0	Love Bites
Sát Vợ Tao Rồi	sans-dam-khoi-minimal	CT0	Love Bites
Sát Chồng Tao Rồi	sans-dam-khoi-minimal	CT0	Love Bites
Thương Bạn Trai	sans-dam-khoi-minimal	CT0	Couple Goals
Thương Bạn Gái	sans-dam-khoi-minimal	CT0	Couple Goals
Ân Oán Sân Cầu	sans-dam-khoi-minimal	CT0	Cầu Lông
Phụ Nữ Đẹp Nhất	sans-dam-khoi-minimal	CT0	Love Bites
Em Yêu Tất Cả Các Anh	sans-dam-khoi-minimal	CT0	Love Bites
Đi Yêu Nghề Về Iu Vợ	bubble-cursive	CT0	Love Bites
Đi Yêu Nghề Về Iu Chồng	bubble-cursive	CT0	Love Bites
Đàn Ông Đẹp Nhất	sans-dam-khoi-minimal	CT0	Love Bites
Where Did All Your Money	mascot-fun	CT0	Cầu Lông
I Eat Kids	mascot-fun	CT0	Lifey Stuff
Thể Hình Gặp Thể Hiện	sans-dam-khoi-minimal	CT0	Chuyện Phòng Gym
My Wife	sans-dam-khoi-minimal	CT0	Couple Goals
My Husband	sans-dam-khoi-minimal	CT0	Couple Goals
Ai Hỏi	sans-dam-khoi-minimal	CT0	Lifey Stuff
Tôi Yêu Phụ Nữ	sans-dam-khoi-minimal	CT0	Love Bites
Nghiện Em	sans-dam-khoi-minimal	CT0	Love Bites
Hate First Love Later	sans-dam-khoi-minimal	CT0	Love Bites
Hứa Cho Lắm Tắm Cũng Trôi	sans-dam-khoi-minimal	CT0	Love Bites
Vui Lòng Không Dẫm Lên Trái Tim	sans-dam-khoi-minimal	CT0	Love Bites
I Told Chat GPT About Us	sans-dam-khoi-minimal	CT0	Love Bites
I Told Chat GPT About U	sans-dam-khoi-minimal	CT0	Love Bites
I'm Boring Baby	sans-dam-khoi-minimal	CT0	Love Bites
Tớ Cảm Ơn	sans-dam-khoi-minimal	CT0	Love Bites
Tớ Thích Cậu	sans-dam-khoi-minimal	CT0	Love Bites
Trời Tính	sans-dam-khoi-minimal	CT0	Lifey Stuff
Mai Tính	sans-dam-khoi-minimal	CT0	Lifey Stuff
I Love Badminton	multicolor-vibrant	CT10	Cầu Lông
Fire Badminton	multicolor-vibrant	CT10	Cầu Lông
Mất Cái Em Ơi	sans-dam-khoi-minimal	CT0	Billiard
Chạy Đạn Đi Anh	sans-dam-khoi-minimal	CT0	Billiard
Câu Bi Anh Ơi	sans-dam-khoi-minimal	CT0	Billiard
Chặt Cầu	sans-dam-khoi-minimal	CT0	Cầu Lông
Cầu Out Hay In	sans-dam-khoi-minimal	CT0	Cầu Lông
Cầu Lông Club	sans-dam-khoi-minimal	CT0	Cầu Lông
Badminton	sans-dam-khoi-minimal	CT0	Cầu Lông
Ăn Ngủ Cầu Lông	sans-dam-khoi-minimal	CT0	Cầu Lông
Will You badminton	sans-dam-khoi-minimal	CT0	Cầu Lông
Let's Play Badminton	sans-dam-khoi-minimal	CT0	Cầu Lông
Làm Tí Kèo Nước	sans-dam-khoi-minimal	CT0	Cầu Lông
Kiếp Ve Cầu	sans-dam-khoi-minimal	CT0	Cầu Lông
Giỏi Thì Vào Đánh	sans-dam-khoi-minimal	CT0	Cầu Lông
Evolution Badminton	sans-dam-khoi-minimal	CT0	Cầu Lông
Đừng Smash	sans-dam-khoi-minimal	CT0	Cầu Lông
Đừng Phông Em Ơi	sans-dam-khoi-minimal	CT0	Cầu Lông
Duckinton	sans-dam-khoi-minimal	CT0	Cầu Lông
Catminton	sans-dam-khoi-minimal	CT0	Cầu Lông
Capynton	sans-dam-khoi-minimal	CT0	Cầu Lông
Bỏ Nhỏ Thôi Em	sans-dam-khoi-minimal	CT0	Cầu Lông
Badminton Skill	sans-dam-khoi-minimal	CT0	Cầu Lông
Badminton Calling	sans-dam-khoi-minimal	CT0	Cầu Lông
Aesthetic Badminton	sans-dam-khoi-minimal	CT0	Cầu Lông
Ông Giời Có Mắt	sans-dam-khoi-minimal	CT0	Billiard
Mất Cái Anh Ơi	sans-dam-khoi-minimal	CT0	Billiard
Câu Bi Em Ơi	sans-dam-khoi-minimal	CT0	Billiard
Billiard Thể Lực	sans-dam-khoi-minimal	CT0	Billiard
Billiard Mềm Mại	sans-dam-khoi-minimal	CT0	Billiard
Ba Lén Đi Bi-a	sans-dam-khoi-minimal	CT0	Billiard
Một Chấm Sành Điệu	sans-dam-khoi-minimal	CT0	Billiard
Vua Chốt 9	sans-dam-khoi-minimal	CT0	Billiard
Bôi Lơ Em Ơi	sans-dam-khoi-minimal	CT0	Billiard
Hở Là Hết	sans-dam-khoi-minimal	CT0	Billiard
Đẹp Đẽ Điệu Đà	sans-dam-khoi-minimal	CT0	Trơi Bời
Tái Hai Chanh	sans-dam-khoi-minimal	CT0	Pickleball
Smash	sans-dam-khoi-minimal	CT0	Pickleball
Điệu Đà	sans-dam-khoi-minimal	CT0	Trơi Bời
Pickleball	sans-dam-khoi-minimal	CT0	Pickleball
Pickleball Addicted	sans-dam-khoi-minimal	CT0	Pickleball
Nốt Sec Anh Về	sans-dam-khoi-minimal	CT0	Pickleball
No Drink Just Drive	sans-dam-khoi-minimal	CT0	Pickleball
Love At First Serve	sans-dam-khoi-minimal	CT0	Pickleball
Less Drive More Dink	sans-dam-khoi-minimal	CT0	Pickleball
Lên Bếp Em Ơi	sans-dam-khoi-minimal	CT0	Pickleball
Drive To Die	sans-dam-khoi-minimal	CT0	Pickleball
Drive Nhẹ Tay Thôi Em	sans-dam-khoi-minimal	CT0	Pickleball
Drink To Die	sans-dam-khoi-minimal	CT0	Pickleball
Dinking Bad	sans-dam-khoi-minimal	CT0	Pickleball
Bóng Out Anh Ơi	sans-dam-khoi-minimal	CT0	Pickleball
Ăn Ngủ Pickleball	sans-dam-khoi-minimal	CT0	Pickleball
Every Time I Lose A Game	sans-dam-khoi-minimal	CT0	Pickleball
ATP	sans-dam-khoi-minimal	CT0	Pickleball
Thần Cơ Thì Ít Thần Rùa Thì Nhiều	sans-dam-khoi-minimal	CT0	Billiard
No Safety Run Out Always	sans-dam-khoi-minimal	CT0	Billiard
Ngã Ở Đâu Gấp Đôi Ở Đấy	sans-dam-khoi-minimal	CT0	Billiard
Đưa Hết Tiền Đây	sans-dam-khoi-minimal	CT0	Billiard
Cơ Thủ Tiến Hóa	sans-dam-khoi-minimal	CT0	Billiard
Được Chưa Anh Em	sans-dam-khoi-minimal	CT0	Billiard
Sống Nay Stress Mai	sans-dam-khoi-minimal	CT0	Lifey Stuff
Niceboy	sans-dam-khoi-minimal	CT0	Lifey Stuff
I'm Not Antisocial	sans-dam-khoi-minimal	CT0	Đũy Mèo
Méo Gì Thế	sans-dam-khoi-minimal	CT0	Đũy Mèo
Không Tin Đàn Ông	sans-dam-khoi-minimal	CT0	Love Bites
Không Tin Đàn Bà Xinh Gái Thì Tin	sans-dam-khoi-minimal	CT0	Love Bites
Thủ Đi Đừng Công	sans-dam-khoi-minimal	CT0	Billiard
Làm Mâm Đền Em Ơi	sans-dam-khoi-minimal	CT0	Billiard
Clear Nốt Bàn Này Rồi Anh Về	sans-dam-khoi-minimal	CT0	Billiard
Chạy Đạn Đi Em	sans-dam-khoi-minimal	CT0	Billiard
Billiards Đỏ Ăn Tất	sans-dam-khoi-minimal	CT0	Billiard
Bi Cho Anh Em Ơi	sans-dam-khoi-minimal	CT0	Billiard
Gần Nhạc Thì Dance	sans-dam-khoi-minimal	CT0	Trơi Bời
Anh Yeu Tat Ca Cac Em	sans-dam-khoi-minimal	CT0	Love Bites
Anh Em Mình Cứ Thế Thôi Hẹ Hẹ	sans-dam-khoi-minimal	CT0	Lifey Stuff
AQUAEMNHA	sans-dam-khoi-minimal	CT0	Lifey Stuff
Chó Là Bạn Hông Phải Tôi	sans-dam-khoi-minimal	CT0	Animal Circus
Con Mèo Điên Đầu	sans-dam-khoi-minimal	CT0	Đũy Mèo
Duck You	sans-dam-khoi-minimal	CT0	Animal Circus
Người Có Vợ	illustrative-humor	CT7	Job
Người Giàu Tình Cảm	illustrative-humor	CT7	Job
Kệ Hết Đi	sans-dam-khoi-minimal	CT0	Lifey Stuff
Sếp Đừng Gọi Em Nữa - Đợi Em Ra Chỗ Có Sóng	sans-dam-khoi-minimal	CT0	Thèm Đi Biển
Đéo Tin	sans-dam-khoi-minimal	CT0	Lifey Stuff
Adidaphat	bubble-cursive	CT1	Lifey Stuff
Theo Dòng Hải Lưu	sans-dam-khoi-minimal	CT0	Thèm Đi Biển
Vũ Điệu Đại Dương	sans-dam-khoi-minimal	CT0	Thèm Đi Biển
Vỏ Sò	sans-dam-khoi-minimal	CT0	Thèm Đi Biển
Thèm Ghẹ	sans-dam-khoi-minimal	CT0	Thèm Đi Biển
Mấy Con Cá Phải Trả Gió	sans-dam-khoi-minimal	CT0	Thèm Đi Biển
Đi Tắm Biển Một Mình	sans-dam-khoi-minimal	CT0	Thèm Đi Biển
Đi Tắm Biển Hai Mình	sans-dam-khoi-minimal	CT0	Thèm Đi Biển
Thèm Đi Biển Lắm Rồi	sans-dam-khoi-minimal	CT0	Thèm Đi Biển
Cảm Thấy Ốm Yếu Cần Truyền Nước Biển	sans-dam-khoi-minimal	CT0	Thèm Đi Biển
Sóng Đánh Tụt Quần	sans-dam-khoi-minimal	CT0	Thèm Đi Biển
I Need Vitamin Sea	sans-dam-khoi-minimal	CT0	Thèm Đi Biển
Đang Cực Bận	sans-dam-khoi-minimal	CT0	Thèm Đi Biển
Người Đam Mê Lặn Biển	illustrative-humor	CT7	Thèm Đi Biển
Người Con Của Biển	illustrative-humor	CT7	Thèm Đi Biển
Lên Thuyền	sans-dam-khoi-minimal	CT0	Thèm Đi Biển
Tiên Cá Quay Trở Lại Biển Tiên Cá Quay Trở Lại Biển	illustrative-humor	CT8	Thèm Đi Biển
Hè Về Rồi	mascot-fun	CT0	Thèm Đi Biển
Trong Cái Xã Hội Này	sans-dam-khoi-minimal	CT0	Lifey Stuff
Người Đẳng Cấp Không Chấp Kẻ Tầm Thường Chú Chó DuBai	mascot-fun	CT4	Lifey Stuff
Đời Công Nhân	sans-dam-khoi-minimal	CT0	Lifey Stuff
You & Me	multicolor-vibrant	CT0	Lifey Stuff
Slay	bubble-cursive	CT0	Lifey Stuff
Sexsi	sans-dam-khoi-minimal	CT0	Lifey Stuff
Tốt Nghiệp Bằng Claude	sans-dam-khoi-minimal	CT3	Tuổi Ăn Học
Tốt Nghiệp Bằng Gemini	sans-dam-khoi-minimal	CT3	Tuổi Ăn Học
Thợ Săn Học Bổng	illustrative-humor	CT7	Tuổi Ăn Học
Tý Ra Cổng Trường Gặp Tao	sans-dam-khoi-minimal	CT0	Tuổi Ăn Học
Quyết Tâm Đổi Đời	sans-dam-khoi-minimal	CT0	Tuổi Ăn Học
Đi Học Đúng Giờ	sans-dam-khoi-minimal	CT0	Tuổi Ăn Học
Cho Tao Chép Bài Với	sans-dam-khoi-minimal	CT0	Tuổi Ăn Học
Kiểm Tra Bài Cũ	sans-dam-khoi-minimal	CT0	Tuổi Ăn Học
Khi Nào Cần May Áo Giáp	sans-dam-khoi-minimal	CT0	Tuổi Ăn Học
Cho 2 Lọ Mất Nhãn	sans-dam-khoi-minimal	CT0	Tuổi Ăn Học
Áo Ba Lỗ Kitty Post Malone	micro-text-organized	CT0	Băng Đĩa Hải Ngoại
Áo Ba Lỗ Long Ca	micro-text-organized	CT0	Băng Đĩa Hải Ngoại
Tuấn Cùi	micro-text-organized	CT0	Băng Đĩa Hải Ngoại
Không Phải Sơn Tùng	micro-text-organized	CT4	Băng Đĩa Hải Ngoại
Xì Gà Nhỏ Sau Giới Tính	micro-text-organized	CT0	Băng Đĩa Hải Ngoại
Hắc Hường	micro-text-organized	CT0	Băng Đĩa Hải Ngoại
Anh Long	micro-text-organized	CT0	Băng Đĩa Hải Ngoại
Giao Hưởng Tân Thời	micro-text-organized	CT0	Băng Đĩa Hải Ngoại
Tốt Nghiệp Bằng ChatGPT	sans-dam-khoi-minimal	CT3	Tuổi Ăn Học
Studying	halftone-retro	CT3	Tuổi Ăn Học
Mới Ra Trường	sans-dam-khoi-minimal	CT0	Tuổi Ăn Học
Làm Nửa Đề Giải Tích Thôi	sans-dam-khoi-minimal	CT0	Tuổi Ăn Học
Kiểm Tra Miệng	sans-dam-khoi-minimal	CT0	Tuổi Ăn Học
Eat Study Sleep Repeat	vintage-badge	CT3	Tuổi Ăn Học
Will You Play Badminton	halftone-retro	CT0	Cầu Lông
Đéo Muốn Đi Học	sans-dam-khoi-minimal	CT0	Tuổi Ăn Học
Đang Bận Ôn Thi	sans-dam-khoi-minimal	CT0	Tuổi Ăn Học
7 Hàng Đẳng Thức Đáng Nhớ	sans-dam-khoi-minimal	CT0	Tuổi Ăn Học
WTF Day	halftone-retro	CT3	Job
Đi Làm Vì Tiền Đồ	sans-dam-khoi-minimal	CT0	Job
Toi Dam Lam	bubble-cursive	CT0	Trơi Bời
Cuộc Sống Áp Lực	sans-dam-khoi-minimal	CT0	Trơi Bời
Vẹo Sống Lưng	sans-dam-khoi-minimal	CT0	Job
Saler	sans-dam-khoi-minimal	CT0	Job
Meme Chú Vịt Xin Đừng Làm Phiền	cutout-real-image	CT0	Job
Chê Thì Vào Mà Làm	sans-dam-khoi-minimal	CT0	Job
Việc Nhẹ Volt Cao	sans-dam-khoi-minimal	CT6	Job
Ủa Anh	sans-dam-khoi-minimal	CT0	Job
Thấy Dễ Thì Vào Mà Làm	sans-dam-khoi-minimal	CT0	Job
Sếp Nói Gì Cũng Đúng Đúng Đúng	sans-dam-khoi-minimal	CT0	Job
Photographer Nhiếp Ảnh Gia	mascot-fun	CT8	Job
Người Hài Hước	sans-dam-khoi-minimal	CT0	Job
Người Có Mọi Thứ	sans-dam-khoi-minimal	CT0	Job
Meme Chú Vịt Yes It_s Monday	cutout-real-image	CT0	Job
Meme Chú Vịt Cột Sống Bất Ổn	cutout-real-image	CT0	Job
Khách Thật Quá Đáng - Đáng Để Iu	script-serif	CT8	Job
Giục Nữa Thì Vào Mà Làm	sans-dam-khoi-minimal	CT0	Job
Final Photoshop	halftone-retro	CT3	Job
DUCK TRÍ	sans-dam-khoi-minimal	CT0	Job
Developer Lập Trình Điên	halftone-retro	CT6	Job
Cột Sống Văn Phòng	sans-dam-khoi-minimal	CT0	Job
Cột Sống Editor	sans-dam-khoi-minimal	CT0	Job
Coder	sans-dam-khoi-minimal	CT0	Job
Thèm Đi Biển	sans-dam-khoi-minimal	CT0	Thèm Đi Biển
Đam Mê Lặn Biển	sans-dam-khoi-minimal	CT0	Thèm Đi Biển
Cần Lắm Hè Về	sans-dam-khoi-minimal	CT0	Thèm Đi Biển
Ba Hoa	sans-dam-khoi-minimal	CT0	Thèm Đi Biển
Nghỉ Mát	sans-dam-khoi-minimal	CT0	Thèm Đi Biển
Thèm Đi Biển Cá	sans-dam-khoi-minimal	CT0	Thèm Đi Biển
Felling Beachy	halftone-retro	CT0	Thèm Đi Biển
Toà Không Chơi Mùa 17	sans-dam-khoi-minimal	CT0	Đời Game Thủ
Toà Sao Hiểu Được	sans-dam-khoi-minimal	CT0	Đời Game Thủ
Mấy Con Gà Thì Biết Cái Gì	sans-dam-khoi-minimal	CT0	Đời Game Thủ
Luận Văn Tốt Nghiệp	sans-dam-khoi-minimal	CT0	Job
Ri Con	sans-dam-khoi-minimal	CT0	Bóng Đá
Râu Con	sans-dam-khoi-minimal	CT0	Bóng Đá
Paris Germain	sans-dam-khoi-minimal	CT0	Bóng Đá
Chưa Vào Anh ƠI	sans-dam-khoi-minimal	CT0	Bóng Đá
Xôi và Tình	script-serif	CT0	Trơi Bời
Người Nghẹo Trà Sữa	illustrative-humor	CT7	Nhâm Nhi
Hẹn Hò Nhưng Không Yêu	sans-dam-khoi-minimal	CT0	Trơi Bời
Tinh Hoa Hội Tụ	sans-dam-khoi-minimal	CT0	Trơi Bời
Xinh Như Hoa	halftone-retro	CT0	Trơi Bời
Người Đẹp	halftone-retro	CT0	Trơi Bời
Ngoan Xinh Yêu	halftone-retro	CT0	Trơi Bời
Anh Em Cà Phê	sans-dam-khoi-minimal	CT0	Nhâm Nhi
Vòng Lặp Phê Pha	sans-dam-khoi-minimal	CT0	Nhả Khói
OK Đi Biển	sans-dam-khoi-minimal	CT0	Thèm Đi Biển
Người Từng Cùng Đót Gi	sans-dam-khoi-minimal	CT0	Love Bites
Người Cùng Nhau Bám Kính	sans-dam-khoi-minimal	CT0	Love Bites
Chải Xong Chưa	script-serif	CT0	Đũy Mèo
The Starry Meow	halftone-retro	CT0	Đũy Mèo
Thái Mèo	halftone-retro	CT0	Đũy Mèo
Meow Check	halftone-retro	CT0	Đũy Mèo
MeoGangz	halftone-retro	CT0	Đũy Mèo
Mèo Của Tao	halftone-retro	CT0	Đũy Mèo
Mèo Bánh Cá Và Cafe	halftone-retro	CT0	Đũy Mèo
Cat Vision	halftone-retro	CT0	Đũy Mèo
Vui Lòng Không Dẫm Lên Trái Tym	script-serif	CT0	Love Bites
Đơn Xin Thôi Việc	sans-dam-khoi-minimal	CT0	Job
Phấn Đào	cutout-real-image	CT0	Bóng Đá
Hala Madrid	multicolor-vibrant	CT0	Bóng Đá
Forever United	multicolor-vibrant	CT0	Bóng Đá
Đừng Xoạc Em Ơi	script-serif	CT0	Bóng Đá
Hè Rồi Nghỉ Việc Thôi	sans-dam-khoi-minimal	CT0	Thèm Đi Biển
Dink To Die	sans-dam-khoi-minimal	CT0	Pickleball
Chuyền Đi Đừng Sút	mascot-fun	CT0	Bóng Đá
Chuyền Đi Đừng Rê	mascot-fun	CT0	Bóng Đá
Bắt Tốt Em Ơi	mascot-fun	CT0	Bóng Đá
Vua Phá Lưới	mascot-fun	CT0	Bóng Đá
Không Tin Đàn Bà	sans-dam-khoi-minimal	CT0	Love Bites
Vua Bắt Bóng	mascot-fun	CT0	Bóng Đá
Tiên Cá Quay Trở Lại Biển	illustrative-humor	CT8	Thèm Đi Biển
Đi Săn Vòi Voi	sans-dam-khoi-minimal	CT0	Thèm Đi Biển
I Told Chat GPT About You	sans-dam-khoi-minimal	CT0	Love Bites
Em Yêu Tất Cả	halftone-retro	CT0	Love Bites
Anh Yêu Tất Cả	halftone-retro	CT0	Love Bites
Messi Goat	halftone-retro	CT0	Bóng Đá
Anh Bảy Chọ	halftone-retro	CT9	Bóng Đá
Thể Thao Là Không Ngừng Bỏ Cuộc	sans-dam-khoi-minimal	CT8	Bóng Đá
Người Chơi Bóng	illustrative-humor	CT7	Bóng Đá
Người Bị Bóng Đá	mascot-fun	CT7	Bóng Đá
Chích Cho Cái Bây Giờ	halftone-retro	CT0	Đũy Mèo
Tôi Đổ Rác - Bạn Đổ Thừa	illustrative-humor	CT8	Lifey Stuff
Nóng Lòng Được Gặp Anh	script-serif	CT0	Lifey Stuff
Đừng Rủ Nhậu	sans-dam-khoi-minimal	CT0	Nhâm Nhi
Snape Dogg	illustrative-humor	CT4	Tuyệt Đối Điện Ảnh
Nhạc Kì Bỏ Mẹ	sans-dam-khoi-minimal	CT5	Trơi Bời
Đồ Ngủ	sans-dam-khoi-minimal	CT6	Trơi Bời
Nghệ Sĩ Nước Mình Vất Vả	bubble-cursive	CT7	Trơi Bời
Tập Tạ Để Có Cơ	sans-dam-khoi-minimal	CT8	Chuyện Phòng Gym
Sống Nice Stress Mind	sans-dam-khoi-minimal	CT3	Lifey Stuff
Thằn Lằn Thốn	script-serif	CT8	Trơi Bời
Fet's Luck	bubble-cursive	CT3	Lifey Stuff
Chưa Tày Đâu Mèo Meme	mascot-fun	CT0	Lifey Stuff
Buồn Thật Đấy - Trai Bị Dìm	script-serif	CT8	Lifey Stuff
Báo Thức Của Người Tỉnh Việt Nam	vintage-badge	CT8	Lifey Stuff
Anh Cung Khủ	cutout-real-image	CT2	Lifey Stuff
Âm Nhạc Là Thứ M A T * U Y Duy Nhất Tao Chơi	sans-dam-khoi-minimal	CT5	Trơi Bời
Ước Gì Tau Bớt Đẳng Cấp Một Chút Sweater	sans-dam-khoi-minimal	CT0	Trơi Bời
Pickleball Is Addicted	halftone-retro	CT10	Pickleball
Drive Nhẹ Thôi Em	illustrative-humor	CT3	Pickleball
Only fans 2	sans-dam-khoi-minimal	CT5	Lifey Stuff
Long Time No Sẽ	bubble-cursive	CT2	Lifey Stuff
I Love You Từ Bé	sans-dam-khoi-minimal	CT3	Lifey Stuff
Hồng Hài Nhi	sans-dam-khoi-minimal	CT0	Lifey Stuff
Đẹp Điên	sans-dam-khoi-minimal	CT8	Lifey Stuff
Yêu Tổ Quốc, Yêu Đồng Bào	sans-dam-khoi-minimal	CT8	Yêu Nước
Suy Đét	mascot-fun	CT2	Trơi Bời
Mấy Con Vợ	sans-dam-khoi-minimal	CT6	Trơi Bời
I'm Horny	sans-dam-khoi-minimal	CT0	Trơi Bời
A Du Vai Lua	script-serif	CT1	Trơi Bời
No Dink Just Drive	sans-dam-khoi-minimal	CT3	Pickleball
Vietnamese Girl	sans-dam-khoi-minimal	CT3	Yêu Nước
Tôi Yêu Tổ Quốc Tôi	sans-dam-khoi-minimal	CT8	Yêu Nước
Quyết Chiến Quyết Thắng	sans-dam-khoi-minimal	CT8	Yêu Nước
Máu Đỏ Da Vàng	sans-dam-khoi-minimal	CT8	Yêu Nước
Made in Vietnam 2	sans-dam-khoi-minimal	CT3	Yêu Nước
Made In Vietnam 1	sans-dam-khoi-minimal	CT3	Yêu Nước
Khiêm Tốn - Thật Thà - Dũng Cảm	vintage-badge	CT8	Yêu Nước
Học Tập Tốt, Lao Động Tốt	vintage-badge	CT8	Yêu Nước
Giữ Gìn Vệ Sinh Thật Tốt	vintage-badge	CT8	Yêu Nước
Độc Lập - Tự Do - Hạnh Phúc	sans-dam-khoi-minimal	CT8	Yêu Nước
Đoàn Kết Tốt, Kỷ Luật Tốt	vintage-badge	CT8	Yêu Nước
5 Điều Bác Hồ Dạy	sans-dam-khoi-minimal	CT8	Yêu Nước
NÓNG Lòng Được Gặp Em	script-serif	CT0	Lifey Stuff
Lương 5 Triệu Thích Sài Hàng Hiệu	sans-dam-khoi-minimal	CT0	Lifey Stuff
I Love Sóc	bubble-cursive	CT3	Lifey Stuff
I Love Móc	bubble-cursive	CT3	Lifey Stuff
I Love Lọ	bubble-cursive	CT3	Lifey Stuff
Vải Cá Lợn	sans-dam-khoi-minimal	CT1	Fruitland
Cải Lon Ma	sans-dam-khoi-minimal	CT1	Fruitland
Tôi Xink Lỗi Bạn	sans-dam-khoi-minimal	CT0	Lifey Stuff
Oh No	sans-dam-khoi-minimal	CT0	Lifey Stuff
NO BRAIN NO PAIN	bold-central-flat	CT0	Lifey Stuff
Hẹ Hẹ Hẹ	script-serif	CT0	Lifey Stuff
Ê Nha!	script-serif	CT0	Lifey Stuff
Duma	cutout-real-image	CT5	Lifey Stuff
ĐÃ UỐNG XE KHÔNG LÁI RƯỢU BIA	sans-dam-khoi-minimal	CT8	Lifey Stuff
Cút	sans-dam-khoi-minimal	CT0	Lifey Stuff
Sang & Khó Tính	sans-dam-khoi-minimal	CT0	Trơi Bời
Thằn Lằn Đứt Đuôi	script-serif	CT8	Animal Circus
Sleep Sleep Sleep	bubble-cursive	CT0	Lifey Stuff
UFO Cat ZEP ZEP ZEP	mascot-fun	CT6	Đũy Mèo
Rất Tiếc Bạn Đã Bị Con Mèo	mascot-fun	CT8	Đũy Mèo
Thế Cơ À Cat	mascot-fun	CT8	Đũy Mèo
My Mood Today	script-serif	CT0	Đũy Mèo
Mình Hơn Hẳn Mà	mascot-fun	CT8	Đũy Mèo
Meosw Gì Cũng Tao	mascot-fun	CT0	Đũy Mèo
Meme Cat Huh	mascot-fun	CT8	Đũy Mèo
Meme Cat Cái Gì	mascot-fun	CT8	Đũy Mèo
I_m Ok	script-serif	CT0	Đũy Mèo
I Hate People	script-serif	CT0	Đũy Mèo
I Dunno, Man	script-serif	CT0	Đũy Mèo
I Don_t Know I Don_t Care	script-serif	CT0	Đũy Mèo
I DO WHAT I WANT	bubble-cursive	CT0	Đũy Mèo
EW, PEOPLE	bubble-cursive	CT0	Đũy Mèo
Ew, Hoomans	bubble-cursive	CT0	Đũy Mèo
Điếc Rồi - Gọi Ít Thôi	sans-dam-khoi-minimal	CT8	Đũy Mèo
Anh Em Tao Đến Đây	sans-dam-khoi-minimal	CT0	Đũy Mèo
Ân Oán Giang Hồ	sans-dam-khoi-minimal	CT0	Đũy Mèo
You_re Rich	script-serif	CT3	Trơi Bời
Ước Gì Tau Bớt Đẳng Cấp Một Chút	sans-dam-khoi-minimal	CT0	Trơi Bời
Trẻ Người Non Stop 2	sans-dam-khoi-minimal	CT0	Trơi Bời
Trài Tài Gái Xỉu	sans-dam-khoi-minimal	CT1	Trơi Bời
Thợ Săn Phú Bà	illustrative-humor	CT7	Trơi Bời
Thợ Săn Hồng Hài Nhi	illustrative-humor	CT7	Trơi Bời
Nội Dung Nhạy Cảm	sans-dam-khoi-minimal	CT0	Trơi Bời
NICE DAY MAI ĐÓ	sans-dam-khoi-minimal	CT2	Trơi Bời
Nhạc Đến Nhà	sans-dam-khoi-minimal	CT0	Trơi Bời
Người Ngoài Hành Lang	sans-dam-khoi-minimal	CT2	Trơi Bời
Lỗ Nào Cũng Bắn	sans-dam-khoi-minimal	CT0	Trơi Bời
Làm Tí Hàu	sans-dam-khoi-minimal	CT0	Trơi Bời
Không Sợ Kẻ Địch Mạnh	sans-dam-khoi-minimal	CT0	Trơi Bời
Hết Tiền	sans-dam-khoi-minimal	CT0	Trơi Bời
Gừng Càng Già Càng Bay	sans-dam-khoi-minimal	CT1	Trơi Bời
Gơn Phố	bubble-cursive	CT1	Trơi Bời
Dân Chơi	bubble-cursive	CT0	Trơi Bời
Dân Chơi Không Sợ Mưa Rơi - Nhưng Sợ Mẹ	sans-dam-khoi-minimal	CT8	Trơi Bời
Ba Lên Xe Tay Ga	sans-dam-khoi-minimal	CT0	Trơi Bời
Cá Chà Bặc	sans-dam-khoi-minimal	CT1	Lifey Stuff
Chưa Tày Đâu - Bạn Thì Kinh Rồi	micro-text-organized	CT8	Lifey Stuff
Đũy Mèo Huh	mascot-fun	CT8	Đũy Mèo
Thích Ăn Hàu Tươi	sans-dam-khoi-minimal	CT0	Thèm Đi Biển
Vì Anh Ngại	sans-dam-khoi-minimal	CT0	Đũy Mèo
OutSource My LegDay	sans-dam-khoi-minimal	CT3	Chuyện Phòng Gym
Leg Day	sans-dam-khoi-minimal	CT0	Chuyện Phòng Gym
Donal Pump	sans-dam-khoi-minimal	CT4	Chuyện Phòng Gym
Chỉ Thích Tập Tay	sans-dam-khoi-minimal	CT0	Chuyện Phòng Gym
Will You Train With Me	sans-dam-khoi-minimal	CT0	Chuyện Phòng Gym
Where Is My Dumbbel	sans-dam-khoi-minimal	CT0	Chuyện Phòng Gym
The Gym Is Calling	sans-dam-khoi-minimal	CT0	Chuyện Phòng Gym
Pain Is Fuel	sans-dam-khoi-minimal	CT0	Chuyện Phòng Gym
Oops My Ball	bubble-cursive	CT0	Chuyện Phòng Gym
Live Love Lift	sans-dam-khoi-minimal	CT0	Chuyện Phòng Gym
KameKIt	cutout-real-image	CT1	Chuyện Phòng Gym
Insalling Muscles	vintage-badge	CT2	Chuyện Phòng Gym
Dưỡng Sinh Không Vội	sans-dam-khoi-minimal	CT0	Chuyện Phòng Gym
Donut Quit	sans-dam-khoi-minimal	CT6	Chuyện Phòng Gym
Back To The Gym	halftone-retro	CT10	Chuyện Phòng Gym
Anti Cardio Lifting Club	micro-text-organized	CT4	Chuyện Phòng Gym
Training To Beat Goku	mascot-fun	CT0	Chuyện Phòng Gym
Thêm Tạ Vào Đi	sans-dam-khoi-minimal	CT0	Chuyện Phòng Gym
Thêm Rep Nữa Đi Em	sans-dam-khoi-minimal	CT0	Chuyện Phòng Gym
Tập Nặng Vai Gãy	cutout-real-image	CT0	Chuyện Phòng Gym
Squat Make You Booty	sans-dam-khoi-minimal	CT0	Chuyện Phòng Gym
Never Skip Leg Day	script-serif	CT0	Chuyện Phòng Gym
Nâng Tạ	sans-dam-khoi-minimal	CT0	Chuyện Phòng Gym
MonaLift-Sa	script-serif	CT4	Chuyện Phòng Gym
Không Thích Tập Chân	script-serif	CT0	Chuyện Phòng Gym
Không Ham Tạ Nặng	script-serif	CT0	Chuyện Phòng Gym
Dumbbells	sans-dam-khoi-minimal	CT0	Chuyện Phòng Gym
Người Xinh Vì Tài	script-serif	CT8	Couple Goals
Xinh Và Nhiều Tiền	script-serif	CT0	Couple Goals
VUÝP	sans-dam-khoi-minimal	CT0	Job
Nghề Chọn Người	script-serif	CT7	Job
Leader Lào Gì Cũng Tôn	script-serif	CT1	Job
Gamer Người Bị Game Chơi	mascot-fun	CT0	Job
Designer Thiết Kế Gặp Họa	script-serif	CT0	Job
Content Creator Nhà Sáng Tạo Nội Dung	script-serif	CT4	Job
Artist Nghệ Sĩ	script-serif	CT0	Job
Ủa em	vintage-badge	CT0	Job
Teacher Thợ Giữ Trẻ	script-serif	CT7	Job
Sông Sâu Tĩnh Lặng	sans-dam-khoi-minimal	CT0	Job
Người Vùng Cao	sans-dam-khoi-minimal	CT0	Job
Người Lào	sans-dam-khoi-minimal	CT0	Job
Người Có Chồng Sịn	script-serif	CT7	Job
Người Chọn Đi Chơi	script-serif	CT7	Job
Meme Chú Vịt Ham Sống Sợ Stress	mascot-fun	CT0	Job
Meme Chú Vịt Cuộc Sống Hối Hả	mascot-fun	CT0	Job
Lương 5 Triệu	halftone-retro	CT0	Job
Đánh Khách Là Hư Lắm	sans-dam-khoi-minimal	CT0	Job
CSKH	sans-dam-khoi-minimal	CT0	Job
Cột Sống Designer	script-serif	CT0	Job
Du Lịch Nam Bắc	vintage-badge	CT0	Việt Nam Du Hí
Con Chó Nâu	cutout-real-image	CT0	Animal Circus
Mona Fuck It	cutout-real-image	CT0	Nghẹo Sĩ
Revealed Truths	script-serif	CT0	Nghẹo Sĩ
Mona Ăn Chơi	cutout-real-image	CT0	Nghẹo Sĩ
I Do Not Care	cutout-real-image	CT0	Nghẹo Sĩ
Fuckboys Everywhere	multicolor-vibrant	CT0	Nghẹo Sĩ
David's Day Off	multicolor-vibrant	CT0	Nghẹo Sĩ
David Chảnh	script-serif	CT0	Nghẹo Sĩ
Stand By Your Side	multicolor-vibrant	CT0	Tuyệt Đối Điện Ảnh
Shooting Star Mabel	multicolor-vibrant	CT0	Tuyệt Đối Điện Ảnh
Luon Vuituoi	sans-dam-khoi-minimal	CT0	Lifey Stuff
Cẩm Nang Du Khách Hàn	cutout-real-image	CT0	Lifey Stuff
Ai Mới Là Kẻ Điên	script-serif	CT0	Đơn Giản Hóa
Yêu Lại NYC Của Mình Còn Hơn	script-serif	CT0	Đơn Giản Hóa
Người Nói Ít Thôi	script-serif	CT0	Đơn Giản Hóa
Người Đẳng Cấp Không Chấp kẻ Tầm Thường	script-serif	CT0	Trơi Bời
Không Được Khách Mèo Mèo	cutout-real-image	CT0	Đũy Mèo
Củ Tỏi Nung Quạ	script-serif	CT6	Fruitland
Hiệp Nữa Đi Anh	script-serif	CT0	Chuyện Phòng Gym
Espresso Patronum	illustrative-humor	CT0	Nhâm Nhi
Vịt Ngủ Ngon	mascot-fun	CT0	Animal Circus
Vịt Sạc Pin	mascot-fun	CT0	Animal Circus
Vịt Đi Ngủ	mascot-fun	CT0	Animal Circus
Vịt Đếm Cừu	mascot-fun	CT0	Animal Circus
Lợn Và Vịt	micro-text-organized	CT8	Animal Circus
Không Phải Mệt	cutout-real-image	CT0	Animal Circus
Chúc Bạn Hành Trình Xuôn Sẻ	script-serif	CT0	Animal Circus
Chấm Than	sans-dam-khoi-minimal	CT0	Animal Circus
Cân Vội	sans-dam-khoi-minimal	CT0	Animal Circus
Alo Ạ	sans-dam-khoi-minimal	CT0	Animal Circus
Cái Lùm Mía	cutout-real-image	CT0	Lifey Stuff
Rối Lắm Nừng	cutout-real-image	CT0	Lifey Stuff
Nắng Cực Nặng	cutout-real-image	CT0	Lifey Stuff
MonaLizar	cutout-real-image	CT0	Animal Circus
Làm Sét	sans-dam-khoi-minimal	CT0	Chuyện Phòng Gym
Back To The Gym Cat	mascot-fun	CT0	Chuyện Phòng Gym
Mỏ Hỗn	cutout-real-image	CT0	Animal Circus
Today Serious	sans-dam-khoi-minimal	CT0	Animal Circus
Tôi Chân Tình	script-serif	CT0	Job
Ăn,Ngủ,Làm	mascot-fun	CT0	Job
Just Be Cow	mascot-fun	CT0	Animal Circus
Nín	sans-dam-khoi-minimal	CT0	Trơi Bời
Nguyện Một Lòng Như Đóa Liên Hoa	mascot-fun	CT0	Animal Circus
Đừng Động Vào Tao	cutout-real-image	CT5	Đũy Mèo
Puppy Bouquet	cutout-real-image	CT0	Animal Circus
Ăn GÌ Cũng Được	cutout-real-image	CT0	Lifey Stuff
Áo Mẹo	cutout-real-image	CT0	Lifey Stuff
Bình Xuôi	sans-dam-khoi-minimal	CT0	Lifey Stuff
Avocardio	halftone-retro	CT6	Chuyện Phòng Gym
Em Bé Ngoan XInh IU	cutout-real-image	CT0	Đũy Mèo
Không Đừng Để Meow Phải Lóng	cutout-real-image	CT0	Đũy Mèo
Khoai Tơ Ngon Cục	script-serif	CT6	Fruitland
Cỏ Cải Củ Lợn	script-serif	CT6	Fruitland
Cầm Lấy Và Mất Tr Đi	cutout-real-image	CT0	?
Làm Vì Lương	script-serif	CT0	Job
Kitty Post Malone	script-serif	CT0	Băng Đĩa Hải Ngoại
Bạn Là Nhất	cutout-real-image	CT0	Animal Circus
Hơn Thua Hơn Hẳn	script-serif	CT8	Lifey Stuff
1 Điều Nhịn	script-serif	CT0	Lifey Stuff
This Shirt Look Big	script-serif	CT0	Trơi Bời
Bắt Đầu Vui Chơi	script-serif	CT0	Trơi Bời
Nỉ Hảo, Tà Cưa	script-serif	CT4	Animal Circus
Mooody Pink	vintage-badge	CT4	Animal Circus
Mooody	vintage-badge	CT4	Animal Circus
Đi Trên Dây	sans-dam-khoi-minimal	CT0	Animal Circus
Đi Biển	mascot-fun	CT0	Animal Circus
Chữa Lành Đi	script-serif	CT0	Animal Circus
Tiền Là Phù Du	script-serif	CT0	Animal Circus
Every day is not Sunday	multicolor-vibrant	CT4	Animal Circus
Mồm!	sans-dam-khoi-minimal	CT0	Lifey Stuff
Cuộc Sống Hối Hả	script-serif	CT0	Animal Circus
Vội Vàng	sans-dam-khoi-minimal	CT0	Lifey Stuff
Hốc Trưởng Không Tập	sans-dam-khoi-minimal	CT0	Chuyện Phòng Gym
Kiếm Khách	illustrative-humor	CT0	Job
Hội Nào Cũng Chơi	script-serif	CT0	Animal Circus
Bad Cattitude	sans-dam-khoi-minimal	CT0	Đũy Mèo
Anti Stupid	sans-dam-khoi-minimal	CT0	Đũy Mèo
Web Designer	script-serif	CT0	Job
Employed But What Cost	script-serif	CT0	Job
Em Xuất File Giúp Chị	script-serif	CT0	Job
Em Xuất File Giúp Anh	script-serif	CT0	Job
Chị Xuất File Giúp Em	script-serif	CT0	Job
Anh Xuất File Giúp Em	script-serif	CT0	Job
Ô Hay Cái Cuộc Đời Này	sans-dam-khoi-minimal	CT0	Job
Sống Một Đời Rực Rỡ	multicolor-vibrant	CT0	Lifey Stuff
Mình Hào Nhoáng Lên	multicolor-vibrant	CT1	Lifey Stuff
Leave My Tits Alone	cutout-real-image	CT5	Animal Circus
Làm Gì Khó Coi Vậy Bay	cutout-real-image	CT1	Animal Circus
Chữ Z	sans-dam-khoi-minimal	CT0	Alpha Best
Chữ Y	sans-dam-khoi-minimal	CT0	Alpha Best
Chữ X	sans-dam-khoi-minimal	CT0	Alpha Best
Chữ W	sans-dam-khoi-minimal	CT0	Alpha Best
Chữ Á	sans-dam-khoi-minimal	CT0	A-Z
Chữ U	sans-dam-khoi-minimal	CT0	Alpha Best
Chữ T	sans-dam-khoi-minimal	CT0	Alpha Best
Chữ S	sans-dam-khoi-minimal	CT0	Alpha Best
Chữ R	sans-dam-khoi-minimal	CT0	Alpha Best
Chữ Q	sans-dam-khoi-minimal	CT0	Alpha Best
Chữ P	sans-dam-khoi-minimal	CT0	Alpha Best
Chữ O	sans-dam-khoi-minimal	CT0	Alpha Best
Chữ N	sans-dam-khoi-minimal	CT0	Alpha Best
Chữ M	sans-dam-khoi-minimal	CT0	Alpha Best
Chữ L	sans-dam-khoi-minimal	CT0	Alpha Best
Chữ K	sans-dam-khoi-minimal	CT0	Alpha Best
Chữ J	sans-dam-khoi-minimal	CT0	Alpha Best
Chữ I	sans-dam-khoi-minimal	CT0	Alpha Best
Chữ H	sans-dam-khoi-minimal	CT0	Alpha Best
Chữ G	sans-dam-khoi-minimal	CT0	Alpha Best
Chữ F	sans-dam-khoi-minimal	CT0	Alpha Best
Chữ E	sans-dam-khoi-minimal	CT0	Alpha Best
Chữ D	sans-dam-khoi-minimal	CT0	Alpha Best
Chữ C	sans-dam-khoi-minimal	CT0	Alpha Best
Chữ B	sans-dam-khoi-minimal	CT0	Alpha Best
Chữ A	sans-dam-khoi-minimal	CT0	Alpha Best
Tôi Bị Nghèo	realistic-humor	CT5	Đũy Mèo
Vải Lon Lươn	cutout-real-image	CT2	Lifey Stuff
Quá Là Đỉnh	halftone-retro	CT0	Lifey Stuff
Quá Ghê Gớm	halftone-retro	CT0	Lifey Stuff
Ghê Vậy Sao	halftone-retro	CT0	Lifey Stuff
Dù Mã Mây	halftone-retro	CT2	Lifey Stuff
Cái Lon Ma	cutout-real-image	CT0	Lifey Stuff
Thug Story	halftone-retro	CT0	Tuyệt Đối Điện Ảnh
Sweetie Đưa Tiền Đây	bubble-cursive	CT0	Tuyệt Đối Điện Ảnh
Snu Snu Is My Cardio	cutout-real-image	CT0	Tuyệt Đối Điện Ảnh
Pawer Rangers	cutout-real-image	CT4	Tuyệt Đối Điện Ảnh
No Thank You	cutout-real-image	CT0	Lifey Stuff
No Complaints	cutout-real-image	CT0	Lifey Stuff
Mine Mine Mine	sans-dam-khoi-minimal	CT0	Tuyệt Đối Điện Ảnh
Mấy Con Mèo	cutout-real-image	CT0	Đũy Mèo
Life Sucks	halftone-retro	CT0	Lifey Stuff
Kiss Me It My Birthday	bubble-cursive	CT0	Lifey Stuff
Ken Is Gay	sans-dam-khoi-minimal	CT1	Tuyệt Đối Điện Ảnh
It Is What It Is	halftone-retro	CT0	Lifey Stuff
Buzz Light Beer	cutout-real-image	CT4	Tuyệt Đối Điện Ảnh
Blow Me	cutout-real-image	CT1	Lifey Stuff
Aint I So Cool	bubble-cursive	CT0	Lifey Stuff
LGBT - Luôn Giữ Bình Tĩnh	illustrative-humor	CT3	Lifey Stuff
Không Được Đấm Sếp	illustrative-humor	CT0	Job
Phông Bạt	bubble-cursive	CT0	Lifey Stuff
I Dont Need Chat Gpt , My Hubby Knows Everything	illustrative-humor	CT0	Love Bites
Sếp Thật Quá Đáng - Qúa Đáng Để Iu	illustrative-humor	CT0	Job
Không Được Cãi Sếp	illustrative-humor	CT0	Job
Khách Nói Gì Cũng Đúng Đúng Đúng	illustrative-humor	CT0	Job
Mình Tự Do Do Tự Mình	illustrative-humor	CT1	Lifey Stuff
Looking For Somebody To Love	bubble-cursive	CT0	Trơi Bời
Music Is My Only Drug	bubble-cursive	CT0	Trơi Bời
Now I Work	bubble-cursive	CT0	Trơi Bời
Send Me Your Playlist	bubble-cursive	CT0	Trơi Bời
Send Me Money	bubble-cursive	CT0	Trơi Bời
Tôi Sống Rất Lương Thiện	bubble-cursive	CT0	Trơi Bời
Đi Tập Thể Dục Một Mình	bubble-cursive	CT0	Lifey Stuff
Lười Lao động	bubble-cursive	CT0	Lifey Stuff
Đi Cafe Một Mình	bubble-cursive	CT0	Lifey Stuff
Đi Tập Yoga Một Mình	bubble-cursive	CT0	Lifey Stuff
Đi Chill Một Mình	bubble-cursive	CT0	Lifey Stuff
Đi Thám Hiểm Một Mình	bubble-cursive	CT0	Lifey Stuff
Học Nqu Nhưng Gu Học Bá	script-serif	CT0	Trơi Bời
Đời Cơ Thủ - Lỗ Nào Cũng Bắn - Lúc Trúng Lúc Không	illustrative-humor	CT0	Trơi Bời
Cộng Đồng Chat GPT	bubble-cursive	CT0	Trơi Bời
You Hate Me	bubble-cursive	CT0	Lifey Stuff
You Are So Ngon	bubble-cursive	CT0	Lifey Stuff
We Are Pre-Rich	bubble-cursive	CT0	Lifey Stuff
This Is Fire	bubble-cursive	CT0	Lifey Stuff
Tao Nên Cười	sans-dam-khoi-minimal	CT0	Lifey Stuff
Sounds Gay	bubble-cursive	CT0	Lifey Stuff
Mẹo Mày Bé	bubble-cursive	CT0	Lifey Stuff
I'm Not Mad	bubble-cursive	CT0	Lifey Stuff
Im Not Gay	bubble-cursive	CT0	Lifey Stuff
I Over Think	bubble-cursive	CT0	Lifey Stuff
Giỏi Ielts	cutout-real-image	CT0	Job
F-Word	bubble-cursive	CT5	Lifey Stuff
Fist Luck	cutout-real-image	CT0	Lifey Stuff
Đi Thi Là Có Giải	cutout-real-image	CT0	Lifey Stuff
Nhức Cái Đầu	sans-dam-khoi-minimal	CT0	Đũy Mèo
Yo Bitch Hoodie	bubble-cursive	CT0	Tuyệt Đối Điện Ảnh
Trùm Diệt Đồ Chơi Hoodie	bubble-cursive	CT0	Tuyệt Đối Điện Ảnh
Pink Monster Hoodie	bubble-cursive	CT0	Trơi Bời
Oppai Hoodie	bubble-cursive	CT0	Tuyệt Đối Điện Ảnh
Mấy Viên Bi Rồng Hoodie	bubble-cursive	CT0	Tuyệt Đối Điện Ảnh
Im OK Hoodie	bubble-cursive	CT0	Tuyệt Đối Điện Ảnh
Eat Sleep Anime Repeat Hoodie	bubble-cursive	CT0	Tuyệt Đối Điện Ảnh
Dồ Ái Mồ Hoodie	cutout-real-image	CT1	Tuyệt Đối Điện Ảnh
Disme Hoodie	cutout-real-image	CT5	Tuyệt Đối Điện Ảnh
Baka Hoodie	bubble-cursive	CT0	Tuyệt Đối Điện Ảnh
Pink Monster Sweater	bubble-cursive	CT0	Trơi Bời
Yo Bitch Sweater	bubble-cursive	CT0	Tuyệt Đối Điện Ảnh
Trùm Diệt Đồ Chơi Sweater	bubble-cursive	CT0	Tuyệt Đối Điện Ảnh
Oppai Sweater	bubble-cursive	CT0	Tuyệt Đối Điện Ảnh
Mấy Viên Bi Rồng Sweater	bubble-cursive	CT0	Tuyệt Đối Điện Ảnh
Im OK Sweater	bubble-cursive	CT0	Tuyệt Đối Điện Ảnh
Eat Sleep Anime Repeat Sweater	bubble-cursive	CT0	Tuyệt Đối Điện Ảnh
Dồ Ái Mồ Sweater	cutout-real-image	CT1	Tuyệt Đối Điện Ảnh
Disme Sweater	cutout-real-image	CT5	Tuyệt Đối Điện Ảnh
Baka Sweater	bubble-cursive	CT0	Tuyệt Đối Điện Ảnh
Yo Bitch	bubble-cursive	CT5	Tuyệt Đối Điện Ảnh
Trùm Diệt Đồ Chơi	bubble-cursive	CT0	Tuyệt Đối Điện Ảnh
Pink Monster	bubble-cursive	CT0	Trơi Bời
Oppai	bubble-cursive	CT0	Tuyệt Đối Điện Ảnh
Mấy Viên Bi Rồng	bubble-cursive	CT0	Tuyệt Đối Điện Ảnh
Eat Sleep Anime Repeat	bubble-cursive	CT0	Tuyệt Đối Điện Ảnh
Dồ Ái Mồ	cutout-real-image	CT1	Tuyệt Đối Điện Ảnh
Disme	cutout-real-image	CT5	Tuyệt Đối Điện Ảnh
Baka	bubble-cursive	CT0	Tuyệt Đối Điện Ảnh
Trùm Cuối Nhà Họ Phan Hoodie	sans-dam-khoi-minimal	CT4	Vietnamese Culture
Sản Phẩm Lõi Dòng Họ Lê Hoodie	vintage-badge	CT7	Vietnamese Culture
Nóc Nhà Họ Vũ Hoodie	vintage-badge	CT7	Vietnamese Culture
Nhặt Ngoài Bãi Rác Họ Trần Hoodie	vintage-badge	CT7	Vietnamese Culture
Nghịch Tử Số 1 Họ Hà Hoodie	vintage-badge	CT7	Vietnamese Culture
Made By Lê Family Hoodie	vintage-badge	CT3	Vietnamese Culture
Gen Tinh Hoa Đỗ Gia Tộc Hoodie	vintage-badge	CT7	Vietnamese Culture
Gen Lặn Nhà Họ Nguyễn Hoodie	vintage-badge	CT7	Vietnamese Culture
Gánh Nặng Họ Ngô Hoodie	vintage-badge	CT7	Vietnamese Culture
Đột Biến Gen Họ Hà Hoodie	vintage-badge	CT7	Vietnamese Culture
Diễn Viên Hề Họ Nguyễn Hoodie	vintage-badge	CT7	Vietnamese Culture
Cục Nợ Nhà Họ Trần Hoodie	vintage-badge	CT7	Vietnamese Culture
Báo Thủ Họ Phạm Hoodie	vintage-badge	CT7	Vietnamese Culture
Sản Phẩm Lõi Dòng Họ Lê	vintage-badge	CT7	Vietnamese Culture
Nghịch Tử Số 1 Họ Hà	vintage-badge	CT7	Vietnamese Culture
Gánh Nặng Họ Ngô	vintage-badge	CT7	Vietnamese Culture
Diễn Viên Hề Họ Nguyễn	vintage-badge	CT7	Vietnamese Culture
Trùm Cuối Nhà Họ Phan Sweater	vintage-badge	CT7	Vietnamese Culture
Sản Phẩm Lõi Dòng Họ Lê Sweater	vintage-badge	CT7	Vietnamese Culture
Nóc Nhà Họ Vũ Sweater	vintage-badge	CT7	Vietnamese Culture
Nhặt Ngoài Bãi Rác Họ Trần Sweater	vintage-badge	CT7	Vietnamese Culture
Nghịch Tử Số 1 Họ Hà Sweater	vintage-badge	CT7	Vietnamese Culture
Made By Lê Family Sweater	vintage-badge	CT3	Vietnamese Culture
Gen Tinh Hoa Đỗ Gia Tộc Sweater	vintage-badge	CT7	Vietnamese Culture
Gen Lặn Nhà Họ Nguyễn Sweater	vintage-badge	CT7	Vietnamese Culture
Gánh Nặng Họ Ngô Sweater	vintage-badge	CT7	Vietnamese Culture
Đột Biến Gen Họ Hà Sweater	vintage-badge	CT7	Vietnamese Culture
Diễn Viên Hề Họ Nguyễn Sweater	vintage-badge	CT7	Vietnamese Culture
Cục Nợ Nhà Họ Trần Sweater	vintage-badge	CT7	Vietnamese Culture
Báo Thủ Họ Phạm Sweater	vintage-badge	CT7	Vietnamese Culture
To Be Continued	halftone-retro	CT3	Tuyệt Đối Điện Ảnh
SBR Wild West Zeppelin	halftone-retro	CT0	Tuyệt Đối Điện Ảnh
SBR Wild West Johnny Joestar	halftone-retro	CT0	Tuyệt Đối Điện Ảnh
SBR Wild West Diego Brando	halftone-retro	CT0	Tuyệt Đối Điện Ảnh
Oh! My! God!	halftone-retro	CT1	Tuyệt Đối Điện Ảnh
Forgive Them Father	halftone-retro	CT1	Tuyệt Đối Điện Ảnh
Chú Chuột Bếp Trưởng	mascot-fun	CT6	Tuyệt Đối Điện Ảnh
But It Was Me Dio	mascot-fun	CT1	Tuyệt Đối Điện Ảnh
Vịt Và Heo Về Nhà Ăn Tết Sweater	mascot-fun	CT8	Nghỉ Lễ
Gấp Đôi Thì Được Sweater	mascot-fun	CT1	Nghỉ Lễ
To Be Continued Sweater	halftone-retro	CT3	Tuyệt Đối Điện Ảnh
SBR Wild West Zeppelin Sweater	halftone-retro	CT0	Tuyệt Đối Điện Ảnh
SBR Wild West Johnny Joestar Sweater	halftone-retro	CT0	Tuyệt Đối Điện Ảnh
SBR Wild West Diego Brando Sweater	halftone-retro	CT0	Tuyệt Đối Điện Ảnh
Oh! My! God! Sweater	halftone-retro	CT1	Tuyệt Đối Điện Ảnh
Forgive Them Father Sweater	halftone-retro	CT1	Tuyệt Đối Điện Ảnh
Chú Chuột Bếp Trưởng Sweater	mascot-fun	CT6	Tuyệt Đối Điện Ảnh
But It Was Me Dio Sweater	mascot-fun	CT1	Tuyệt Đối Điện Ảnh
Tăng High, Tăng Bar, Không Tăng Ca	mascot-fun	CT1	Job
Đồng Nghiệp Cùng Nhau Tạo Nghiệp	mascot-fun	CT1	Job
Đủ Wow Rồi Đó	mascot-fun	CT1	Job
99% Cơ Thể Là Xá Lợi	mascot-fun	CT1	Job
Không Được Đánh Khách Hoodie	mascot-fun	CT5	Job
Đánh Khách là hư lắm Hoodie	mascot-fun	CT1	Job
Không Được Đánh Khách Sweater	mascot-fun	CT5	Job
Tăng High, Tăng Bar, Không Tăng Ca Sweater	mascot-fun	CT1	Job
Đủ Wow Rồi Đó Sweater	mascot-fun	CT1	Job
Đồng Nghiệp Cùng Nhau Tạo Nghiệp Sweater	mascot-fun	CT1	Job
Đánh Khách là hư lắm Sweater	mascot-fun	CT1	Job
99% Cơ Thể Là Xá Lợi Sweater	mascot-fun	CT1	Job
Thợ Hurt Tóc	mascot-fun	CT7	Job
Thế Hệ Cợt Nhả	mascot-fun	CT10	Job
Tảttoo Ảtist	mascot-fun	CT3	Job
Tảrot Readẻ	mascot-fun	CT3	Job
Tăng High Tăng Bar	mascot-fun	CT1	Job
Studèn	mascot-fun	CT3	Job
Dríver	mascot-fun	CT3	Job
Đồng Nghiệp	mascot-fun	CT1	Job
Stylist	mascot-fun	CT1	Job
Singer	mascot-fun	CT1	Job
Lawyer	mascot-fun	CT1	Job
Kiến Trúc Sư	mascot-fun	CT1	Job
HR	mascot-fun	CT1	Job
Freelancer	mascot-fun	CT1	Job
Ủa Sếp	mascot-fun	CT1	Job
Nước Trong Thì Không Có Cá	mascot-fun	CT6	Job
Người Vô Dụng	illustrative-humor	CT7	Job
Ngủ Giờ Hành Chính	mascot-fun	CT1	Job
Ngợp Thở Quá Sếp	mascot-fun	CT1	Job
Muốn Nghỉ Làm Nhưng Nghèo Nên Vừa Khóc Vừa Làm	mascot-fun	CT5	Job
Meme Chú Vịt Muốn Nghỉ Làm	mascot-fun	CT1	Job
Lương Cao Thế	mascot-fun	CT1	Job
Help Me	mascot-fun	CT1	Job
Graphic Designer	mascot-fun	CT1	Job
Final Pr	mascot-fun	CT0	Job
Final Lightroom	mascot-fun	CT0	Job
Final Ai	mascot-fun	CT0	Job
Final Ae	mascot-fun	CT0	Job
Cột Sống Sinh Viên	mascot-fun	CT7	Job
Bật Sếp Tanh Tách	mascot-fun	CT1	Job
Help Me New Year Hoodie	mascot-fun	CT1	Nghỉ Lễ
Sasuke Tamin Sweater	mascot-fun	CT4	Tuyệt Đối Điện Ảnh
Naruto Baco Sweater	mascot-fun	CT4	Tuyệt Đối Điện Ảnh
Faker Is Calling Sweater	mascot-fun	CT7	Đời Game Thủ
Diệt Khổng Lồ Ánh Sáng Sweater	mascot-fun	CT7	Đời Game Thủ
Sasuke Tamin	mascot-fun	CT4	Tuyệt Đối Điện Ảnh
Naruto Baco	mascot-fun	CT4	Tuyệt Đối Điện Ảnh
Xấu Người Xấu Nết	illustrative-humor	CT8	Lifey Stuff
Xấu Người Đẹp Nết	illustrative-humor	CT8	Lifey Stuff
Tiệm Tạp Hoá	vintage-badge	CT0	Lifey Stuff
Sống Trong Đời Sống	vintage-badge	CT0	Lifey Stuff
Sai Đẹp Giú	illustrative-humor	CT8	Lifey Stuff
Sai Đẹp Chill	illustrative-humor	CT8	Lifey Stuff
Pussy White Dice	micro-text-organized	CT3	Lifey Stuff
Mắc Tè	illustrative-humor	CT0	Lifey Stuff
Tôi Tired Bạn Cũng Thế	micro-text-organized	CT3	Lifey Stuff
Trạng Thái Của Tôi Lúc Này	micro-text-organized	CT3	Lifey Stuff
Tôi Tài Giỏi Bạn Cũng Cũng	illustrative-humor	CT8	Lifey Stuff
Sunday Vibes	illustrative-humor	CT1	Lifey Stuff
Sợ NY	illustrative-humor	CT1	Lifey Stuff
LGBT	bold-central-flat	CT4	Lifey Stuff
I_m Busy	bold-central-flat	CT3	Lifey Stuff
Đứa Trẻ Vô Tư Năm Ấy	illustrative-humor	CT7	Lifey Stuff
Don't Think About Tomorrow	bold-central-flat	CT3	Lifey Stuff
CLGT	bold-central-flat	CT3	Lifey Stuff
Chuẩn Bị Gầy	illustrative-humor	CT10	Lifey Stuff
Chín Bỏ Vào Mồm	illustrative-humor	CT6	Lifey Stuff
Câm Mồm	bold-central-flat	CT5	Lifey Stuff
BDSM	bold-central-flat	CT5	Lifey Stuff
Áo đẹp bền vững	bold-central-flat	CT5	Lifey Stuff
Về Nhà Ăn Tết	illustrative-humor	CT1	Nghỉ Lễ
Tiền Vào Như Nước	sans-dam-khoi-minimal	CT0	Nghỉ Lễ
Tài Lộc Chọn Bạn	sans-dam-khoi-minimal	CT0	Nghỉ Lễ
Ngồi Trên Đống Tiền	sans-dam-khoi-minimal	CT0	Nghỉ Lễ
Năm Mới Vui Vẻ	sans-dam-khoi-minimal	CT0	Nghỉ Lễ
Năm Mới Phát Tài	sans-dam-khoi-minimal	CT0	Nghỉ Lễ
Mang Tiền Về Cho Mẹ	sans-dam-khoi-minimal	CT0	Nghỉ Lễ
Lì Xì Tới	sans-dam-khoi-minimal	CT0	Nghỉ Lễ
Đỏ Tình Đỏ Bạc	micro-text-organized	CT0	Nghỉ Lễ
Đen Tình Đỏ Bạc	micro-text-organized	CT0	Nghỉ Lễ
5 Tiền 3 Sao Hoodie	vintage-badge	CT0	Đời Game Thủ
Winner Winner Chicken Dinner Hoodie	vintage-badge	CT3	Đời Game Thủ
Top Tier Hoodie	vintage-badge	CT3	Đời Game Thủ
Top 1 Winner Hoodie	vintage-badge	CT0	Đời Game Thủ
Slay Demacia Hoodie	vintage-badge	CT0	Đời Game Thủ
Slay Boss Hoodie	vintage-badge	CT0	Đời Game Thủ
Phá Đảo Hoodie	vintage-badge	CT0	Đời Game Thủ
Only Teamfight Tactics Hoodie	vintage-badge	CT3	Đời Game Thủ
Only League Of Legends Hoodie	vintage-badge	CT3	Đời Game Thủ
Only Aram Hoodie	vintage-badge	CT3	Đời Game Thủ
Jungler I Like Bushes Hoodie	vintage-badge	CT0	Đời Game Thủ
Ez Game Hoodie	vintage-badge	CT0	Đời Game Thủ
Best Yasuo Hoodie	vintage-badge	CT0	Đời Game Thủ
Help Me New Year 2	vintage-badge	CT3	Nghỉ Lễ
Help Me New Year	vintage-badge	CT3	Nghỉ Lễ
Beauty With Brain	bold-central-flat	CT3	Lifey Stuff
Không Phận Sự Miễn Góp Ý	bold-central-flat	CT3	Lifey Stuff
Cái Gì	bold-central-flat	CT0	Lifey Stuff
No Money	bold-central-flat	CT3	Lifey Stuff
Đẹp Gái Làm Ơn Đừng Có Buồn	script-serif	CT0	Lifey Stuff
Trời Đánh Tránh Người Xink	script-serif	CT0	Lifey Stuff
Hướng Ngoại Partime	micro-text-organized	CT0	Lifey Stuff
Hướng Nội Partime	micro-text-organized	CT0	Lifey Stuff
Trai Đẹp	bold-central-flat	CT0	Lifey Stuff
Ổn Lòi Lìa	mascot-fun	CT0	Lifey Stuff
Chủ Nhân Của Bảo Kiếm	mascot-fun	CT0	Lifey Stuff
Alway Right	bold-central-flat	CT3	Lifey Stuff
Xà Quần	bubble-cursive	CT0	Animal Circus
Thân Cận	bubble-cursive	CT0	Animal Circus
LIVE LIKE A DOG	vintage-badge	CT3	Animal Circus
Fly Like A Beagle	vintage-badge	CT3	Animal Circus
Feeling Unproducktive	vintage-badge	CT3	Animal Circus
Em Bé Duck	vintage-badge	CT0	Animal Circus
Dog Days Of Summer	vintage-badge	CT3	Animal Circus
Chó Săn Mồi	vintage-badge	CT0	Animal Circus
Năm Qua Tui Đã	cutout-real-image	CT0	Nghỉ Lễ
Năm Qua Tui Đã Hoodie	cutout-real-image	CT0	Nghỉ Lễ
Năm Qua Tui Đã Sweater	cutout-real-image	CT0	Nghỉ Lễ
You Just Can Do It Dog	cutout-real-image	CT3	Animal Circus
The Beagles	cutout-real-image	CT3	Animal Circus
Rockin Out Raccoon	cutout-real-image	CT0	Animal Circus
Retro Cat Y2K	vintage-badge	CT0	Animal Circus
Funny Bull Dog	vintage-badge	CT0	Animal Circus
Ducking Motherquacker	vintage-badge	CT3	Animal Circus
Don't Panic It's Organic Cat	vintage-badge	CT3	Animal Circus
Don't Duck With Me	vintage-badge	CT3	Animal Circus
Cool Cat	vintage-badge	CT0	Animal Circus
Cay Cú	bold-central-flat	CT0	Animal Circus
Cat Skate	vintage-badge	CT0	Animal Circus
Black Dog	vintage-badge	CT0	Animal Circus
Hàng Việt Nam Chất Lượng Cao Sweater	cutout-real-image	CT0	Vietnamese Culture
Hàng Tồn Kho Sweater	cutout-real-image	CT0	Vietnamese Culture
Hàng Nóng Sweater	cutout-real-image	CT0	Vietnamese Culture
Hàng Limited Sweater	cutout-real-image	CT0	Vietnamese Culture
Hàng Khủng Sweater	cutout-real-image	CT0	Vietnamese Culture
Hàng Hiếm Sweater	cutout-real-image	CT0	Vietnamese Culture
Hàng Độc Quyền Sweater	cutout-real-image	CT0	Vietnamese Culture
Hàng Dễ Vỡ Sweater	cutout-real-image	CT0	Vietnamese Culture
Only Aram Sweater	vintage-badge	CT3	Đời Game Thủ
Trẻ Không Chơi	script-serif	CT0	Trơi Bời
Nobody Care	script-serif	CT3	Trơi Bời
Đường Đua Tốn Gái	script-serif	CT0	Trơi Bời
Công Chúa Bong Bóng	bubble-cursive	CT0	Trơi Bời
Thợ Săn Tiểu Tiên Nữ	script-serif	CT7	Trơi Bời
Thợ Săn Thái Tử	script-serif	CT7	Trơi Bời
Thợ Săn Nhị Lang Thần	script-serif	CT7	Trơi Bời
Thợ Săn Ngưu Ma Vương	script-serif	CT7	Trơi Bời
Vắt Cực Khô	mascot-fun	CT0	Trơi Bời
Vào Bar Ra Nhạc	mascot-fun	CT0	Trơi Bời
Nỉ Bông Luôn Vui Tươi Basic	script-serif	CT0	Soft Routine
Trai Tài Gái Xỉu 2	script-serif	CT8	Trơi Bời
Trai Dân Tổ	script-serif	CT0	Trơi Bời
Thấy Lỗ Là Bắn	script-serif	CT0	Trơi Bời
Tâm Con Không Ác	script-serif	CT0	Trơi Bời
Quên Cái Cần Nhớ	script-serif	CT0	Trơi Bời
Pool Hub	vintage-badge	CT0	Trơi Bời
Người Việt Bay	script-serif	CT7	Trơi Bời
Người Chơi Hệ Hoả	script-serif	CT7	Trơi Bời
Luôn Là Người May Mắn	script-serif	CT0	Trơi Bời
Lái Bia Rượu	script-serif	CT0	Trơi Bời
Đứng Núi Này Trông Núi Nọ	sans-dam-khoi-minimal	CT0	Trơi Bời
Đứng Núi Này Trông Núi Nọ 2	sans-dam-khoi-minimal	CT0	Trơi Bời
Dân Tổ Việt - Nơi Tình Yêu Bốc Đầu	cutout-real-image	CT0	Trơi Bời
Còn Cái Nịt	script-serif	CT0	Trơi Bời
Bật Chế Độ Bay Lên	sans-dam-khoi-minimal	CT0	Trơi Bời
Bản Đôn Chề	sans-dam-khoi-minimal	CT0	Trơi Bời
Aura Farming	script-serif	CT3	Trơi Bời
Tiệm Gà 2 Anh Em	cutout-real-image	CT0	Tuyệt Đối Điện Ảnh
Sigma Boy	cutout-real-image	CT0	Tuyệt Đối Điện Ảnh
Ông Bô Mẽo	script-serif	CT0	Tuyệt Đối Điện Ảnh
Người Đàn Ông Gia Trưởng	script-serif	CT7	Tuyệt Đối Điện Ảnh
Chú Chuột Đầu Bết	cutout-real-image	CT0	Tuyệt Đối Điện Ảnh
Làm Lành Chữa Tình Sweater	cutout-real-image	CT6	Love Bites
Ez Game Sweater	vintage-badge	CT0	Đời Game Thủ
Best Yasuo Sweater	vintage-badge	CT0	Đời Game Thủ
Help Me Sweater	vintage-badge	CT3	Job
Graphic Designer Sweater	vintage-badge	CT3	Job
Giục Nữa Thì Vào Mà Làm Sweater	vintage-badge	CT3	Job
Hà Nội Nghìn Năm Sweater	cutout-real-image	CT0	Việt Nam Du Hí
Biểu Tượng Hải Phòng Sweater	cutout-real-image	CT0	Việt Nam Du Hí
Tài Lộc Chọn Bạn Sweater	cutout-real-image	CT0	Nghỉ Lễ
Ngồi Trên Đống Tiền Sweater	cutout-real-image	CT0	Nghỉ Lễ
Năm Mới Phát Tài Sweater	cutout-real-image	CT0	Nghỉ Lễ
Tiền Vào Như Nước Sweater	cutout-real-image	CT0	Nghỉ Lễ
Lì Xì Tới Sweater	cutout-real-image	CT0	Nghỉ Lễ
Hà Nội Nghìn Năm	cutout-real-image	CT0	Việt Nam Du Hí
Biểu Tượng Hải Phòng	cutout-real-image	CT0	Việt Nam Du Hí
Quy Nhơn	cutout-real-image	CT0	Việt Nam Du Hí
Gia Lai	cutout-real-image	CT0	Việt Nam Du Hí
Đồng Nai	cutout-real-image	CT0	Việt Nam Du Hí
Bình Dương	cutout-real-image	CT0	Việt Nam Du Hí
Bến Tre	sans-dam-khoi-minimal	CT0	Việt Nam Du Hí
Sắp Đẻ Rùi Nè Cả Nhà Đợi Xíu Nghe	bold-central-flat	CT0	Nghỉ Lễ
Sắp Cưới Rùi Nè Cả Nhà Đợi Xíu Nghe	bold-central-flat	CT0	Nghỉ Lễ
Năm Qua Thất Nghiệp Xin Đừng Hỏi Nhiều	bold-central-flat	CT0	Nghỉ Lễ
Vẫn Còn Con Nít Nên Chưa Có Bồ	bold-central-flat	CT0	Nghỉ Lễ
Lương Tháng 5 Triệu Xin Đừng Hỏi Nhiều	bold-central-flat	CT0	Nghỉ Lễ
Hãy Đánh Thức Con Ngọ Trong Người Tui	bold-central-flat	CT0	Nghỉ Lễ
Việt Nam - Tự Hào là Người Việt Nam	bold-central-flat	CT0	Việt Nam Du Hí
Phú Quốc	sans-dam-khoi-minimal	CT0	Việt Nam Du Hí
Phan Thiết	sans-dam-khoi-minimal	CT0	Việt Nam Du Hí
Nha Trang	sans-dam-khoi-minimal	CT0	Việt Nam Du Hí
Mũi Né	sans-dam-khoi-minimal	CT0	Việt Nam Du Hí
Vũng Tàu	sans-dam-khoi-minimal	CT0	Việt Nam Du Hí
Vĩnh Hy	sans-dam-khoi-minimal	CT0	Việt Nam Du Hí
Sài Gòn	sans-dam-khoi-minimal	CT0	Việt Nam Du Hí
Phú Yên	sans-dam-khoi-minimal	CT0	Việt Nam Du Hí
Phú Quý	sans-dam-khoi-minimal	CT0	Việt Nam Du Hí
Năm Qua Thất Nghiệp Xin Đừng Hỏi Nhiều Sweater	bold-central-flat	CT0	Nghỉ Lễ
Ninh Bình	sans-dam-khoi-minimal	CT0	Việt Nam Du Hí
Lương Tháng 5 Triệu Xin Đừng Hỏi Nhiều Sweater	bold-central-flat	CT0	Nghỉ Lễ
Măng Đen	sans-dam-khoi-minimal	CT0	Việt Nam Du Hí
Vẫn Còn Con Nít Nên Chưa Có Bồ Hoodie	bold-central-flat	CT0	Nghỉ Lễ
Huế	sans-dam-khoi-minimal	CT0	Việt Nam Du Hí
Sắp Đẻ Rùi Nè Cả Nhà Đợi Xíu Nghe Hoodie	bold-central-flat	CT0	Nghỉ Lễ
Hội An	sans-dam-khoi-minimal	CT0	Việt Nam Du Hí
Sắp Cưới Rùi Nè Cả Nhà Đợi Xíu Nghe Hoodie	bold-central-flat	CT0	Nghỉ Lễ
Hải Phòng	sans-dam-khoi-minimal	CT0	Việt Nam Du Hí
Hà Nội	sans-dam-khoi-minimal	CT0	Việt Nam Du Hí
Vẫn Còn Con Nít Nên Chưa Có Bồ Sweater	bold-central-flat	CT0	Nghỉ Lễ
Hạ Long	sans-dam-khoi-minimal	CT0	Việt Nam Du Hí
Sắp Đẻ Rùi Nè Cả Nhà Đợi Xíu Nghe Sweater	bold-central-flat	CT0	Nghỉ Lễ
Hà Giang	sans-dam-khoi-minimal	CT0	Việt Nam Du Hí
Sắp Cưới Rùi Nè Cả Nhà Đợi Xíu Nghe Sweater	bold-central-flat	CT0	Nghỉ Lễ
Đà Nẵng	sans-dam-khoi-minimal	CT0	Việt Nam Du Hí
Đà Lạt	sans-dam-khoi-minimal	CT0	Việt Nam Du Hí
Cà Mau	sans-dam-khoi-minimal	CT0	Việt Nam Du Hí
Lương Tháng 5 Triệu Xin Đừng Hỏi Nhiều Hoodie	bold-central-flat	CT0	Nghỉ Lễ
Năm Qua Thất Nghiệp Xin Đừng Hỏi Nhiều Hoodie	bold-central-flat	CT0	Nghỉ Lễ
Xuân Về Hoa Nở Sweater	bold-central-flat	CT0	Nghỉ Lễ
Vui Xuyên Tết Sweater	bold-central-flat	CT0	Nghỉ Lễ
Thôi Cháu Lớn Rồi Gấp Đôi Đi Sweater	bold-central-flat	CT0	Nghỉ Lễ
Phát Tài Phát Lộc Sweater	bold-central-flat	CT0	Nghỉ Lễ
Mang Con Rể Về Cho Mẹ Sweater	bold-central-flat	CT0	Nghỉ Lễ
Mang Con Dâu Về Cho Mẹ Sweater	bold-central-flat	CT0	Nghỉ Lễ
Hổng Lì Xì Là Cắn Á Sweater	bold-central-flat	CT0	Nghỉ Lễ
Em Chưa Từng Trải Sweater	bold-central-flat	CT0	Nghỉ Lễ
Chuyển Khoản Đi Ạ Nữ Sweater	bold-central-flat	CT0	Nghỉ Lễ
Chuyển Khoản Đi Ạ Nam Sweater	bold-central-flat	CT0	Nghỉ Lễ
Chiếu Quỷ Nước Nam Sweater	bold-central-flat	CT0	Nghỉ Lễ
Cháu Chưa Được Lì Xì Sweater	bold-central-flat	CT0	Nghỉ Lễ
Cầu Dừa Đủ Xoài Sweater	script-serif	CT6	Nghỉ Lễ
Anh Chưa Từng Trải Sweater	bold-central-flat	CT0	Nghỉ Lễ
Ủa Em Lần Nữa Xem Sweater	bold-central-flat	CT0	Job
Mở Cửa Trái Tym	bubble-cursive	CT0	Love Bites
Tập Làm Cô Tấm	bubble-cursive	CT0	Love Bites
Cho Tôi Một Ký Ức Em Cho Tôi Một Ký Ức	bubble-cursive	CT8	Love Bites
Vintage Cat	vintage-badge	CT0	Animal Circus
Xà Bông	vintage-badge	CT0	Animal Circus
Mấy Con Chó Phải Trả Cá	illustrative-humor	CT0	Animal Circus
Funny Duck	illustrative-humor	CT0	Animal Circus
Black Cat Coquette	vintage-badge	CT0	Animal Circus
Bunny cat	vintage-badge	CT0	Animal Circus
Anh Đại Bảo Kê	illustrative-humor	CT7	Animal Circus
Vịt Quay Parking	script-serif	CT0	Animal Circus
Retro Funny Cat	vintage-badge	CT0	Animal Circus
Hê Lu Lu Khủng Long	illustrative-humor	CT0	Animal Circus
Con Bò Tuôi	illustrative-humor	CT0	Animal Circus
Cat With Flower	vintage-badge	CT0	Animal Circus
This Is Fine	illustrative-humor	CT0	Animal Circus
Hot Dog	script-serif	CT0	Animal Circus
CẨU THẢ	illustrative-humor	CT0	Animal Circus
Trà Trắc bánh Tráng Trộn	script-serif	CT6	Vietnamese Culture
Tiệm Bánh Mì LUONVUITUOI	script-serif	CT0	Vietnamese Culture
Xuân Về Hoa Nở	bold-central-flat	CT0	Nghỉ Lễ
Vui Xuyên Tết	bold-central-flat	CT0	Nghỉ Lễ
Thôi Cháu Lớn Rồi Gấp Đôi Đi	bold-central-flat	CT0	Nghỉ Lễ
Phát Tài Phát Lộc	bold-central-flat	CT0	Nghỉ Lễ
Mang Con Rể Về Cho Mẹ	bold-central-flat	CT0	Nghỉ Lễ
Mang Con Dâu Về Cho Mẹ	bold-central-flat	CT0	Nghỉ Lễ
Hổng Lì Xì Là Cắn Á	bold-central-flat	CT0	Nghỉ Lễ
Em Chưa Từng Trải	bold-central-flat	CT0	Nghỉ Lễ
Chuyển Khoản Đi Ạ Nữ	bold-central-flat	CT0	Nghỉ Lễ
Chuyển Khoản Đi Ạ Nam	bold-central-flat	CT0	Nghỉ Lễ
Chiếu Quỷ Nước Nam	bold-central-flat	CT0	Nghỉ Lễ
Cháu Chưa Được Lì Xì	bold-central-flat	CT0	Nghỉ Lễ
Cầu Dừa Đủ Xoài	script-serif	CT6	Nghỉ Lễ
Anh Chưa Từng Trải	bold-central-flat	CT0	Nghỉ Lễ
Manifest Ngủ Cũng Ra Tiền Sweater	bold-central-flat	CT0	Nghỉ Lễ
Help Me New Year Sweater	vintage-badge	CT3	Nghỉ Lễ
LGBT - Luôn Giữ Bình Tĩnh Sweater	vintage-badge	CT3	Lifey Stuff
Tôi Yêu Tiền Tiền Đến Với Tôi Sweater	bold-central-flat	CT0	Nghỉ Lễ
Manifest Ngập Tràn Hạnh Phúc Sweater	bold-central-flat	CT0	Nghỉ Lễ
Manifest Sức Khỏe Dồi Dào Sweater	bold-central-flat	CT0	Nghỉ Lễ
Manifest Tiền Bạc Rủng Rỉnh Sweater	bold-central-flat	CT0	Nghỉ Lễ
Manifest Ngủ Cũng Ra Tiền	bold-central-flat	CT0	Nghỉ Lễ
Tuyệt Vời	sans-dam-khoi-minimal	CT0	Lifey Stuff
Yêu Nước Vietnamese Boy	sans-dam-khoi-minimal	CT3	Yêu Nước
Tôi Đã Sai	sans-dam-khoi-minimal	CT0	Đơn Giản Hóa
Tôi Yêu Tiền Tiền Đến Với Tôi	bold-central-flat	CT0	Nghỉ Lễ
Manifest Ngập Tràn Hạnh Phúc	bold-central-flat	CT0	Nghỉ Lễ
Manifest Sức Khỏe Dồi Dào	bold-central-flat	CT0	Nghỉ Lễ
Manifest Tiền Bạc Rủng Rỉnh	bold-central-flat	CT0	Nghỉ Lễ
Tình Yêu Dã Man	sans-dam-khoi-minimal	CT0	Đơn Giản Hóa
Người Ta Làm Được	sans-dam-khoi-minimal	CT0	Đơn Giản Hóa
Lương Năm Chẹo	sans-dam-khoi-minimal	CT0	Đơn Giản Hóa
I WILL HANDLE IT BUT I WILL CRY FIRST	illustrative-humor	CT0	Animal Circus
Đúng Vậy	sans-dam-khoi-minimal	CT0	Đơn Giản Hóa
Deadline Ít Đi	sans-dam-khoi-minimal	CT0	Đơn Giản Hóa
Cái Gì Không Làm Được	sans-dam-khoi-minimal	CT0	Đơn Giản Hóa
Cafe Luôn Vui Tươi	script-serif	CT0	Vietnamese Culture
Bớt Đẳng Cấp	sans-dam-khoi-minimal	CT0	Đơn Giản Hóa
Xinh Gái Cũng Bị Nói	sans-dam-khoi-minimal	CT0	Đơn Giản Hóa
Công Đức Vô Dụng	sans-dam-khoi-minimal	CT0	Lifey Stuff
Trà Vinh Cốt	sans-dam-khoi-minimal	CT0	Băng Đĩa Hải Ngoại
Long Ca	sans-dam-khoi-minimal	CT0	Tuyệt Đối Điện Ảnh
Phá Vỡ Tệ	sans-dam-khoi-minimal	CT0	Tuyệt Đối Điện Ảnh
CLB Tẩm Quất	sans-dam-khoi-minimal	CT0	Tuyệt Đối Điện Ảnh
No Meow No Life	illustrative-humor	CT3	Animal Circus
Ủa Em Lần Nữa Xem	bold-central-flat	CT0	Job
Cứ Từ Từ Không Vội	sans-dam-khoi-minimal	CT0	Job
Ma Trĩ Sweater	cutout-real-image	CT1	Tuyệt Đối Điện Ảnh
Slay Demacia Sweater	micro-text-organized	CT3	Đời Game Thủ
Slay Boss Sweater	micro-text-organized	CT1	Đời Game Thủ
Top Tier Sweater	sans-dam-khoi-minimal	CT10	Đời Game Thủ
Only Teamfight Tactics Sweater	vintage-badge	CT3	Đời Game Thủ
Only League Of Legends Sweater	vintage-badge	CT3	Đời Game Thủ
5 Tiền 3 Sao Sweater	micro-text-organized	CT10	Đời Game Thủ
Tiền Vô Như Nước Sweater	sans-dam-khoi-minimal	CT0	Nghỉ Lễ
Ngựa Ngựa Sang Năm Mới Sweater	script-serif	CT0	Nghỉ Lễ
Mã Đáo Thành Công Sweater	script-serif	CT1	Nghỉ Lễ
Xì Tép Sweater	sans-dam-khoi-minimal	CT3	Nghỉ Lễ
Heo Cơ Sweater	sans-dam-khoi-minimal	CT1	Nghỉ Lễ
Át Chủ Bài Sweater	sans-dam-khoi-minimal	CT1	Nghỉ Lễ
Ace Rô Sweater	sans-dam-khoi-minimal	CT3	Nghỉ Lễ
Ace Cơ Sweater	sans-dam-khoi-minimal	CT3	Nghỉ Lễ
Mother Sweater	realistic-humor	CT3	Love Bites
Mother Fucker Sweater	realistic-humor	CT1	Love Bites
Không Tin Đàn Ông - Tồi Thì Tin Sweater	sans-dam-khoi-minimal	CT6	Love Bites
Jungler I Like Bushes Sweater	illustrative-humor	CT3	Đời Game Thủ
I Love NTR Sweater		CT3	Love Bites
Anh Qua Em Nha Sweater	realistic-humor	CT1	Love Bites
Thích Lì Xì Sweater	sans-dam-khoi-minimal	CT10	Nghỉ Lễ
Tết Ở Làng Xì Jack Sweater	sans-dam-khoi-minimal	CT3	Nghỉ Lễ
Tết Này Chưa Cưới Sweater	sans-dam-khoi-minimal	CT0	Nghỉ Lễ
Đỗ Thánh Sweater	sans-dam-khoi-minimal	CT0	Nghỉ Lễ
Ba Bích Đi Trước Sweater	sans-dam-khoi-minimal	CT0	Nghỉ Lễ
Top 1 Winner Sweater	micro-text-organized	CT10	Đời Game Thủ
Phá Đảo Sweater	micro-text-organized	CT0	Đời Game Thủ
Ngựa Bà	script-serif	CT0	Nghỉ Lễ
Những Điều Lạ Loz Sweater	sans-dam-khoi-minimal	CT1	Tuyệt Đối Điện Ảnh
Ngựa Ngựa Sang Năm Mới	script-serif	CT0	Nghỉ Lễ
Ngựa Ngựa	script-serif	CT0	Nghỉ Lễ
Mã Đáo Thành Công	script-serif	CT1	Nghỉ Lễ
Không Cháu Lớn Rồi - Gấp Đôi Đi Chú	realistic-humor	CT1	Nghỉ Lễ
Heo Cơ	sans-dam-khoi-minimal	CT1	Nghỉ Lễ
Còn Thở Còn Gỡ	sans-dam-khoi-minimal	CT1	Nghỉ Lễ
Thơm&Ngon	script-serif	CT0	Lifey Stuff
Tiền Vô Như Nước	sans-dam-khoi-minimal	CT0	Nghỉ Lễ
Ma Trĩ	cutout-real-image	CT1	Tuyệt Đối Điện Ảnh
2026 Will Be My Year	bold-central-flat	CT3	Nghỉ Lễ
Đừng Hỏi Khi Nào Lấy Vợ	sans-dam-khoi-minimal	CT0	Nghỉ Lễ
Đừng Hỏi Khi Nào Lấy Chồng	sans-dam-khoi-minimal	CT0	Nghỉ Lễ
Đừng Đánh Thức Con Hổ Trong Tôi	micro-text-organized	CT0	Animal Circus
Còn Thở Còn Gỡ 2	sans-dam-khoi-minimal	CT1	Nghỉ Lễ
Át Cơ	sans-dam-khoi-minimal	CT1	Nghỉ Lễ
Át Chủ Bài	sans-dam-khoi-minimal	CT1	Nghỉ Lễ
Át Bích	sans-dam-khoi-minimal	CT1	Nghỉ Lễ
Ace Rô	sans-dam-khoi-minimal	CT3	Nghỉ Lễ
Ace Cơ	sans-dam-khoi-minimal	CT3	Nghỉ Lễ
2 Cơ	sans-dam-khoi-minimal	CT0	Nghỉ Lễ
Đường Đua Tốn Gái Hoodie	micro-text-organized	CT0	Trơi Bời
HD I Trust Chat GPT than I trust you Hoodie	bold-central-flat	CT3	Love Bites
Mình Quay Lại Em Nhé Hoodie	realistic-humor	CT1	Love Bites
Áp Bồ Hoodie	script-serif	CT6	Fruitland
Ba Lên Xe Tay Ga Hoodie	illustrative-humor	CT1	Trơi Bời
Bản Đôn Chề Hoodie	realistic-humor	CT1	Trơi Bời
Chúc Bạn Mất Trinh Hoodie	realistic-humor	CT5	Trơi Bời
Cứ Chan Đê Hoodie	illustrative-humor	CT1	Trơi Bời
Của Ít Lòng Vòng Hoodie	realistic-humor	CT1	Trơi Bời
Mình Quay Lại Anh Nhé Hoodie	realistic-humor	CT1	Love Bites
Gâu Gâu Hoodie	realistic-humor	CT0	Love Bites
Xì Tép	sans-dam-khoi-minimal	CT3	Nghỉ Lễ
Từ Lớp 1 Đến Lớp You	sans-dam-khoi-minimal	CT3	Lifey Stuff
Đẹp Người Đẹp Nết	realistic-humor	CT0	Lifey Stuff
Anh Chàng Thư Giãn	realistic-humor	CT0	Lifey Stuff
Cô Nàng Thư Giãn	realistic-humor	CT0	Lifey Stuff
Sống Zô Tri Hưởng Thái Bình	realistic-humor	CT1	Lifey Stuff
Adidogs	bold-central-flat	CT1	Animal Circus
TIRED	vintage-badge	CT0	Lifey Stuff
Only Fans 1	realistic-humor	CT0	Lifey Stuff
Meme Tổng Tài	realistic-humor	CT0	Animal Circus
Không Phải Bàn	realistic-humor	CT0	Lifey Stuff
I_m Over Thinking	micro-text-organized	CT3	Animal Circus
I Trust Chat GPT than I trust you Sweater	bold-central-flat	CT3	Love Bites
Peter Địa	cutout-real-image	CT1	Tuyệt Đối Điện Ảnh
Quán Con Sò Say	cutout-real-image	CT6	Tuyệt Đối Điện Ảnh
Đi Lùng Francis	cutout-real-image	CT1	Tuyệt Đối Điện Ảnh
I Love An Choi	micro-text-organized	CT3	Trơi Bời
Không Thể Chứng Minh	realistic-humor	CT0	Tuyệt Đối Điện Ảnh
Let Him Cook	sans-dam-khoi-minimal	CT3	Tuyệt Đối Điện Ảnh
Nảu To Send Nudes	realistic-humor	CT1	Tuyệt Đối Điện Ảnh
Quang Mai Địa	cutout-real-image	CT1	Tuyệt Đối Điện Ảnh
Send Nude Z	cutout-real-image	CT1	Tuyệt Đối Điện Ảnh
Cây Thông 500K	bold-central-flat	CT6	Nghỉ Lễ
Những Điều Lạ Loz	sans-dam-khoi-minimal	CT1	Tuyệt Đối Điện Ảnh
Ba Bích Đi Trước	sans-dam-khoi-minimal	CT0	Nghỉ Lễ
Đỗ Thánh	sans-dam-khoi-minimal	CT0	Nghỉ Lễ
Tết Này Chưa Cưới	sans-dam-khoi-minimal	CT0	Nghỉ Lễ
Tết Ở Làng Xì Jack	sans-dam-khoi-minimal	CT3	Nghỉ Lễ
Thích Lì Xì	sans-dam-khoi-minimal	CT0	Nghỉ Lễ
Dọn Lòng Đón Tết	micro-text-organized	CT0	Job
Muốn Nghỉ Tết	sans-dam-khoi-minimal	CT0	Nghỉ Lễ
Nhạc Vào Lời Ra	realistic-humor	CT0	Trơi Bời
Trust Me I_m A Dogtor	bold-central-flat	CT1	Animal Circus
Mai Tài Sơn	cutout-real-image	CT1	Tuyệt Đối Điện Ảnh
Harry Smoker	realistic-humor	CT1	Tuyệt Đối Điện Ảnh
Funny Lowcost	micro-text-organized	CT0	Animal Circus
Chị Em Mình Hẹ Hẹ Hẹ	realistic-humor	CT1	Lifey Stuff
Câu Chuyện Chơi Đồ	micro-text-organized	CT1	Tuyệt Đối Điện Ảnh
3 Bích	sans-dam-khoi-minimal	CT0	Nghỉ Lễ
Trai Tài Gái Xỉu	realistic-humor	CT8	Trơi Bời
Ngựa Ngựa Sweater	script-serif	CT0	Nghỉ Lễ
Ngựa Bà Sweater	script-serif	CT0	Nghỉ Lễ
Không Cháu Lớn Rồi - Gấp Đôi Đi Chú Sweater	realistic-humor	CT1	Nghỉ Lễ
Đừng Hỏi Khi Nào Lấy Vợ Sweater	sans-dam-khoi-minimal	CT0	Nghỉ Lễ
Đừng Hỏi Khi Nào Lấy Chồng Sweater	sans-dam-khoi-minimal	CT0	Nghỉ Lễ
Còn Thở Còn Gỡ Sweater	sans-dam-khoi-minimal	CT1	Nghỉ Lễ
Còn Thở Còn Gỡ 2 Sweater	sans-dam-khoi-minimal	CT1	Nghỉ Lễ
Chó Là Bạn Không Phải Tôi	illustrative-humor	CT0	Animal Circus
Chị Em Tao Đến Đây Sweater	realistic-humor	CT0	Đũy Mèo
Át Cơ Sweater	sans-dam-khoi-minimal	CT1	Nghỉ Lễ
3 Bích Sweater	sans-dam-khoi-minimal	CT0	Nghỉ Lễ
2 Cơ Sweater	sans-dam-khoi-minimal	CT0	Nghỉ Lễ
Chị Em Tao Đến Đây	realistic-humor	CT0	Đũy Mèo
Còn Thở Còn Gỡ 2 Hoodie	sans-dam-khoi-minimal	CT1	Nghỉ Lễ
Muốn Nghỉ Làm Nhưng Nghèo Nên Vừa Khóc Vừa Làm Hoodie	illustrative-humor	CT1	Job
Muốn Nghỉ Làm Nhưng Nghèo Nên Vừa Khóc Vừa Làm Sweater	illustrative-humor	CT1	Job
Gâu Gâu Sweater	realistic-humor	CT0	Love Bites
Sát Vợ Tao Rồi Sweater	realistic-humor	CT0	Love Bites
Sát Chồng Tao Rồi Sweater	realistic-humor	CT0	Love Bites
Hate First Love Later Sweater	script-serif	CT3	Love Bites
Couple Yêu Không Hoodie	script-serif	CT5	Love Bites
Couple Yêu Yêu Hoodie	script-serif	CT2	Love Bites
Người Hài Hước - Tym Đầy Vết Xước Hoodie	bold-central-flat	CT7	Job
Người Vui Vẻ - Tym Sứt Mẻ Hoodie	bold-central-flat	CT7	Job
Trẻ Người Ngon Dạ! Hoodie	realistic-humor	CT1	Trơi Bời
Trẻ Người Ngon Dạ! Sweater	realistic-humor	CT1	Trơi Bời
Người Vui Vẻ - Tym Sứt Mẻ Sweater	bold-central-flat	CT7	Job
Người Hài Hước - Tym Đầy Vết Xước Sweater	bold-central-flat	CT7	Job
Couple Yêu Yêu Sweater	script-serif	CT2	Love Bites
Couple Yêu Không Sweater	script-serif	CT5	Love Bites
Tớ Cảm Ơn Sweater	script-serif	CT6	Love Bites
Tớ Thích Cậu Sweater	script-serif	CT6	Love Bites
Tớ Cảm Ơn Hoodie	script-serif	CT6	Love Bites
Tớ Thích Cậu Hoodie	script-serif	CT6	Love Bites
Silver Đàn Ông Sao Hỏa Đàn Bà Sao Đâu Hoodie	realistic-humor	CT4	Love Bites
Pink Đàn Ông sao Hòa Đàn Bà Sao Đâu Hoodie	realistic-humor	CT4	Love Bites
Đẹp Trai Không Phải Lỗi Tại Anh Sweater	realistic-humor	CT0	Lifey Stuff
Anh Ơi Sweater	script-serif	CT6	Love Bites
Anh Ơi Hoodie	script-serif	CT6	Love Bites
Aram Is My Ranked Hoodie	multicolor-vibrant	CT3	Đời Game Thủ
All Random All Mid Hoodie	multicolor-vibrant	CT0	Đời Game Thủ
Toà Sao Hiểu Được Hoodie	bold-central-flat	CT0	Đời Game Thủ
Aram Is My Ranked Sweater	multicolor-vibrant	CT3	Đời Game Thủ
Winner Winner Chicken Dinner Sweater	multicolor-vibrant	CT0	Đời Game Thủ
Toà Sao Hiểu Được Sweater	bold-central-flat	CT0	Đời Game Thủ
All Random All Mid Sweater	multicolor-vibrant	CT0	Đời Game Thủ
Cây Thông 500K Hoodie	mascot-fun	CT6	Nghỉ Lễ
Cây Thông 500K Sweater	mascot-fun	CT6	Nghỉ Lễ
Sexsi Sweater	realistic-humor	CT2	Trơi Bời
Send Nude Z Sweater	bubble-cursive	CT2	Tuyệt Đối Điện Ảnh
Quang Mai Địa Sweater	bubble-cursive	CT2	Tuyệt Đối Điện Ảnh
Nội Dung Nhạy Cảm Sweater	bold-central-flat	CT0	Trơi Bời
Nảu To Send Nudes Sweater	bubble-cursive	CT2	Tuyệt Đối Điện Ảnh
Let Him Cook Sweater	realistic-humor	CT3	Tuyệt Đối Điện Ảnh
Không Thể Chứng Minh Sweater	realistic-humor	CT0	Tuyệt Đối Điện Ảnh
I Love An Choi Sweater	bold-central-flat	CT3	Trơi Bời
Đi Lùng Francis Sweater	realistic-humor	CT2	Tuyệt Đối Điện Ảnh
Co Ke Sweater	script-serif	CT3	Trơi Bời
Gọi Anh Là Chúa Hề Sweater	bold-central-flat	CT7	Love Bites
Gọi Em Là Chúa Hề Sweater	bold-central-flat	CT7	Love Bites
Phụ Nữ Là Để Yêu Hoodie	script-serif	CT0	Love Bites
Đừng Đốt Cháy Bản Thân, Chỉ Để Sưởi Ấm Người Khác Hoodie	realistic-humor	CT0	Love Bites
Quán Con Sò Say Hoodie	bubble-cursive	CT2	Tuyệt Đối Điện Ảnh
Peter Địa Hoodie	bubble-cursive	CT2	Tuyệt Đối Điện Ảnh
Quán Con Sò Say Sweater	bubble-cursive	CT2	Tuyệt Đối Điện Ảnh
Peter Địa Sweater	bubble-cursive	CT2	Tuyệt Đối Điện Ảnh
Nhạc Vào Lời Ra Hoodie	mascot-fun	CT0	Trơi Bời
Đi Yêu Nghề Về Iu Vợ Hoodie	bold-central-flat	CT2	Love Bites
Muốn Nghỉ Tết Hoodie	mascot-fun	CT0	Nghỉ Lễ
Dọn Lòng Đón Tết Hoodie	mascot-fun	CT0	Nghỉ Lễ
Sợ Mất Em Hoodie	script-serif	CT0	Love Bites
Sợ Mất Anh Hoodie	script-serif	CT0	Love Bites
Em Cần Nụ Cười Của Anh Hoodie	script-serif	CT0	Love Bites
Anh Cần Nụ Cười Của Em Hoodie	script-serif	CT0	Love Bites
Aura Farming Hoodie	halftone-retro	CT3	Trơi Bời
Sợ Mất Em Sweater	script-serif	CT0	Love Bites
Sợ Mất Anh Sweater	script-serif	CT0	Love Bites
Nhạc Vào Lời Ra Sweater	mascot-fun	CT0	Trơi Bời
Muốn Nghỉ Tết Sweater	mascot-fun	CT0	Nghỉ Lễ
Dọn Lòng Đón Tết Sweater	mascot-fun	CT0	Nghỉ Lễ
Aura Farming Sweater	halftone-retro	CT3	Trơi Bời
Em Cần Nụ Cười Của Anh Sweater	script-serif	CT0	Love Bites
Anh Cần Nụ Cười Của Em Sweater	script-serif	CT0	Love Bites
I Told Chat GPT About You Sweater	mascot-fun	CT3	Love Bites
Thích Chai Nhưng Chọn Lon, Ly Hoodie	bold-central-flat	CT5	Love Bites
Tập Làm Cô Tấm - Tấm Quan Đeo Hoodie	bold-central-flat	CT5	Love Bites
Em Đừng Có Mà Dụ Tôi Hoodie	script-serif	CT0	Love Bites
Em Đừng Có Mà Dụ Tôi Sweater	script-serif	CT0	Love Bites
Tập Làm Cô Tấm - Tấm Quan Đeo Sweater	bold-central-flat	CT5	Love Bites
Thích Chai Nhưng Chọn Lon, Ly NT3270297NT Sweater	bold-central-flat	CT5	Love Bites
Đị Tôi ĐU Sweater	script-serif	CT2	Love Bites
Đéo Tin Sweater	script-serif	CT5	Lifey Stuff
Home Is You Sweater	script-serif	CT3	Love Bites
Text Me When You Get Home Sweater	script-serif	CT3	Love Bites
Tôi Bị Điếc Hoodie	bold-central-flat	CT0	Lifey Stuff
Đéo Tin Hoodie	script-serif	CT5	Lifey Stuff
Home Is You Hoodie	script-serif	CT3	Love Bites
Text Me When You Get Home Hoodie	script-serif	CT3	Love Bites
Hứa Cho Lắm Tắm Cũng Trôi Hoodie	bold-central-flat	CT0	Love Bites
Đẹp Gái Làm Ơn Đừng Có BồHoodie	realistic-humor	CT0	Love Bites
Không Phận Sự Miễn Góp Ý Hoodie	realistic-humor	CT0	Lifey Stuff
Gì Cũng Có Nhưng Không Có Em Hoodie	bold-central-flat	CT0	Love Bites
Vui Lòng Không Dẫm Lên Trái Tym Hoodie	realistic-humor	CT0	Love Bites
Sự Nuông Chiều Tạo Ra Kẻ Anh Ơi Hoodie	bold-central-flat	CT5	Love Bites
Tiền Âm Thì Nhiều Tình Yêu Thì Nhầm Hoodie	bold-central-flat	CT5	Love Bites
Ngủ Giờ Hành Chính Hoodie	bold-central-flat	CT0	Lifey Stuff
Của Bền Tại Nghèo Hoodie	bold-central-flat	CT0	Lifey Stuff
Đẹp Và Tàn Nhẫn Hoodie	realistic-humor	CT0	Love Bites
Hả Hoodie	script-serif	CT5	Lifey Stuff
Cái Gì Hoodie	script-serif	CT5	Lifey Stuff
Nghẹo Thủ Hoodie	multicolor-vibrant	CT0	Đời Game Thủ
Nghẹo Thủ Sweater	multicolor-vibrant	CT0	Đời Game Thủ
Okay Tôi Sai - Sai Đẹp Chill Sweater	script-serif	CT5	Love Bites
Okay Tôi Sai - Sai Đẹp Giú Sweater	script-serif	CT5	Love Bites
Yêu Em Bé Hoodie	script-serif	CT0	Love Bites
Em Bé Hoodie	script-serif	CT0	Love Bites
Đùy Mèo Couple Xiuu Hoodie	realistic-humor	CT2	Đũy Mèo
Đũy Mèo Couple DA DA DA Hoodie	realistic-humor	CT0	Đũy Mèo
Ê Gì Hoodie	script-serif	CT5	Love Bites
Ê Hoodie	script-serif	CT5	Love Bites
Okay Tôi Sai - Sai Đẹp Chill Hoodie	script-serif	CT5	Love Bites
Okay Tôi Sai - Siu Đẹp Gái Hoodie	script-serif	CT5	Love Bites
Yêu Em Bé Sweater	script-serif	CT0	Love Bites
Em Bé Sweater	script-serif	CT0	Love Bites
Ê Sweater	script-serif	CT5	Love Bites
Đùy Mèo Couple Xiuu Sweater	realistic-humor	CT2	Đũy Mèo
Đũy Mèo Couple DA DA DA Sweater	realistic-humor	CT0	Đũy Mèo
Ê Gì Sweater	script-serif	CT5	Love Bites
Ngủ Giờ Hành Chính 2	bold-central-flat	CT0	Job
Đẹp Và Tàn Nhẫn Sweater	realistic-humor	CT0	Love Bites
Hả Sweater	script-serif	CT5	Lifey Stuff
Cái Gì Sweater	script-serif	CT5	Lifey Stuff
Hứa Cho Lắm Tắm Cũng Trôi Sweater	bold-central-flat	CT0	Love Bites
Đẹp Gái Làm Ơn Đừng Có Bồ Sweater	realistic-humor	CT0	Love Bites
Không Phận Sự Miễn Góp Ý Sweater	realistic-humor	CT0	Lifey Stuff
Gì Cũng Có Nhưng Không Có Em Sweater	bold-central-flat	CT0	Love Bites
Sự Nuông Chiều Tạo Ra Kẻ Anh Ơi Sweater	bold-central-flat	CT5	Love Bites
Tiền Âm Thì Nhiều Tình Yêu Thì Nhầm Sweater	bold-central-flat	CT5	Love Bites
Ngủ Giờ Hành Chính 2 Sweater	bold-central-flat	CT0	Job
Của Bền Tại Nghèo Sweater	bold-central-flat	CT6	Lifey Stuff
I Told Chat GPT About You Hoodie	script-serif	CT3	Love Bites
Ông Bô Mẽo Hoodie	bold-central-flat	CT2	Tuyệt Đối Điện Ảnh
Người Đàn Ông Gia Trưởng Hoodie	sans-dam-khoi-minimal	CT7	Tuyệt Đối Điện Ảnh
Mấy Con Gà Thì Biết Cái Gì Hoodie	bold-central-flat	CT6	Đời Game Thủ
Ông Bô Mẽo Sweater	bold-central-flat	CT2	Tuyệt Đối Điện Ảnh
Người Đàn Ông Gia Trưởng Sweater	sans-dam-khoi-minimal	CT7	Tuyệt Đối Điện Ảnh
Mấy Con Gà Thì Biết Cái Gì Sweater	sans-dam-khoi-minimal	CT6	Đời Game Thủ
You Saw Nothing Sweater	micro-text-organized	CT3	Animal Circus
I'm An Indoor Cat Sweater	bold-central-flat	CT3	Animal Circus
I Will Do My Best Tomorrow Sweater	bold-central-flat	CT3	Animal Circus
The Neko Face Sweater	bold-central-flat	CT3	Animal Circus
Mấy Con Gà Thì Biết Gì Hoodie	bold-central-flat	CT6	Tuyệt Đối Điện Ảnh
Mấy Con Gà Thì Biết Gì Sweater	sans-dam-khoi-minimal	CT6	Tuyệt Đối Điện Ảnh
Ủa Sếp Sweater	bold-central-flat	CT3	Job
Chó Nó Yêu Sweater	bold-central-flat	CT5	Love Bites
Con Chó Sweater	bold-central-flat	CT5	Love Bites
Con Chó Hoodie	bold-central-flat	CT5	Love Bites
Chó Nó Yêu Hoodie	bold-central-flat	CT5	Love Bites
You Work I Watch And Judge Hoodie	bold-central-flat	CT3	Đũy Mèo
You Work I Watch And Judge Sweater	vintage-badge	CT3	Animal Circus
You Work I Watch And Judge	bold-central-flat	CT3	Đũy Mèo
Đẹp Người Xấu Nết Sweater	sans-dam-khoi-minimal	CT8	Lifey Stuff
Đẹp Người Đẹp Nết Sweater	sans-dam-khoi-minimal	CT6	Lifey Stuff
Hướng Ngoại Partime Sweater	bold-central-flat	CT0	Lifey Stuff
Hướng Nội Partime Sweater	bold-central-flat	CT0	Lifey Stuff
Phiên Phiến Hoy Sweater	bold-central-flat	CT0	Lifey Stuff
Anh Chàng Thư Giãn Sweater	sans-dam-khoi-minimal	CT7	Lifey Stuff
Em Cho Tôi Một Ký Ức	bold-central-flat	CT0	Love Bites
Em Cho Tôi Một Ký Ức Sweater	sans-dam-khoi-minimal	CT0	Love Bites
Cô Nàng Thư Giãn Sweater	sans-dam-khoi-minimal	CT7	Lifey Stuff
Em Cho Tôi Một Ký Ức Hoodie	bold-central-flat	CT0	Love Bites
Sống Zô Tri Hưởng Thái Bình Sweater	sans-dam-khoi-minimal	CT0	Lifey Stuff
Trầm Tính Ít Nói Sweater	sans-dam-khoi-minimal	CT0	Lifey Stuff
It's Wasn't Me Sweater	vintage-badge	CT3	Nghỉ Lễ
Quần Jogger Nỉ Bông Luôn Vui Tươi Basic	bold-central-flat	CT0	Quần Jogger
Quần Ống Suông Nỉ Bông Luôn Vui Tươi Basic	bold-central-flat	CT0	Quần Ống Suông
Thắng Làm Vua - Thua Thì Đếm Cúp Hoodie	bold-central-flat	CT10	Tuyệt Đối Điện Ảnh
Thắng Làm Vua - Thua Thì Đếm Cúp Sweater	sans-dam-khoi-minimal	CT10	Tuyệt Đối Điện Ảnh
Thắng Làm Vua - Thua Thì Đếm Cúp	bold-central-flat	CT10	Đời Game Thủ
Người Có Chồng Sịn Hoodie	sans-dam-khoi-minimal	CT7	Job
Người Có Chồng Sịn Sweater	sans-dam-khoi-minimal	CT7	Job
Snow Rơi Ngoài Cửa - Task Rơi Vào Tay Sweater	vintage-badge	CT8	Nghỉ Lễ
Santa Phát Quà - Sếp Mình Phát Việc Sweater	vintage-badge	CT8	Nghỉ Lễ
Giáng Sinh Rộn Ràng - Deadline Ngập Tràn Sweater	vintage-badge	CT8	Nghỉ Lễ
Dear Sếp Ta - Tăng Lương Cho Em Đi Sweater	vintage-badge	CT0	Nghỉ Lễ
All I Want For Xams Is No Deadline Sweater	bold-central-flat	CT3	Nghỉ Lễ
Mệt Quá Thì Nghỉ Làm Sweater	bold-central-flat	CT0	Job
Santa Claus and Brothers Sweater	vintage-badge	CT0	Nghỉ Lễ
HoHoHoly Shit Sweater	bold-central-flat	CT3	Nghỉ Lễ
Vẹo Sống Lưng Hoodie	sans-dam-khoi-minimal	CT6	Job
Send Nudes Hoodie	bold-central-flat	CT3	Trơi Bời
Pool Hub Hoodie	bold-central-flat	CT4	Trơi Bời
Ổn Lòi Lìa Hoodie	sans-dam-khoi-minimal	CT2	Lifey Stuff
Nước Trong Thì Không Có Cá Hoodie	bold-central-flat	CT6	Job
Nguyễn Hoà Bình Hoodie	bold-central-flat	CT4	Tuyệt Đối Điện Ảnh
Người Nhà Đất Hoodie	sans-dam-khoi-minimal	CT7	Tuyệt Đối Điện Ảnh
Ngợp Thở Quá Sếp Hoodie	bold-central-flat	CT0	Job
Ngoạm Đầu Hoodie	bold-central-flat	CT2	Đũy Mèo
Nghẹo Mèo Hoodie	bold-central-flat	CT2	Đũy Mèo
Năm Đêm Nhà Diddy Hoodie	bold-central-flat	CT4	Tuyệt Đối Điện Ảnh
Mewing Not Meowing Hoodie	bold-central-flat	CT4	Đũy Mèo
Mèo Văng Gốc Hoodie	bold-central-flat	CT4	Đũy Mèo
Mèo Phục Hưng Hoodie	bold-central-flat	CT4	Đũy Mèo
Mèo Nhây Hoodie	bold-central-flat	CT4	Đũy Mèo
Lười Quá Mèo Hoodie	bold-central-flat	CT4	Đũy Mèo
Lộn Cái Bàn Hoodie	bold-central-flat	CT2	Đũy Mèo
Hiệp Sĩ Mặt Nạ Sếch Hoodie	sans-dam-khoi-minimal	CT6	Tuyệt Đối Điện Ảnh
Đưa Hết Tiền Đây Hoodie	bold-central-flat	CT0	Trơi Bời
Dỗi Vờ Lờ Hoodie	bold-central-flat	CT2	Đũy Mèo
Đối Thủ Nặng Ký Hoodie	bold-central-flat	CT0	Đũy Mèo
Đồ Ăn Đâu Sen Hoodie	bold-central-flat	CT4	Đũy Mèo
Dính Quá À Hoodie	bold-central-flat	CT0	Đũy Mèo
Chuẩn Bị Gầy Hoodie	bold-central-flat	CT0	Trơi Bời
Chủ Nhân Của Bảo Kiếm Hoodie	sans-dam-khoi-minimal	CT7	Trơi Bời
Cam Chịu Hoodie	sans-dam-khoi-minimal	CT6	Fruitland
Cái Lề Gì Thốn Hoodie	bold-central-flat	CT0	Tuyệt Đối Điện Ảnh
Bạn Là Nhất Hoodie	sans-dam-khoi-minimal	CT0	Lifey Stuff
Anh Đại Bảo Kê Hoodie	sans-dam-khoi-minimal	CT7	Animal Circus
Ăn Buổi Tối Hoodie	sans-dam-khoi-minimal	CT0	Đũy Mèo
Xuống Làm Gì Hoodie	bold-central-flat	CT0	Trơi Bời
Xin Lỗi Bạn Đã Bị Con Mèo Hoodie	bold-central-flat	CT4	Đũy Mèo
Xì Gà Nhỏ Sau Giới Tính Hoodie	sans-dam-khoi-minimal	CT5	Băng Đĩa Hải Ngoại
Whatever Kitty Wants Hoodie	bold-central-flat	CT0	Đũy Mèo
Việt Nam Ăn Vặt Hoodie	bold-central-flat	CT6	Vietnamese Culture
Việt Nam Ăn Trưa Hoodie	bold-central-flat	CT6	Vietnamese Culture
Vắt Cực Khô Hoodie	bold-central-flat	CT0	Trơi Bời
Tuấn Cùi Hoodie	sans-dam-khoi-minimal	CT7	Băng Đĩa Hải Ngoại
Trying To Get Hoodie	bold-central-flat	CT0	Đũy Mèo
Trẻ Người Non Stop 2 Hoodie	bold-central-flat	CT0	Trơi Bời
Trai Tài Gái Xỉu 2 Hoodie	bold-central-flat	CT0	Trơi Bời
Trai Dân Tổ Hoodie	bold-central-flat	CT0	Trơi Bời
Trà Vinh Cốt Hoodie	bold-central-flat	CT5	Băng Đĩa Hải Ngoại
Tốt Hơn Gọi Sáu Hoodie	bold-central-flat	CT2	Tuyệt Đối Điện Ảnh
Tiệm Gà 2 Anh Em Hoodie	bold-central-flat	CT6	Tuyệt Đối Điện Ảnh
Thấy Lỗ Là Bắn Hoodie	bold-central-flat	CT3	Trơi Bời
Single By Choice Hoodie	bold-central-flat	CT0	Trơi Bời
Purrvana Hoodie	bold-central-flat	CT4	Đũy Mèo
Phá Vỡ Tệ Hoodie	bold-central-flat	CT4	Tuyệt Đối Điện Ảnh
Not A Morning Purrrson Hoodie	bold-central-flat	CT4	Đũy Mèo
Người Việt Bay Hoodie	sans-dam-khoi-minimal	CT7	Trơi Bời
Người Ngoài Hành Lang Hoodie	sans-dam-khoi-minimal	CT7	Trơi Bời
Mèo Moon Hoodie	bold-central-flat	CT4	Đũy Mèo
Mai Tài Sơn Hoodie	bold-central-flat	CT4	Tuyệt Đối Điện Ảnh
Lương 5 Triệu Hoodie	bold-central-flat	CT0	Job
Luôn Là Người May Mắn Hoodie	bold-central-flat	CT0	Trơi Bời
Life's Hard Hoodie	bold-central-flat	CT0	Đũy Mèo
LGBT Hoodie	bold-central-flat	CT0	Trơi Bời
Kiếp Làm Sen Hoodie	sans-dam-khoi-minimal	CT7	Đũy Mèo
I Hate People Hoodie	bold-central-flat	CT0	Đũy Mèo
I Don't Know I Don't Care Hoodie	bold-central-flat	CT0	Đũy Mèo
I Do What I Want Hoodie	bold-central-flat	CT0	Đũy Mèo
Hắc Hường Hoodie	sans-dam-khoi-minimal	CT6	Băng Đĩa Hải Ngoại
Gần Nhạc Thì Dance Trump Hoodie	bold-central-flat	CT0	Trơi Bời
Fusion Hoodie	bold-central-flat	CT0	Đũy Mèo
Final Lightroom Hoodie	bold-central-flat	CT0	Job
Đứng Núi Này Trông Núi Nọ Hoodie	bold-central-flat	CT6	Trơi Bời
Đứng Núi Này Trông Núi Nọ 2 Hoodie	bold-central-flat	CT6	Trơi Bời
Đói Quá Ò Hoodie	bold-central-flat	CT0	Đũy Mèo
Đôi Ghệ Da Trắng Hoodie	bold-central-flat	CT6	Tuyệt Đối Điện Ảnh
Dân Chơi Hoodie	sans-dam-khoi-minimal	CT6	Trơi Bời
Cột Sống Văn Phòng Hoodie	sans-dam-khoi-minimal	CT7	Job
Cột Sống Sinh Viên Hoodie	sans-dam-khoi-minimal	CT7	Job
Cột Sống Editor Hoodie	sans-dam-khoi-minimal	CT7	Job
Còn Thở Còn Gỡ Hoodie	sans-dam-khoi-minimal	CT0	Trơi Bời
Còn Cái Nịt Hoodie	sans-dam-khoi-minimal	CT5	Trơi Bời
CLGT Hoodie	illustrative-humor	CT0	Trơi Bời
Chú Chuột Đầu Bết Hoodie	mascot-fun	CT0	Tuyệt Đối Điện Ảnh
Chín Bỏ Vào Mồm Hoodie	mascot-fun	CT0	Lifey Stuff
Câu Chuyện Chơi Đồ Hoodie	mascot-fun	CT0	Tuyệt Đối Điện Ảnh
BDSM Hoodie	sans-dam-khoi-minimal	CT0	Trơi Bời
Bật Chế Độ Bay Lên Hoodie	sans-dam-khoi-minimal	CT8	Trơi Bời
Another Fcking Day Hoodie	cutout-real-image	CT3	Đũy Mèo
Yêu Một Người Hoodie	sans-dam-khoi-minimal	CT0	Love Bites
Xì Ke Hoodie	sans-dam-khoi-minimal	CT5	Trơi Bời
Vượt Mức Pickleball Hoodie	multicolor-vibrant	CT10	Love Bites
Trẻ Không Chơi Hoodie	sans-dam-khoi-minimal	CT5	Trơi Bời
Trai Đẹp Hoodie	sans-dam-khoi-minimal	CT0	Lifey Stuff
Tiệm Tạp Hoá Hoodie	sans-dam-khoi-minimal	CT7	Job
Thợ Săn Tiểu Tiên Nữ Hoodie	sans-dam-khoi-minimal	CT7	Trơi Bời
Thợ Săn Thái Tử Hoodie	sans-dam-khoi-minimal	CT7	Trơi Bời
Thợ Săn Phú Bà Hoodie	sans-dam-khoi-minimal	CT7	Trơi Bời
Thợ Săn Nhị Lang Thần Hoodie	sans-dam-khoi-minimal	CT7	Trơi Bời
Thợ Săn Ngưu Ma Vương Hoodie	sans-dam-khoi-minimal	CT7	Trơi Bời
Thợ Săn Hồng Hài Nhi Hoodie	sans-dam-khoi-minimal	CT7	Trơi Bời
Sống Trong Đời Sống Hoodie	sans-dam-khoi-minimal	CT6	Trơi Bời
Sai Đẹp Giú Hoodie	sans-dam-khoi-minimal	CT0	Love Bites
Sai Đẹp Chill Hoodie	sans-dam-khoi-minimal	CT0	Love Bites
Quên Cái Cần Nhớ Hoodie	mascot-fun	CT0	Tuyệt Đối Điện Ảnh
Pussy White Dice Hoodie	mascot-fun	CT0	Trơi Bời
Người Chọn Đi Chơi Hoodie	sans-dam-khoi-minimal	CT7	Job
Không Tin Đàn Ông Hoodie	sans-dam-khoi-minimal	CT0	Love Bites
Không Tin Đàn Bà Hoodie	sans-dam-khoi-minimal	CT0	Love Bites
Gái Đẹp Hoodie	sans-dam-khoi-minimal	CT0	Love Bites
Final Pr Hoodie	sans-dam-khoi-minimal	CT10	Job
Final Photoshop Hoodie	sans-dam-khoi-minimal	CT10	Job
Final Ai Hoodie	sans-dam-khoi-minimal	CT10	Job
Final Ae Hoodie	sans-dam-khoi-minimal	CT10	Job
Cột Sống Designer Hoodie	sans-dam-khoi-minimal	CT7	Job
Vịt Quay Parking Hoodie	cutout-real-image	CT0	Animal Circus
Sick My Duck Hoodie	cutout-real-image	CT5	Animal Circus
Pussy 8 Ball Hoodie	mascot-fun	CT5	Trơi Bời
ÔI Thôi Chếc - Noel Đến Rồi Mà Vẫn Ế Sweater	realistic-humor	CT0	Nghỉ Lễ
Noel Không Quà Sweater	realistic-humor	CT0	Nghỉ Lễ
Người Ta Mong Đến Noel Sweater	realistic-humor	CT0	Nghỉ Lễ
Just A Jolly Goose Sweater	cutout-real-image	CT0	Nghỉ Lễ
Gần Nhạc Thì Dance - Gần Noel Mà Không Có Bồ Sweater	realistic-humor	CT8	Nghỉ Lễ
Funny cat With Sanata Sweater	cutout-real-image	CT0	Nghỉ Lễ
Cột Sông Bất Ổn - Giáng Sinh Chỉ Muốn Ở Nhà Sweater	micro-text-organized	CT0	Nghỉ Lễ
Cho Ông Hỏi Bà Già Noel Đang Ở Đâu Sweater	realistic-humor	CT8	Nghỉ Lễ
Cho Bà Hỏi Ông Già Noel Đang Ở Đâu Sweater	realistic-humor	CT8	Nghỉ Lễ
ÔI Thôi Chếc - Noel Đến Rồi Mà Vẫn Ế Hoodie	realistic-humor	CT0	Nghỉ Lễ
Noel Không Quà Hoodie	realistic-humor	CT0	Nghỉ Lễ
Người Ta Mong Đến Noel Hoodie	realistic-humor	CT0	Nghỉ Lễ
Just A Jolly Goose Hoodie	cutout-real-image	CT0	Nghỉ Lễ
Gần Nhạc Thì Dance - Gần Noel Mà Không Có Bồ Hoodie	realistic-humor	CT8	Nghỉ Lễ
Funny Cat With Sanata Hoodie	cutout-real-image	CT0	Nghỉ Lễ
Cột Sông Bất Ổn - Giáng Sinh Chỉ Muốn Ở Nhà Hoodie	micro-text-organized	CT0	Nghỉ Lễ
Cho Ông Hỏi Bà Già Noel Đang Ở Đâu Hoodie	realistic-humor	CT8	Nghỉ Lễ
Cho Bà Hỏi Ông Già Noel Đang Ở Đâu Hoodie	realistic-humor	CT8	Nghỉ Lễ
No Meow No Life Sweater	mascot-fun	CT0	Animal Circus
Lẩu Cốt Hoodie	sans-dam-khoi-minimal	CT6	Lifey Stuff
Lái Bia Rượu Hoodie	sans-dam-khoi-minimal	CT3	Lifey Stuff
Là Sao Hoodie	sans-dam-khoi-minimal	CT0	Lifey Stuff
Người Chơi Hệ Hoả Hoodie	sans-dam-khoi-minimal	CT7	Trơi Bời
You're Rich Hoodie	sans-dam-khoi-minimal	CT0	Trơi Bời
Xạo Hổ Xàm Long Hoodie	cutout-real-image	CT8	Animal Circus
Wet Ass Pussy Hoodie	cutout-real-image	CT0	Animal Circus
Wah Deadline Hoodie	sans-dam-khoi-minimal	CT10	Job
Việc Nhẹ Volt Cao Hoodie	sans-dam-khoi-minimal	CT0	Job
Tuyệt Vời Hoodie	sans-dam-khoi-minimal	CT0	Lifey Stuff
Từ Lớp 1 Đến Lớp You Hoodie	mascot-fun	CT3	Love Bites
Trên Răng Dưới Dép Hoodie	sans-dam-khoi-minimal	CT0	Lifey Stuff
Trẻ Người Nonstop Hoodie	sans-dam-khoi-minimal	CT5	Trơi Bời
Tôi Là Bánh Khúc Hoodie	sans-dam-khoi-minimal	CT6	Lifey Stuff
Tình Iu Vĩnh Cửu Hoodie	sans-dam-khoi-minimal	CT0	Love Bites
Thợ Hurt Tóc Hoodie	sans-dam-khoi-minimal	CT7	Job
This Is Fine Hoodie	cutout-real-image	CT0	Animal Circus
Không Có Bông Tuyết Nào Là Trong Sạch Sweater	realistic-humor	CT0	Nghỉ Lễ
Thế Hệ Cợt Nhả Hoodie	sans-dam-khoi-minimal	CT7	Job
Tảttoo Ảtist Hoodie	mascot-fun	CT3	Job
Không Có Bông Tuyết Nào Là Trong Sạch Hoodie	realistic-humor	CT0	Nghỉ Lễ
Tảrot Readẻ Hoodie	mascot-fun	CT3	Job
Tăng High Tăng Bar Hoodie	sans-dam-khoi-minimal	CT0	Job
Tán 7 Em Hoodie	sans-dam-khoi-minimal	CT0	Love Bites
Tấm Chân Tình Hoodie	sans-dam-khoi-minimal	CT0	Love Bites
Studèn Hoodie	sans-dam-khoi-minimal	CT3	Lifey Stuff
Sprite Shit Hoodie	cutout-real-image	CT3	Lifey Stuff
Sông Sâu Tĩnh Lặng Hoodie	sans-dam-khoi-minimal	CT0	Job
Sờ Kết Hoodie	sans-dam-khoi-minimal	CT0	Love Bites
Snoop Dogg THC Hoodie	mascot-fun	CT0	Trơi Bời
Si Tình Hoodie	sans-dam-khoi-minimal	CT0	Love Bites
Sát Vợ Tao Rồi Hoodie	sans-dam-khoi-minimal	CT0	Love Bites
Sát Chồng Tao Rồi Hoodie	sans-dam-khoi-minimal	CT0	Love Bites
Retire My Girl Friend Hoodie	sans-dam-khoi-minimal	CT0	Trơi Bời
Only Fans Hoodie	sans-dam-khoi-minimal	CT0	Trơi Bời
Nobody Care Hoodie	sans-dam-khoi-minimal	CT0	Trơi Bời
Nhạc Đến Nhà Hoodie	sans-dam-khoi-minimal	CT5	Trơi Bời
Người Việt Gốc Cây Hoodie	sans-dam-khoi-minimal	CT0	Vietnamese Culture
Người Vận Chuyển Hoodie	sans-dam-khoi-minimal	CT7	Job
Trời Lạnh Tại Đông Hoodie	cutout-real-image	CT8	Đũy Mèo
Tis The Season Hoodie	cutout-real-image	CT0	Nghỉ Lễ
There's Some Ho's Hoodie	cutout-real-image	CT0	Animal Circus
Thể Dục Thể Thao Hoodie	cutout-real-image	CT0	Animal Circus
Stop Staring Hoodie	cutout-real-image	CT0	Nghỉ Lễ
Sigma Boy Hoodie	cutout-real-image	CT0	Tuyệt Đối Điện Ảnh
Ramen Cat Hoodie	sans-dam-khoi-minimal	CT6	Đũy Mèo
Quý Ngài Đậu Má Hoodie	cutout-real-image	CT0	Tuyệt Đối Điện Ảnh
Offer Santa A Beer Hoodie	cutout-real-image	CT0	Nghỉ Lễ
Naughty Claus Hoodie	sans-dam-khoi-minimal	CT0	Love Bites
My Girlfriend Hoodie	sans-dam-khoi-minimal	CT0	Love Bites
My Boyfriend Hoodie	sans-dam-khoi-minimal	CT0	Love Bites
Merry X Mas Hoodie	cutout-real-image	CT3	Nghỉ Lễ
Merry Titmas Hoodie	cutout-real-image	CT3	Nghỉ Lễ
Merry Crapmas Hoodie	cutout-real-image	CT3	Nghỉ Lễ
Merry Catmess Hoodie	cutout-real-image	CT3	Nghỉ Lễ
Meme Cat Huh Hoodie	mascot-fun	CT0	Đũy Mèo
My Birthday Hoodie	cutout-real-image	CT0	Nghỉ Lễ
Jingle My Bells Hoodie	cutout-real-image	CT8	Nghỉ Lễ
Meme Cat Hết Cứu Hoodie	mascot-fun	CT0	Đũy Mèo
Sorry Girls Hoodie	sans-dam-khoi-minimal	CT3	Nghỉ Lễ
Xin Lỗi Được Chưa Hoodie	sans-dam-khoi-minimal	CT3	Đũy Mèo
Giao Hưởng Tân Thời Hoodie	sans-dam-khoi-minimal	CT3	Băng Đĩa Hải Ngoại
No Money Hoodie	sans-dam-khoi-minimal	CT3	Lifey Stuff
Công Chúa Bong Bóng Hoodie	sans-dam-khoi-minimal	CT3	Trơi Bời
Em Yêu Tất Cả Hoodie	sans-dam-khoi-minimal	CT3	Love Bites
My Ex Is Still In Love With Me Hoodie	sans-dam-khoi-minimal	CT3	Love Bites
Dáng Xinh Hoodie	sans-dam-khoi-minimal	CT3	Nghỉ Lễ
Chó Là Bạn Không Phải Tôi Hoodie	sans-dam-khoi-minimal	CT3	Animal Circus
Ủa Anh Hoodie	sans-dam-khoi-minimal	CT3	Job
Meme Chú Vịt Yes It's Monday Hoodie	vintage-badge	CT3	Job
Feeling Catful Hoodie	cutout-real-image	CT3	Nghỉ Lễ
CLB Tẩm Quất Hoodie	sans-dam-khoi-minimal	CT3	Tuyệt Đối Điện Ảnh
Meme Chú Vịt Xin Đừng Làm Phiền Hoodie	vintage-badge	CT3	Job
Chú Bé Tê Liệt Hoodie	bubble-cursive	CT3	Đời Game Thủ
Merry Christmas And Shit Hoodie	bold-central-flat	CT3	Nghỉ Lễ
Meme Chú Vịt Muốn Nghỉ Làm Hoodie	vintage-badge	CT3	Job
Christmas Spirit Hoodie	sans-dam-khoi-minimal	CT3	Nghỉ Lễ
What Christmas Hoodie	sans-dam-khoi-minimal	CT3	Nghỉ Lễ
Check Out My Balls Hoodie	script-serif	CT3	Nghỉ Lễ
Meme Chú Vịt Ham Sống Sợ Stress Hoodie	vintage-badge	CT3	Job
Bí Ngoo Hoodie	bubble-cursive	CT3	Nghỉ Lễ
Meme Chú Vịt Cuộc Sống Hối Hả Hoodie	vintage-badge	CT3	Job
Anh Yêu Tất Cả Hoodie	sans-dam-khoi-minimal	CT3	Love Bites
Meme Chú Vịt Cột Sống Bất Ổn Hoodie	vintage-badge	CT3	Job
Anh Long Hoodie	bubble-cursive	CT3	Băng Đĩa Hải Ngoại
Hoàn Hảo Hoodie	sans-dam-khoi-minimal	CT3	Lifey Stuff
Ân Oán Giang Hồ Hoodie	sans-dam-khoi-minimal	CT3	Đũy Mèo
Tuổi Trẻ Xài Hao Hoodie	sans-dam-khoi-minimal	CT3	Đũy Mèo
Alway Right Hoodie	sans-dam-khoi-minimal	CT3	Lifey Stuff
Nicegirl Hoodie	sans-dam-khoi-minimal	CT3	Lifey Stuff
Chị Ngã Em Nâng Hoodie	sans-dam-khoi-minimal	CT3	Đũy Mèo
I Dunno, Man Hoodie	sans-dam-khoi-minimal	CT3	Đũy Mèo
Không Sợ Kẻ Địch Mạnh Hoodie	sans-dam-khoi-minimal	CT3	Trơi Bời
Đẹp Gái Làm Ơn Đừng Có Buồn Hoodie	sans-dam-khoi-minimal	CT3	Lifey Stuff
My Mood Today Hoodie	sans-dam-khoi-minimal	CT3	Đũy Mèo
Ủa em Hoodie	sans-dam-khoi-minimal	CT3	Job
Luonvuituoi cafe Hoodie	cutout-real-image	CT7	Vietnamese Culture
Lót Dép Hóng Hoodie	cutout-real-image	CT7	Vietnamese Culture
Free & Available Hoodie	halftone-retro	CT3	Lifey Stuff
Người Vô Dụng Hoodie	cutout-real-image	CT3	Lifey Stuff
Không NYC Hoodie	sans-dam-khoi-minimal	CT3	Love Bites
Trời Đánh Tránh Người Xink Hoodie	sans-dam-khoi-minimal	CT3	Lifey Stuff
I'm Over Thinking Hoodie	sans-dam-khoi-minimal	CT3	Job
Đẹp Gái Làm Ơn Đừng Có Khùng Hoodie	sans-dam-khoi-minimal	CT3	Lifey Stuff
Hate First Love Later Hoodie	cutout-real-image	CT3	Love Bites
Cat With Flower Hoodie	script-serif	CT3	Đũy Mèo
Meosw Gì Cũng Tao Hoodie	sans-dam-khoi-minimal	CT3	Đũy Mèo
Người Vui Vẻ - Tim Sứt Mẻ Hoodie	cutout-real-image	CT3	Love Bites
Meme Cat Cái Gì Hoodie	vintage-badge	CT3	Đũy Mèo
Hãy Để Củ Tỏi Yên Hoodie	bubble-cursive	CT6	Fruitland
Cocai Concec Hoodie	cutout-real-image	CT3	Lifey Stuff
Cat Company Hoodie	script-serif	CT3	Đũy Mèo
Cat Will Save The World Hoodie	script-serif	CT3	Đũy Mèo
Bạn Bảnh Trai Hoodie	sans-dam-khoi-minimal	CT3	Trơi Bời
In My Mind Hoodie	script-serif	CT3	Đũy Mèo
Mỹ Nữ Bầy Hầy Hoodie	script-serif	CT3	Đũy Mèo
All I Need to Know about Life Hoodie	bubble-cursive	CT3	Đũy Mèo
Meme Tổng Tài Hoodie	vintage-badge	CT3	Animal Circus
What A Beautiful Day! Hoodie	script-serif	CT3	Đũy Mèo
Mập Rõ Chứ Không Mập Mờ Hoodie	bubble-cursive	CT3	Đũy Mèo
The Screamh Hoodie	illustrative-humor	CT3	Animal Circus
Ew, Hoomans Hoodie	illustrative-humor	CT3	Đũy Mèo
Meo Meo Map To Touch Hoodie	cutout-real-image	CT3	Animal Circus
Hướng Ngoại Partime Hoodie	sans-dam-khoi-minimal	CT3	Lifey Stuff
Trust Me I'm A Dogtor Hoodie	vintage-badge	CT3	Trơi Bời
Hướng Nội Partime Hoodie	sans-dam-khoi-minimal	CT3	Lifey Stuff
Duma Hoodie	sans-dam-khoi-minimal	CT3	Đũy Mèo
Don't Bother Me Hoodie	sans-dam-khoi-minimal	CT3	Animal Circus
DUCK TRÍ Hoodie	bubble-cursive	CT6	Animal Circus
I Look So Cute Hoodie	illustrative-humor	CT3	Animal Circus
Sói Cô Độc Hoodie	bubble-cursive	CT3	Love Bites
Don't Duck With Me Hoodie	sans-dam-khoi-minimal	CT3	Animal Circus
Bật Sếp Tanh Tách Hoodie	sans-dam-khoi-minimal	CT3	Job
Bored Cat Club Hoodie	cutout-real-image	CT3	Animal Circus
Nope Not Today Hoodie	illustrative-humor	CT3	Animal Circus
Certified Lover Boy Hoodie	sans-dam-khoi-minimal	CT3	Love Bites
Morning Sleeping Club Hoodie	script-serif	CT3	Animal Circus
Singer Hoodie	sans-dam-khoi-minimal	CT3	Job
I'm Just A Babygirl Trying Her Best Hoodie	illustrative-humor	CT3	Animal Circus
Stylist Hoodie	sans-dam-khoi-minimal	CT3	Job
Sunday Vibes Hoodie	illustrative-humor	CT3	Animal Circus
Don't Think About Tomorrow Hoodie	script-serif	CT3	Animal Circus
I'm Busy Hoodie	illustrative-humor	CT3	Animal Circus
Lawyer Hoodie	sans-dam-khoi-minimal	CT3	Job
Tôi Tired Bạn Cũng Thế Hoodie	micro-text-organized	CT3	Animal Circus
Kiến Trúc Sư Hoodie	sans-dam-khoi-minimal	CT3	Job
Đứa Trẻ Vô Tư Năm Ấy Hoodie	script-serif	CT3	Animal Circus
HR Hoodie	sans-dam-khoi-minimal	CT3	Job
đẹp bền vững Hoodie	cutout-real-image	CT3	Love Bites
Trạng Thái Của Tôi Lúc Này Hoodie	cutout-real-image	CT3	Love Bites
Tôi Tài Giỏi Bạn Cũng Cũng Hoodie	sans-dam-khoi-minimal	CT3	Lifey Stuff
Florist Hoodie	sans-dam-khoi-minimal	CT3	Job
Ham Sống Sợ Stress Hoodie	sans-dam-khoi-minimal	CT3	Lifey Stuff
EM SI Hoodie	illustrative-humor	CT3	Job
CSKH Hoodie	illustrative-humor	CT3	Job
Sống Nice Stress Mind Hoodie	script-serif	CT3	Lifey Stuff
Makeup Artist Hoodie	sans-dam-khoi-minimal	CT3	Job
Khóa Cửa Trái Tym Hoodie	cutout-real-image	CT3	Love Bites
Hair Stylist Hoodie	sans-dam-khoi-minimal	CT3	Job
Freelancer Hoodie	sans-dam-khoi-minimal	CT3	Job
I'm not antisocial Hoodie	illustrative-humor	CT3	Animal Circus
Dentist Hoodie	sans-dam-khoi-minimal	CT3	Job
Tâm Con Không Ác Hoodie	sans-dam-khoi-minimal	CT3	Trơi Bời
Mở Cửa Trái Tym Hoodie	cutout-real-image	CT3	Love Bites
Xấu Người Xấu Nết Hoodie	sans-dam-khoi-minimal	CT3	Lifey Stuff
Xấu Người Đẹp Nết Hoodie	sans-dam-khoi-minimal	CT3	Lifey Stuff
No Mood For Love Hoodie	bubble-cursive	CT3	Love Bites
Con Mèo Điên Đầu Hoodie	sans-dam-khoi-minimal	CT3	Đũy Mèo
Broken Hearts Club Hoodie	bubble-cursive	CT3	Love Bites
Xíu Mạ Hoodie	bubble-cursive	CT3	Vietnamese Culture
Vải Lon Hoodie	bubble-cursive	CT6	Fruitland
Quả Báo Hoodie	bubble-cursive	CT3	Vietnamese Culture
Hảo Hán Hoodie	bubble-cursive	CT3	Vietnamese Culture
Cơm Vợ Nấu Hoodie	bubble-cursive	CT3	Vietnamese Culture
Cơm Nhà Hoodie	bubble-cursive	CT3	Vietnamese Culture
Cơm Mẹ Nấu Hoodie	bubble-cursive	CT3	Vietnamese Culture
Bánh Mỳ Cay Hoodie	bubble-cursive	CT3	Vietnamese Culture
Bắn Lỗ Nào Cũng Trúng Hoodie	cutout-real-image	CT3	Trơi Bời
Đẹp Điên Hoodie	cutout-real-image	CT3	Lifey Stuff
Thích sờ Mèo Hoodie	halftone-retro	CT5	Đũy Mèo
UFO Cat ZEP ZEP ZEP Hoodie	mascot-fun	CT0	Đũy Mèo
UFO Singer Cat Hoodie	mascot-fun	CT0	Đũy Mèo
UFO SOS Meow Hoodie	mascot-fun	CT1	Đũy Mèo
UFO Mèo Hú Hồn Hoodie	mascot-fun	CT1	Đũy Mèo
UFO Meo Meo Hoodie	mascot-fun	CT1	Đũy Mèo
Người Hài Hước Hoodie	illustrative-humor	CT0	Job
Người Chơi Đá Hoodie	realistic-humor	CT5	Trơi Bời
Nghề Chọn Người Hoodie	illustrative-humor	CT0	Job
Nasa Nerd Hoodie	halftone-retro	CT10	Job
Não Lon Hoodie	cutout-real-image	CT6	Fruitland
My Mom Say No Hoodie	halftone-retro	CT3	Trơi Bời
Méo Gì Thế Hoodie	halftone-retro	CT0	Đũy Mèo
Make Up Ảtist Hoodie	realistic-humor	CT3	Job
Mãi Dell Thành Công Hoodie	sans-dam-khoi-minimal	CT3	Job
Mãi Dell Thành Công 2 Hoodie	sans-dam-khoi-minimal	CT3	Job
Lương Cao Thế Hoodie	illustrative-humor	CT0	Job
Lửa Thử Vàng Hoodie	bold-central-flat	CT0	Job
Lốp Trưởng Hoodie	micro-text-organized	CT2	Love Bites
Lỡ Quẹt Phải Hoodie	bold-central-flat	CT0	Đũy Mèo
Live Fast Hoodie	sans-dam-khoi-minimal	CT0	Trơi Bời
Làm Vì Đam Mê Hoodie	sans-dam-khoi-minimal	CT0	Job
Không Phải Bàn Hoodie	bold-central-flat	CT0	Trơi Bời
Kẻ Nhận Sét Hoodie	illustrative-humor	CT0	Job
It's A Burger Hoodie	bubble-cursive	CT6	Lifey Stuff
If You See Da Police Hoodie	sans-dam-khoi-minimal	CT3	Trơi Bời
I Love You Từ Bé Hoodie	bubble-cursive	CT0	Love Bites
Hot Dog Hoodie	script-serif	CT0	Animal Circus
Hong Bé Ơi Hoodie	mascot-fun	CT0	Tuyệt Đối Điện Ảnh
Hoa Mắt Hoodie	bold-central-flat	CT0	Lifey Stuff
Hẹ Hẹ Hẹ Hoodie	mascot-fun	CT1	Trơi Bời
Harry Smoker Hoodie	realistic-humor	CT4	Tuyệt Đối Điện Ảnh
Hàng Dễ Vỡ Hoodie	bold-central-flat	CT2	Love Bites
Good In Bed Hoodie	micro-text-organized	CT0	Trơi Bời
Gơn Phố Hoodie	micro-text-organized	CT3	Trơi Bời
Gọi Cho Anh Hoodie	script-serif	CT0	Trơi Bời
Gét Gô Hoodie	realistic-humor	CT3	Lifey Stuff
Gần Nhạc Thì Dance Hoodie	script-serif	CT0	Trơi Bời
Ducking Motherquacker Hoodie	realistic-humor	CT5	Animal Circus
Dríver Hoodie	realistic-humor	CT0	Job
Don't Tell Mama Hoodie	realistic-humor	CT0	Trơi Bời
Don't Do Drug Hoodie	bold-central-flat	CT0	Trơi Bời
Đồng Nghiệp Hoodie	micro-text-organized	CT0	Job
Đổ Tràn Bình Hoodie	script-serif	CT0	Trơi Bời
Dead Inside Hoodie	sans-dam-khoi-minimal	CT2	Trơi Bời
Để Cu Toi Yen Hoodie	realistic-humor	CT5	Fruitland
Đây Là Quả Táo Hoodie	bold-central-flat	CT5	Love Bites
Đàn Ông Thanh Toán Hoodie	script-serif	CT0	Lifey Stuff
Dạ Đéo Hoodie	bold-central-flat	CT5	Lifey Stuff
Cuộc Sống Cô Đơn Hoodie	sans-dam-khoi-minimal	CT0	Love Bites
Crush Hãm Hoodie	bold-central-flat	CT0	Love Bites
Công Thức Tình Iu Hoodie	bold-central-flat	CT0	Love Bites
Công Đức Vô Dụng Hoodie	bold-central-flat	CT0	Lifey Stuff
Con Bò Tuôi Hoodie	mascot-fun	CT0	Trơi Bời
Có Không Hoodie	bold-central-flat	CT0	Lifey Stuff
Có Không Giữ Hoodie	bold-central-flat	CT0	Lifey Stuff
Chưa Bao Giờ Hoodie	sans-dam-khoi-minimal	CT0	Trơi Bời
Chị Em Mình Hẹ Hẹ Hẹ Hoodie	mascot-fun	CT1	Trơi Bời
Check Var Hoodie	sans-dam-khoi-minimal	CT10	Trơi Bời
Break Her Bed Hoodie	bold-central-flat	CT0	Trơi Bời
Boi Phố Hoodie	micro-text-organized	CT3	Trơi Bời
Big Dick King Hoodie	bold-central-flat	CT0	Lifey Stuff
Bạn Đang Ngoại Tuyến Hoodie	micro-text-organized	CT0	Lifey Stuff
Back Fap Bách Trúng Hoodie	bold-central-flat	CT0	Trơi Bời
Apple A Day Hoodie	bubble-cursive	CT6	Lifey Stuff
All You Need Hoodie	sans-dam-khoi-minimal	CT0	Trơi Bời
Ai Hỏi Mà Trả Lời Hoodie	bold-central-flat	CT0	Lifey Stuff
My Birthday Sweater	multicolor-vibrant	CT0	Nghỉ Lễ
Sorry Girls Sweater	multicolor-vibrant	CT0	Nghỉ Lễ
Feeling Catful Sweater	bold-central-flat	CT0	Nghỉ Lễ
Cu Toi Rat Ngon Hoodie	realistic-humor	CT5	Fruitland
Lỗ Nào Cũng Bắn Hoodie	script-serif	CT0	Trơi Bời
Anh Là Kẻ May Mắn Hoodie	illustrative-humor	CT0	Trơi Bời
Liễu Yếu Đào To Hoodie	realistic-humor	CT5	Fruitland
Bạn Đã Bị Mèo Ám Hoodie	mascot-fun	CT0	Đũy Mèo
Dân Tổ Việt - Nơi Tình Yêu Bốc Đầu Hoodie	bold-central-flat	CT0	Trơi Bời
Thế Cơ À Cat Hoodie	mascot-fun	CT0	Đũy Mèo
Retro Cat Y2K Hoodie	mascot-fun	CT10	Đũy Mèo
Paw Cat Hoodie	mascot-fun	CT0	Đũy Mèo
Don't Panic It's Organic Cat Hoodie	mascot-fun	CT3	Đũy Mèo
Cool Cat Hoodie	mascot-fun	CT0	Đũy Mèo
Ciga Cat Hoodie	mascot-fun	CT0	Đũy Mèo
Cat Skate Hoodie	mascot-fun	CT0	Đũy Mèo
Bunny cat Hoodie	mascot-fun	CT0	Đũy Mèo
Hết Tiền Hoodie	sans-dam-khoi-minimal	CT0	Trơi Bời
Gừng Càng Già Càng Bay Hoodie	bold-central-flat	CT0	Trơi Bời
Ai Đó Zữ Như Chó Hoodie	realistic-humor	CT5	Animal Circus
Phiên Phiến Hoy Hoodie	bold-central-flat	CT0	Lifey Stuff
Trài Tài Gái Xỉu Hoodie	micro-text-organized	CT10	Animal Circus
Đẹp Người Xấu Nết Hoodie	micro-text-organized	CT8	Lifey Stuff
Việt Nam Sáng Ăn Gì Hoodie	script-serif	CT0	Vietnamese Culture
Tôi Yêu Phụ Nữ Hoodie	script-serif	CT0	Love Bites
Đẹp Người Đẹp Nết Hoodie	micro-text-organized	CT8	Lifey Stuff
Tình Mình Chấm Hết Hoodie	micro-text-organized	CT0	Love Bites
Anh Chàng Thư Giãn Hoodie	illustrative-humor	CT0	Lifey Stuff
Nghiện Em Hoodie	script-serif	CT0	Love Bites
Cô Nàng Thư Giãn Hoodie	illustrative-humor	CT0	Lifey Stuff
Trà Trắc bánh Tráng Trộn Hoodie	bold-central-flat	CT0	Vietnamese Culture
Sống Zô Tri Hưởng Thái Bình Hoodie	bold-central-flat	CT0	Lifey Stuff
Tiệm Bánh Mì LUONVUITUOI Hoodie	bold-central-flat	CT0	Vietnamese Culture
Trầm Tính Ít Nói Hoodie	bold-central-flat	CT0	Lifey Stuff
Phê Sỉu Hoodie	bold-central-flat	CT0	Vietnamese Culture
Nước Mía Hoodie	script-serif	CT0	Vietnamese Culture
Ê Nha! Hoodie	bold-central-flat	CT0	Lifey Stuff
Mê Sấu Hoodie	realistic-humor	CT6	Vietnamese Culture
Mệt Hoodie	sans-dam-khoi-minimal	CT0	Job
LUONVUITUOI Loa Phường Hoodie	bold-central-flat	CT0	Vietnamese Culture
Đời Phải LUONVUITUOI Hoodie	bold-central-flat	CT0	Vietnamese Culture
Cafe Luôn Vui Tươi Hoodie	bold-central-flat	CT0	Vietnamese Culture
Không Phận Sự Xin Đừng Vào Hoodie	realistic-humor	CT0	Animal Circus
Mấy Con Chó Phải Trả Cá Hoodie	bold-central-flat	CT0	Animal Circus
Retro Funny Cat Hoodie	mascot-fun	CT10	Đũy Mèo
LUONVUITUOI Funny Dog Hoodie	mascot-fun	CT0	Animal Circus
No Brain No Pain Hoodie	bold-central-flat	CT0	Animal Circus
LUONVUITUOI Black Dog Hoodie	mascot-fun	CT0	Animal Circus
Unproducktive Hoodie	realistic-humor	CT1	Animal Circus
Let That Shit Go Hoodie	realistic-humor	CT5	Đũy Mèo
Funny Lowcost Hoodie	realistic-humor	CT0	Animal Circus
Funny Duck Hoodie	realistic-humor	CT5	Animal Circus
Thơm&Ngon Hoodie	bold-central-flat	CT6	Lifey Stuff
Đừng Đánh Thức Con Hổ Trong Tôi Hoodie	bold-central-flat	CT6	Đũy Mèo
Cool Black Cat Hoodie	mascot-fun	CT8	Đũy Mèo
Anh Đến Đây Hoodie	bold-central-flat	CT0	Job
Người vùng cao Hoodie	sans-dam-khoi-minimal	CT7	Job
Người có vợ Hoodie	sans-dam-khoi-minimal	CT7	Job
Pizza Hoodie	sans-dam-khoi-minimal	CT6	Lifey Stuff
Hey Siri Hoodie	halftone-retro	CT4	Love Bites
Người Có Mọi Thứ Hoodie	sans-dam-khoi-minimal	CT7	Job
Vào Bar Ra Nhạc Hoodie	multicolor-vibrant	CT1	Đũy Mèo
The No Face Hoodie	mascot-fun	CT0	Lifey Stuff
TIRED Hoodie	sans-dam-khoi-minimal	CT0	Lifey Stuff
Mình Hơn Hẳn Mà Hoodie	bold-central-flat	CT1	Đũy Mèo
Mấy Con Cá Phải Trả Gió Hoodie	bubble-cursive	CT1	Animal Circus
Gần Mực Thì Bia Hoodie	sans-dam-khoi-minimal	CT1	Lifey Stuff
Anh Em Tao Đến Đây Hoodie	bold-central-flat	CT3	Đũy Mèo
Tụ Tập Hoodie	bold-central-flat	CT0	Lifey Stuff
Rất Tiếc Bạn Đã Bị COn Mèo Hoodie	realistic-humor	CT1	Đũy Mèo
NICEBOY Hoodie	bold-central-flat	CT0	Lifey Stuff
Oh No Hoodie	bold-central-flat	CT0	Lifey Stuff
Cửa Hỏng Vui Lòng Không Mở Hoodie	cutout-real-image	CT1	Lifey Stuff
Lời Đường Mật Hoodie	script-serif	CT1	Love Bites
Đã Uống Xe Không Lái Rượu Bia Hoodie	illustrative-humor	CT1	Lifey Stuff
Sống Nay Stress Mai Hoodie	sans-dam-khoi-minimal	CT1	Lifey Stuff
Hưởng Thụ Hoodie	multicolor-vibrant	CT0	Lifey Stuff
Cút Hoodie	sans-dam-khoi-minimal	CT0	Lifey Stuff
Long Time No Sẽ Hoodie	micro-text-organized	CT1	Lifey Stuff
Hê Lu Lu Khủng Long Hoodie	mascot-fun	CT1	Animal Circus
Tôi Xink Lỗi Bạn Hoodie	bubble-cursive	CT1	Lifey Stuff
Em Bé Duck Hoodie	mascot-fun	CT0	Animal Circus
Duck You Hoodie	bold-central-flat	CT5	Animal Circus
Buồn Ngủ Cat Hoodie	mascot-fun	CT1	Đũy Mèo
Merry Christmas And Shit Sweater	bubble-cursive	CT4	Nghỉ Lễ
What Christmas Sweater	bubble-cursive	CT0	Nghỉ Lễ
Trader Giao Dịch Chứng Phán Hoodie	sans-dam-khoi-minimal	CT0	Job
Thời Tới Cản Không Kịp Hoodie	sans-dam-khoi-minimal	CT1	Lifey Stuff
Người Lào Hoodie	illustrative-humor	CT7	Job
Người Giàu Hoodie	illustrative-humor	CT7	Job
Gọi Em Là Đồng Nát Hoodie	cutout-real-image	CT1	Love Bites
Gọi Anh Là Đồ Đồng Nát Hoodie	cutout-real-image	CT1	Love Bites
Chúng Mình Có Nhau Hoodie	bold-central-flat	CT0	Love Bites
Architecture Kỹ Sư Xây Dựng Hoodie	sans-dam-khoi-minimal	CT0	Job
Only Fan Hoodie	bold-central-flat	CT4	Lifey Stuff
Teacher Thợ Giữ Trẻ Hoodie	sans-dam-khoi-minimal	CT7	Job
Photographer Nhiếp Ảnh Gia Hoodie	sans-dam-khoi-minimal	CT7	Job
Leader Lào Gì Cũng Tôn Hoodie	sans-dam-khoi-minimal	CT2	Job
Intern Thực Tập Xink Hoodie	sans-dam-khoi-minimal	CT2	Job
Gamer Người Bị Game Chơi Hoodie	sans-dam-khoi-minimal	CT7	Job
My Ex Is Still In Love With Me Sweater	bold-central-flat	CT0	Love Bites
Developer Lập Trình Điên Hoodie	sans-dam-khoi-minimal	CT1	Job
Designer Thiết Kế Gặp Họa Hoodie	sans-dam-khoi-minimal	CT2	Job
Content Creator Nhà Sáng Tạo Nội Dung Hoodie	sans-dam-khoi-minimal	CT4	Job
Coder Hoodie	sans-dam-khoi-minimal	CT0	Job
Artist Nghệ Sĩ Hoodie	sans-dam-khoi-minimal	CT0	Job
Ủa Anh Sweater	sans-dam-khoi-minimal	CT0	Job
Chú Bé Tê Liệt Sweater	script-serif	CT0	Đời Game Thủ
Tôi Chọn Sai Người	bold-central-flat	CT0	Đơn Giản Hóa
Thế Giới Này	bold-central-flat	CT0	Đơn Giản Hóa
Sưởi Ấm	bold-central-flat	CT0	Đơn Giản Hóa
Phải Chịu	bold-central-flat	CT0	Đơn Giản Hóa
Nhớ Em	bold-central-flat	CT0	Đơn Giản Hóa
Người Trung Thực	bold-central-flat	CT0	Đơn Giản Hóa
Ngủ Là Lối Thoát	bold-central-flat	CT0	Đơn Giản Hóa
Hết Nhạc Con Về	bold-central-flat	CT0	Đơn Giản Hóa
Đẹp Trai Cũng Bị Nói	bold-central-flat	CT0	Đơn Giản Hóa
Để Mà Nói Thì	bold-central-flat	CT0	Đơn Giản Hóa
Dân Thường	bold-central-flat	CT0	Đơn Giản Hóa
12 Năm Học Địa	sans-dam-khoi-minimal	CT10	Đơn Giản Hóa
Tis The Season	cutout-real-image	CT0	Nghỉ Lễ
There's Some Ho's	cutout-real-image	CT0	Nghỉ Lễ
Stop Staring	cutout-real-image	CT0	Nghỉ Lễ
Offer Santa A Beer	cutout-real-image	CT0	Nghỉ Lễ
Naughty Claus	cutout-real-image	CT0	Nghỉ Lễ
Merry X Mas	cutout-real-image	CT0	Nghỉ Lễ
Merry Titmas	cutout-real-image	CT5	Nghỉ Lễ
Merry Crapmas	cutout-real-image	CT5	Nghỉ Lễ
Merry Catmess	cutout-real-image	CT5	Nghỉ Lễ
Jingle My Bells	cutout-real-image	CT0	Nghỉ Lễ
Christmas Spirit	cutout-real-image	CT0	Nghỉ Lễ
Check Out My Balls	cutout-real-image	CT0	Nghỉ Lễ
Tis The Season Sweater	cutout-real-image	CT0	Nghỉ Lễ
There's Some Ho's Sweater	cutout-real-image	CT0	Nghỉ Lễ
Stop Staring Sweater	cutout-real-image	CT0	Nghỉ Lễ
Offer Santa A Beer Sweater	cutout-real-image	CT0	Nghỉ Lễ
Naughty Claus Sweater	cutout-real-image	CT0	Nghỉ Lễ
Merry X Mas Sweater	cutout-real-image	CT0	Nghỉ Lễ
Merry Titmas Sweater	cutout-real-image	CT5	Nghỉ Lễ
Merry Crapmas Sweater	cutout-real-image	CT5	Nghỉ Lễ
Merry Catmess Sweater	cutout-real-image	CT5	Nghỉ Lễ
Jingle My Bells Sweater	cutout-real-image	CT0	Nghỉ Lễ
Christmas Spirit Sweater	cutout-real-image	CT0	Nghỉ Lễ
Check Out My Balls Sweater	cutout-real-image	CT0	Nghỉ Lễ
Thể Dục Thể Thao Sweater	multicolor-vibrant	CT10	Job
Vẹo Sống Lưng Sweater	micro-text-organized	CT0	Job
Trời Lạnh Tại Đông Sweater	sans-dam-khoi-minimal	CT1	Đũy Mèo
Sigma Boy Sweater	halftone-retro	CT3	Tuyệt Đối Điện Ảnh
Send Nudes Sweater	bubble-cursive	CT1	Trơi Bời
Ramen Cat Sweater	mascot-fun	CT6	Đũy Mèo
Pool Hub Sweater	vintage-badge	CT3	Trơi Bời
Ổn Lòi Lìa Sweater	bold-central-flat	CT1	Job
Nước Trong Thì Không Có Cá Sweater	sans-dam-khoi-minimal	CT1	Job
Ngợp Thở Quá Sếp Sweater	bold-central-flat	CT3	Job
Ngoạm Đầu Sweater	sans-dam-khoi-minimal	CT5	Đũy Mèo
Nghẹo Mèo Sweater	sans-dam-khoi-minimal	CT5	Đũy Mèo
My Girlfriend Sweater	bold-central-flat	CT0	Love Bites
My Boyfriend Sweater	bold-central-flat	CT0	Love Bites
Mèo Văng Gốc Sweater	mascot-fun	CT5	Đũy Mèo
Mèo Phục Hưng Sweater	mascot-fun	CT0	Đũy Mèo
Mèo Nhây Sweater	mascot-fun	CT0	Đũy Mèo
Lười Quá Mèo Sweater	mascot-fun	CT0	Đũy Mèo
Em Yêu Tất Cả Sweater	bold-central-flat	CT0	Love Bites
Dỗi Vờ Lờ Sweater	bubble-cursive	CT4	Đũy Mèo
Đối Thủ Nặng Ký Sweater	sans-dam-khoi-minimal	CT5	Đũy Mèo
Đồ Ăn Đâu Sen Sweater	bold-central-flat	CT3	Đũy Mèo
Dính Quá À Sweater	realistic-humor	CT1	Trơi Bời
Dáng Xinh Sweater	bubble-cursive	CT0	Nghỉ Lễ
Chủ Nhân Của Bảo Kiếm Sweater	bold-central-flat	CT0	Trơi Bời
Cam Chịu Sweater	sans-dam-khoi-minimal	CT1	Lifey Stuff
Cái Lề Gì Thốn Sweater	bold-central-flat	CT0	Tuyệt Đối Điện Ảnh
Bí Ngoo Sweater	cutout-real-image	CT1	Nghỉ Lễ
Bạn Là Nhất Sweater	bold-central-flat	CT0	Lifey Stuff
Anh Yêu Tất Cả Sweater	sans-dam-khoi-minimal	CT0	Love Bites
Anh Đại Bảo Kê Sweater	mascot-fun	CT7	Animal Circus
Ân Oán Giang Hồ Sweater	script-serif	CT0	Đũy Mèo
Ăn Buổi Tối Sweater	script-serif	CT0	Đũy Mèo
Alway Right Sweater	sans-dam-khoi-minimal	CT3	Lifey Stuff
Xạo Hổ Xàm Long Sweater	sans-dam-khoi-minimal	CT1	Lifey Stuff
Việc Nhẹ Volt Cao Sweater	sans-dam-khoi-minimal	CT3	Job
Trên Răng Dưới Dép Sweater	sans-dam-khoi-minimal	CT1	Lifey Stuff
This Is Fine Sweater	sans-dam-khoi-minimal	CT3	Lifey Stuff
Sprite Shit Sweater	sans-dam-khoi-minimal	CT3	Lifey Stuff
Snoop Dogg THC Sweater	mascot-fun	CT4	Trơi Bời
Nasa Nerd Sweater	mascot-fun	CT3	Lifey Stuff
Mãi Dell Thành Công Sweater	sans-dam-khoi-minimal	CT0	Job
Mãi Dell Thành Công 2 Sweater	sans-dam-khoi-minimal	CT0	Job
Lương Cao Thế Sweater	sans-dam-khoi-minimal	CT0	Job
If You See Da Police Sweater	script-serif	CT1	Trơi Bời
Hot Dog Sweater	mascot-fun	CT0	Animal Circus
Gét Gô Sweater	sans-dam-khoi-minimal	CT1	Lifey Stuff
Ducking Motherquacker Sweater	mascot-fun	CT4	Animal Circus
Đàn Ông Thanh Toán Sweater	sans-dam-khoi-minimal	CT0	Lifey Stuff
Công Đức Vô Dụng Sweater	sans-dam-khoi-minimal	CT0	Lifey Stuff
Có Không Giữ Sweater	sans-dam-khoi-minimal	CT0	Lifey Stuff
Ai Hỏi Mà Trả Lời Sweater	sans-dam-khoi-minimal	CT0	Lifey Stuff
You're Rich Sweater	sans-dam-khoi-minimal	CT3	Vietnamese Culture
Việt Style Sweater	sans-dam-khoi-minimal	CT0	Vietnamese Culture
Tự Hào Việt Nam Sweater	sans-dam-khoi-minimal	CT0	Vietnamese Culture
Tôi Là Bánh Khúc Sweater	sans-dam-khoi-minimal	CT6	Vietnamese Culture
Tình Iu Vĩnh Cửu Sweater	sans-dam-khoi-minimal	CT0	Love Bites
Tinh Hoa Đất Việt Sweater	sans-dam-khoi-minimal	CT0	Vietnamese Culture
Thợ Hurt Tóc Sweater	mascot-fun	CT7	Job
Thế Hệ Cợt Nhả Sweater	sans-dam-khoi-minimal	CT0	Job
Tảttoo Ảtist Sweater	sans-dam-khoi-minimal	CT3	Job
Tảrot Readẻ Sweater	sans-dam-khoi-minimal	CT3	Job
Tăng High Tăng Bar Sweater	sans-dam-khoi-minimal	CT1	Job
Tán 7 Em Sweater	sans-dam-khoi-minimal	CT0	Love Bites
Tấm Chân Tình Sweater	sans-dam-khoi-minimal	CT0	Love Bites
Studèn Sweater	sans-dam-khoi-minimal	CT3	Job
Sông Sâu Tĩnh Lặng Sweater	sans-dam-khoi-minimal	CT0	Job
Sống Lương Thiện Sweater	sans-dam-khoi-minimal	CT0	Trơi Bời
Retire My Girl Friend Sweater	sans-dam-khoi-minimal	CT3	Trơi Bời
Nobody Care Sweater	sans-dam-khoi-minimal	CT0	Trơi Bời
Nhạc Đến Nhà Sweater	sans-dam-khoi-minimal	CT0	Trơi Bời
Người Việt Sweater	sans-dam-khoi-minimal	CT0	Vietnamese Culture
Người Việt Gốc Cây Sweater	sans-dam-khoi-minimal	CT6	Vietnamese Culture
Người Vận Chuyển Sweater	sans-dam-khoi-minimal	CT7	Job
Người Hài Hước Sweater	sans-dam-khoi-minimal	CT7	Job
Người Chơi Đá Sweater	sans-dam-khoi-minimal	CT4	Trơi Bời
Nghề Chọn Người Sweater	sans-dam-khoi-minimal	CT0	Job
Não Lon Sweater	sans-dam-khoi-minimal	CT6	Fruitland
My Mom Say No Sweater	sans-dam-khoi-minimal	CT4	Trơi Bời
Méo Gì Thế Sweater	sans-dam-khoi-minimal	CT0	Đũy Mèo
Make Up Ảtist Sweater	sans-dam-khoi-minimal	CT3	Job
Lửa Thử Vàng Sweater	sans-dam-khoi-minimal	CT0	Job
Lốp Trưởng Sweater	sans-dam-khoi-minimal	CT4	Love Bites
Lỡ Quẹt Phải Sweater	sans-dam-khoi-minimal	CT0	Đũy Mèo
Live Fast Sweater	sans-dam-khoi-minimal	CT0	Trơi Bời
Làm Vì Đam Mê Sweater	sans-dam-khoi-minimal	CT0	Job
It's A Burger Sweater	sans-dam-khoi-minimal	CT0	Lifey Stuff
Hẹ Hẹ Hẹ Sweater	sans-dam-khoi-minimal	CT0	Trơi Bời
Good In Bed Sweater	sans-dam-khoi-minimal	CT0	Trơi Bời
Gơn Phố Sweater	sans-dam-khoi-minimal	CT0	Trơi Bời
Gọi Cho Anh Sweater	sans-dam-khoi-minimal	CT0	Trơi Bời
Gần Nhạc Thì Dance Sweater	sans-dam-khoi-minimal	CT0	Trơi Bời
Dríver Sweater	sans-dam-khoi-minimal	CT3	Job
Don't Tell Mama Sweater	sans-dam-khoi-minimal	CT0	Trơi Bời
Don't Do Drug Sweater	sans-dam-khoi-minimal	CT0	Trơi Bời
Đồng Nghiệp Sweater	sans-dam-khoi-minimal	CT0	Job
Dòng Máu Lạc Hồng Sweater	sans-dam-khoi-minimal	CT0	Vietnamese Culture
Đổ Tràn Bình Sweater	sans-dam-khoi-minimal	CT0	Trơi Bời
Dead Inside Sweater	sans-dam-khoi-minimal	CT0	Trơi Bời
Để Cu Toi Yen Sweater	bubble-cursive	CT6	Fruitland
Đây Là Quả Táo Sweater	bubble-cursive	CT6	Fruitland
Dạ Đéo Sweater	sans-dam-khoi-minimal	CT5	Lifey Stuff
Cuộc Sống Cô Đơn Sweater	sans-dam-khoi-minimal	CT0	Love Bites
Crush Hãm Sweater	sans-dam-khoi-minimal	CT0	Love Bites
Công Thức Tình Iu Sweater	sans-dam-khoi-minimal	CT0	Love Bites
Con Bò Tuôi Sweater	sans-dam-khoi-minimal	CT0	Trơi Bời
Có Không Sweater	sans-dam-khoi-minimal	CT0	Lifey Stuff
Chưa Bao Giờ Sweater	sans-dam-khoi-minimal	CT0	Lifey Stuff
Chị Em Mình Hẹ Hẹ Hẹ Sweater	sans-dam-khoi-minimal	CT0	Trơi Bời
Break Her Bed Sweater	sans-dam-khoi-minimal	CT0	Trơi Bời
Boi Phố Sweater	sans-dam-khoi-minimal	CT0	Love Bites
Bạn Đang Ngoại Tuyến Sweater	sans-dam-khoi-minimal	CT0	Lifey Stuff
Back Fap Bách Trúng Sweater	sans-dam-khoi-minimal	CT0	Trơi Bời
Apple A Day Sweater	bubble-cursive	CT6	Fruitland
All You Need Sweater	sans-dam-khoi-minimal	CT0	Trơi Bời
Mấy Con Chó Phải Trả Cá Sweater	mascot-fun	CT4	Animal Circus
Hey Siri Sweater	sans-dam-khoi-minimal	CT0	Love Bites
Yêu Một Người Sweater	sans-dam-khoi-minimal	CT0	Trơi Bời
Xì Ke Sweater	sans-dam-khoi-minimal	CT0	Trơi Bời
Vượt Mức Pickleball Sweater	sans-dam-khoi-minimal	CT10	Love Bites
Trẻ Không Chơi Sweater	sans-dam-khoi-minimal	CT0	Lifey Stuff
Trai Đẹp Sweater	sans-dam-khoi-minimal	CT0	Lifey Stuff
Tiệm Tạp Hoá Sweater	sans-dam-khoi-minimal	CT0	Trơi Bời
Thợ Săn Tiểu Tiên Nữ Sweater	sans-dam-khoi-minimal	CT7	Trơi Bời
Thợ Săn Thái Tử Sweater	sans-dam-khoi-minimal	CT7	Trơi Bời
Thợ Săn Phú Bà Sweater	sans-dam-khoi-minimal	CT7	Trơi Bời
Thợ Săn Nhị Lang Thần Sweater	sans-dam-khoi-minimal	CT7	Trơi Bời
Thợ Săn Ngưu Ma Vương Sweater	sans-dam-khoi-minimal	CT7	Trơi Bời
Thợ Săn Hồng Hài Nhi Sweater	sans-dam-khoi-minimal	CT7	Trơi Bời
Sống Trong Đời Sống Sweater	sans-dam-khoi-minimal	CT0	Lifey Stuff
Sai Đẹp Giú Sweater	cutout-real-image	CT1	Love Bites
Sai Đẹp Chill Sweater	cutout-real-image	CT1	Love Bites
Quý Ngài Đậu Má Sweater	sans-dam-khoi-minimal	CT5	Tuyệt Đối Điện Ảnh
Quên Cái Cần Nhớ Sweater	sans-dam-khoi-minimal	CT0	Trơi Bời
Pussy White Dice Sweater	sans-dam-khoi-minimal	CT0	Trơi Bời
Pussy 8 Ball Sweater	sans-dam-khoi-minimal	CT0	Trơi Bời
Người Chọn Đi Chơi Sweater	sans-dam-khoi-minimal	CT7	Job
Người Chơi Hệ Hoả Sweater	sans-dam-khoi-minimal	CT7	Trơi Bời
Mình Quay Lại Em Nhé Sweater	sans-dam-khoi-minimal	CT0	Love Bites
Mình Quay Lại Anh Nhé Sweater	sans-dam-khoi-minimal	CT0	Love Bites
Lẩu Cốt Sweater	sans-dam-khoi-minimal	CT0	Lifey Stuff
Lái Bia Rượu Sweater	sans-dam-khoi-minimal	CT0	Lifey Stuff
Là Sao Sweater	sans-dam-khoi-minimal	CT0	Lifey Stuff
Không Tin Đàn Ông Sweater	sans-dam-khoi-minimal	CT0	Love Bites
Không Tin Đàn Bà Sweater	sans-dam-khoi-minimal	CT0	Love Bites
Giao Hưởng Tân Thời Sweater	sans-dam-khoi-minimal	CT0	Băng Đĩa Hải Ngoại
Gái Đẹp Sweater	sans-dam-khoi-minimal	CT0	Trơi Bời
Final Pr Sweater	sans-dam-khoi-minimal	CT3	Job
Final Photoshop Sweater	sans-dam-khoi-minimal	CT3	Job
Final Ai Sweater	bold-central-flat	CT3	Job
Final Ae Sweater	bold-central-flat	CT3	Job
Đường Đua Tốn Gái Sweater	script-serif	CT2	Trơi Bời
Của Ít Lòng Vòng Sweater	bubble-cursive	CT3	Lifey Stuff
Cứ Chan Đê Sweater	bold-central-flat	CT3	Trơi Bời
Chúc Bạn Mất Trinh Sweater	bubble-cursive	CT3	Trơi Bời
Bản Đôn Chề Sweater	script-serif	CT2	Trơi Bời
Ba Lên Xe Tay Ga Sweater	bubble-cursive	CT2	Trơi Bời
Áp Bồ Sweater	bold-central-flat	CT3	Lifey Stuff
Meme Cat Hết Cứu Sweater	cutout-real-image	CT0	Animal Circus
Xin Lỗi Được Chưa Sweater	bold-central-flat	CT5	Animal Circus
Công Chúa Bong Bóng Sweater	bubble-cursive	CT4	Trơi Bời
Hoàn Hảo Sweater	bold-central-flat	CT0	Lifey Stuff
Tuổi Trẻ Xài Hao Sweater	script-serif	CT1	Trơi Bời
I Do What I Want Sweater	cutout-real-image	CT3	Animal Circus
Xuống Làm Gì Sweater	bold-central-flat	CT4	Trơi Bời
Xin Lỗi Bạn Đã Bị Con Mèo Sweater	cutout-real-image	CT1	Animal Circus
Không Sợ Kẻ Địch Mạnh Sweater	bold-central-flat	CT0	Trơi Bời
Xì Gà Nhỏ Sau Giới Tính Sweater	sans-dam-khoi-minimal	CT0	Băng Đĩa Hải Ngoại
Whatever Kitty Wants Sweater	cutout-real-image	CT3	Animal Circus
Cat With Flower Sweater	cutout-real-image	CT3	Animal Circus
Việt Nam Ăn Vặt Sweater	script-serif	CT6	Vietnamese Culture
Meme Cat Cái Gì Sweater	cutout-real-image	CT0	Animal Circus
Việt Nam Ăn Trưa Sweater	script-serif	CT6	Vietnamese Culture
Vắt Cực Khô Sweater	sans-dam-khoi-minimal	CT1	Trơi Bời
Bạn Bảnh Trai Sweater	bold-central-flat	CT0	Lifey Stuff
Tuấn Cùi Sweater	sans-dam-khoi-minimal	CT0	Băng Đĩa Hải Ngoại
Mỹ Nữ Bầy Hầy Sweater	script-serif	CT0	Animal Circus
Meme Tổng Tài Sweater	cutout-real-image	CT0	Animal Circus
Trying To Get Sweater	bold-central-flat	CT3	Animal Circus
Còn Cái Nịt Sweater	script-serif	CT5	Trơi Bời
Trẻ Người Non Stop 2 Sweater	bold-central-flat	CT1	Trơi Bời
Trai Tài Gái Xỉu 2 Sweater	script-serif	CT8	Trơi Bời
Trai Dân Tổ Sweater	bold-central-flat	CT0	Trơi Bời
Trust Me I'm A Dogtor Sweater	cutout-real-image	CT3	Animal Circus
Duma Sweater	sans-dam-khoi-minimal	CT5	Animal Circus
DUCK TRÍ Sweater	script-serif	CT4	Animal Circus
Trà Vinh Cốt Sweater	sans-dam-khoi-minimal	CT0	Băng Đĩa Hải Ngoại
Tốt Hơn Gọi Sáu Sweater	script-serif	CT0	Tuyệt Đối Điện Ảnh
Sói Cô Độc Sweater	cutout-real-image	CT4	Animal Circus
Tiệm Gà 2 Anh Em Sweater	script-serif	CT7	Tuyệt Đối Điện Ảnh
Don't Duck With Me Sweater	cutout-real-image	CT3	Animal Circus
Single By Choice Sweater	bold-central-flat	CT0	Trơi Bời
Thấy Lỗ Là Bắn Sweater	bold-central-flat	CT5	Trơi Bời
Bật Sếp Tanh Tách Sweater	script-serif	CT9	Job
Purrvana Sweater	cutout-real-image	CT3	Animal Circus
Phá Vỡ Tệ Sweater	bold-central-flat	CT0	Tuyệt Đối Điện Ảnh
Certified Lover Boy Sweater	cutout-real-image	CT0	Trơi Bời
Not A Morning Purrrson Sweater	cutout-real-image	CT3	Animal Circus
Stylist Sweater	sans-dam-khoi-minimal	CT0	Job
Người Việt Bay Sweater	script-serif	CT7	Trơi Bời
Lawyer Sweater	sans-dam-khoi-minimal	CT0	Job
Người Ngoài Hành Lang Sweater	script-serif	CT7	Trơi Bời
Kiến Trúc Sư Sweater	sans-dam-khoi-minimal	CT0	Job
HR Sweater	sans-dam-khoi-minimal	CT0	Job
Mèo Moon Sweater	cutout-real-image	CT0	Animal Circus
Florist Sweater	sans-dam-khoi-minimal	CT0	Job
Mai Tài Sơn Sweater	sans-dam-khoi-minimal	CT0	Tuyệt Đối Điện Ảnh
Lương 5 Triệu Sweater	sans-dam-khoi-minimal	CT0	Job
EM SI Sweater	sans-dam-khoi-minimal	CT0	Job
CSKH Sweater	sans-dam-khoi-minimal	CT0	Job
Luôn Là Người May Mắn Sweater	bold-central-flat	CT0	Trơi Bời
Singer Sweater	sans-dam-khoi-minimal	CT0	Job
Saler Sweater	sans-dam-khoi-minimal	CT0	Job
Makeup Artist Sweater	sans-dam-khoi-minimal	CT0	Job
Hair Stylist Sweater	sans-dam-khoi-minimal	CT0	Job
Freelancer Sweater	sans-dam-khoi-minimal	CT0	Job
Dentist Sweater	sans-dam-khoi-minimal	CT0	Job
Tâm Con Không Ác Sweater	script-serif	CT0	Trơi Bời
Dị Ứng Với Hải Sản Sweater	bold-central-flat	CT0	Love Bites
Life's Hard Sweater	bold-central-flat	CT0	Trơi Bời
LGBT Sweater	bold-central-flat	CT0	Trơi Bời
Kiếp Làm Sen Sweater	cutout-real-image	CT0	Animal Circus
I Hate People Sweater	cutout-real-image	CT3	Animal Circus
I Don't Know I Don't Care Sweater	bold-central-flat	CT0	Animal Circus
Hắc Hường Sweater	sans-dam-khoi-minimal	CT0	Băng Đĩa Hải Ngoại
Gần Nhạc Thì Dance Trump Sweater	bold-central-flat	CT3	Trơi Bời
Fusion Sweater	script-serif	CT0	Animal Circus
Final Lightroom Sweater	bold-central-flat	CT3	Job
Đứng Núi Này Trông Núi Nọ Sweater	script-serif	CT5	Trơi Bời
Meme Chú Vịt Yes It's Monday Sweater	cutout-real-image	CT0	Job
Meme Chú Vịt Xin Đừng Làm Phiền Sweater	cutout-real-image	CT0	Job
Meme Chú Vịt Muốn Nghỉ Làm Sweater	cutout-real-image	CT0	Job
Meme Chú Vịt Ham Sống Sợ Stress Sweater	cutout-real-image	CT0	Job
Meme Chú Vịt Cuộc Sống Hối Hả Sweater	cutout-real-image	CT0	Job
Meme Chú Vịt Cột Sống Bất Ổn Sweater	cutout-real-image	CT0	Job
Đứng Núi Này Trông Núi Nọ 2 Sweater	script-serif	CT5	Trơi Bời
Đói Quá Ò Sweater	bold-central-flat	CT0	Animal Circus
Đôi Ghệ Da Trắng Sweater	cutout-real-image	CT0	Tuyệt Đối Điện Ảnh
Dân Chơi Sweater	bold-central-flat	CT1	Trơi Bời
CLGT Sweater	sans-dam-khoi-minimal	CT0	Trơi Bời
CLB Tẩm Quất Sweater	script-serif	CT8	Tuyệt Đối Điện Ảnh
Chú Chuột Đầu Bết Sweater	script-serif	CT9	Tuyệt Đối Điện Ảnh
Chín Bỏ Vào Mồm Sweater	script-serif	CT6	Lifey Stuff
Câu Chuyện Chơi Đồ Sweater	script-serif	CT9	Tuyệt Đối Điện Ảnh
BDSM Sweater	bold-central-flat	CT5	Trơi Bời
Bật Chế Độ Bay Lên Sweater	bold-central-flat	CT2	Trơi Bời
Another Fcking Day Sweater	cutout-real-image	CT3	Animal Circus
Anh Long Sweater	sans-dam-khoi-minimal	CT0	Băng Đĩa Hải Ngoại
Xíu Mại Sweater	bold-central-flat	CT6	Vietnamese Culture
Vải Lon Sweater	bold-central-flat	CT6	Vietnamese Culture
Quả Báo Sweater	bold-central-flat	CT6	Fruitland
Hảo Hán Sweater	script-serif	CT6	Vietnamese Culture
Cơm Vợ Nấu Sweater	script-serif	CT6	Vietnamese Culture
Cơm Nhà Sweater	script-serif	CT6	Vietnamese Culture
Cơm Mẹ Nấu Sweater	script-serif	CT6	Vietnamese Culture
Bánh Mỳ Cay Sweater	bold-central-flat	CT6	Vietnamese Culture
Người Lào Sweater	script-serif	CT7	Job
Người Giàu Sweater	script-serif	CT7	Job
Chó Là Bạn Không Phải Tôi Sweater	cutout-real-image	CT5	Animal Circus
Meme Cat Huh Sweater	cutout-real-image	CT0	Animal Circus
Con Mèo Điên Đầu Sweater	script-serif	CT5	Animal Circus
Mập Rõ Chứ Không Mập Mờ Sweater	bold-central-flat	CT5	Animal Circus
Chị Ngã Em Nâng Sweater	script-serif	CT2	Animal Circus
Meosw Gì Cũng Tao Sweater	bold-central-flat	CT5	Animal Circus
Cột Sống Văn Phòng Sweater	bold-central-flat	CT4	Job
Cột Sống Sinh Viên Sweater	bold-central-flat	CT4	Job
Cột Sống Editor Sweater	bold-central-flat	CT4	Job
Cột Sống Designer Sweater	bold-central-flat	CT4	Job
I'm Not Antisocial Sweater	cutout-real-image	CT3	Animal Circus
Nguyễn Hoà Bình Sweater	cutout-real-image	CT4	Tuyệt Đối Điện Ảnh
Người Nhà Đất Sweater	illustrative-humor	CT7	Tuyệt Đối Điện Ảnh
Năm Đêm Nhà Diddy Sweater	multicolor-vibrant	CT2	Tuyệt Đối Điện Ảnh
Mewing Not Meowing Sweater	bubble-cursive	CT3	Đũy Mèo
Lộn Cái Bàn Sweater	bubble-cursive	CT1	Đũy Mèo
Hiệp Sĩ Mặt Nạ Sếch Sweater	realistic-humor	CT4	Tuyệt Đối Điện Ảnh
Chuẩn Bị Gầy Sweater	sans-dam-khoi-minimal	CT1	Lifey Stuff
Wet Ass Pussy Sweater	bubble-cursive	CT0	Lifey Stuff
Wah Deadline Sweater	sans-dam-khoi-minimal	CT1	Job
Vịt Quay Parking Sweater	mascot-fun	CT3	Lifey Stuff
Tuyệt Vời Sweater	sans-dam-khoi-minimal	CT0	Lifey Stuff
Từ Lớp 1 Đến Lớp You Sweater	mascot-fun	CT3	Love Bites
Trẻ Người Nonstop Sweater	mascot-fun	CT3	Trơi Bời
Sờ Kết Sweater	bubble-cursive	CT1	Lifey Stuff
Sick My Duck Sweater	bubble-cursive	CT5	Lifey Stuff
Si Tình Sweater	sans-dam-khoi-minimal	CT0	Lifey Stuff
Only Fans Sweater	bold-central-flat	CT3	Lifey Stuff
Không Phải Bàn Sweater	sans-dam-khoi-minimal	CT0	Lifey Stuff
Kẻ Nhận Sét Sweater	illustrative-humor	CT7	Lifey Stuff
I Love You Từ Bé Sweater	script-serif	CT3	Lifey Stuff
SỐNG NAY STRESS MAI Sweater	sans-dam-khoi-minimal	CT0	Lifey Stuff
Hong Bé Ơi Sweater	bubble-cursive	CT1	Lifey Stuff
Hoa Mắt Sweater	sans-dam-khoi-minimal	CT2	Lifey Stuff
Harry Smoker Sweater	cutout-real-image	CT4	Tuyệt Đối Điện Ảnh
Check Var Sweater	sans-dam-khoi-minimal	CT4	Lifey Stuff
Big Dick King Sweater	bubble-cursive	CT0	Lifey Stuff
In My Mind Sweater	sans-dam-khoi-minimal	CT3	Lifey Stuff
Cat Company Sweater	mascot-fun	CT3	Lifey Stuff
Free & Available Sweater	sans-dam-khoi-minimal	CT0	Lifey Stuff
I Dunno, Man Sweater	sans-dam-khoi-minimal	CT3	Đũy Mèo
Mắc Tè Sweater	sans-dam-khoi-minimal	CT1	Lifey Stuff
Trạng Thái Của Tôi Lúc Này Sweater	illustrative-humor	CT0	Lifey Stuff
Bắn Lỗ Nào Cũng Trúng Sweater	bubble-cursive	CT1	Trơi Bời
Đẹp Điên Sweater	sans-dam-khoi-minimal	CT0	Lifey Stuff
Thích sờ Mèo Sweater	sans-dam-khoi-minimal	CT1	Animal Circus
UFO Cat ZEP ZEP ZEP Sweater	mascot-fun	CT1	Animal Circus
UFO Singer Cat Sweater	mascot-fun	CT1	Animal Circus
UFO SOS Meow Sweater	mascot-fun	CT1	Animal Circus
Don't Think About Tomorrow Sweater	sans-dam-khoi-minimal	CT3	Lifey Stuff
Meo Meo Map To Touch Sweater	mascot-fun	CT1	Đũy Mèo
UFO Mèo Hú Hồn Sweater	mascot-fun	CT1	Animal Circus
UFO Meo Meo Sweater	mascot-fun	CT1	Animal Circus
What a beautiful day! Sweater	sans-dam-khoi-minimal	CT3	Đũy Mèo
Hãy Để Củ Tỏi Yên Sweater	script-serif	CT6	Fruitland
All I Need to Know about Life Sweater	sans-dam-khoi-minimal	CT0	Đũy Mèo
Cu Toi Rat Ngon Sweater	script-serif	CT6	Fruitland
Cat Will Save The World Sweater	mascot-fun	CT3	Đũy Mèo
Lỗ Nào Cũng Bắn Sweater	bubble-cursive	CT1	Trơi Bời
Anh Là Kẻ May Mắn Sweater	illustrative-humor	CT7	Trơi Bời
Liễu Yếu Đào To Sweater	script-serif	CT6	Fruitland
Vui Lòng Không Dẫm Lên Trái Tym Sweater	script-serif	CT6	Lifey Stuff
Bạn Đã Bị Mèo Ám Sweater	mascot-fun	CT3	Animal Circus
Trời Đánh Tránh Người Xink Sweater	sans-dam-khoi-minimal	CT1	Lifey Stuff
Dân Tổ Việt - Nơi Tình Yêu Bốc Đầu Sweater	script-serif	CT0	Trơi Bời
Người Vô Dụng Sweater	illustrative-humor	CT7	Job
Ủa em Sweater	realistic-humor	CT1	Job
Đẹp Gái Làm Ơn Đừng Có Buồn Sweater	sans-dam-khoi-minimal	CT1	Lifey Stuff
Đẹp Gái Làm Ơn Đừng Có Khùng Sweater	sans-dam-khoi-minimal	CT1	Lifey Stuff
Cocai Concec Sweater	sans-dam-khoi-minimal	CT1	Lifey Stuff
Thế Cơ À Cat Sweater	mascot-fun	CT3	Animal Circus
Retro Cat Y2K Sweater	mascot-fun	CT3	Animal Circus
Chó Săn Mồi Sweater	realistic-humor	CT1	Animal Circus
Paw Cat Sweater	mascot-fun	CT3	Animal Circus
Don't Panic It's Organic Cat Sweater	mascot-fun	CT3	Animal Circus
Xà Bông Sweater	sans-dam-khoi-minimal	CT2	Animal Circus
Cool Cat Sweater	mascot-fun	CT3	Animal Circus
Xà Quần Sweater	sans-dam-khoi-minimal	CT2	Animal Circus
Ciga Cat Sweater	mascot-fun	CT3	Animal Circus
Thơm&Ngon Sweater	script-serif	CT6	Lifey Stuff
Bunny cat Sweater	mascot-fun	CT3	Animal Circus
Pizza Sweater	script-serif	CT6	Lifey Stuff
Hết Tiền Sweater	sans-dam-khoi-minimal	CT1	Trơi Bời
TIRED Sweater	sans-dam-khoi-minimal	CT0	Lifey Stuff
Gừng Càng Già Càng Bay Sweater	sans-dam-khoi-minimal	CT2	Trơi Bời
Ai Đó Zữ Như Chó Sweater	sans-dam-khoi-minimal	CT1	Animal Circus
Trài Tài Gái Xỉu Sweater	script-serif	CT6	Trơi Bời
Gần Mực Thì Bia Sweater	sans-dam-khoi-minimal	CT1	Vietnamese Culture
NICEBOY Sweater	sans-dam-khoi-minimal	CT4	Lifey Stuff
Việt Nam Sáng Ăn Gì Sweater	script-serif	CT6	Vietnamese Culture
Tôi Yêu Phụ Nữ Sweater	sans-dam-khoi-minimal	CT1	Love Bites
Tình Mình Chấm Hết Sweater	sans-dam-khoi-minimal	CT1	Love Bites
Nghiện Em Sweater	sans-dam-khoi-minimal	CT0	Love Bites
Trà Trắc bánh Tráng Trộn Sweater	script-serif	CT6	Vietnamese Culture
Tiệm Bánh Mì LUONVUITUOI Sweater	script-serif	CT6	Vietnamese Culture
Đã Uống Xe Không Lái Rượu Bia Sweater	realistic-humor	CT1	Lifey Stuff
Phê Sỉu Sweater	sans-dam-khoi-minimal	CT2	Vietnamese Culture
Cút Sweater	sans-dam-khoi-minimal	CT5	Lifey Stuff
Long Time No Sẽ Sweater	sans-dam-khoi-minimal	CT1	Lifey Stuff
Nước Mía Sweater	script-serif	CT6	Vietnamese Culture
Cửa Hỏng Vui Lòng Không Mở Sweater	illustrative-humor	CT0	Lifey Stuff
Mê Sấu Sweater	script-serif	CT6	Vietnamese Culture
LUONVUITUOI Loa Phường Sweater	script-serif	CT6	Vietnamese Culture
Tôi Xink Lỗi Bạn Sweater	sans-dam-khoi-minimal	CT1	Lifey Stuff
Đời Phải LUONVUITUOI Sweater	script-serif	CT6	Vietnamese Culture
Cafe Luôn Vui Tươi Sweater	script-serif	CT6	Vietnamese Culture
Bánh Mì Sweater	script-serif	CT6	Vietnamese Culture
Retro Funny Cat Sweater	mascot-fun	CT3	Animal Circus
Funny Dog Sweater	mascot-fun	CT3	Animal Circus
Black Dog Sweater	mascot-fun	CT3	Animal Circus
Let That Shit Go Sweater	mascot-fun	CT3	Animal Circus
Funny Lowcost Sweater	mascot-fun	CT3	Animal Circus
Funny Duck Sweater	mascot-fun	CT3	Animal Circus
Đừng Đánh Thức Con Hổ Trong Tôi Sweater	illustrative-humor	CT7	Animal Circus
Cool Black Cat Sweater	mascot-fun	CT3	Animal Circus
Anh Đến Đây Sweater	multicolor-vibrant	CT2	Animal Circus
Người vùng cao Sweater	illustrative-humor	CT7	Job
Người có vợ Sweater	illustrative-humor	CT7	Job
Người Có Mọi Thứ Sweater	illustrative-humor	CT7	Job
Vào Bar Ra Nhạc Sweater	mascot-fun	CT1	Animal Circus
Mình Hơn Hẳn Mà Sweater	multicolor-vibrant	CT0	Animal Circus
Mấy Con Cá Phải Trả Gió Sweater	sans-dam-khoi-minimal	CT0	Animal Circus
Anh Em Tao Đến Đây Sweater	sans-dam-khoi-minimal	CT0	Animal Circus
Hoàn Hảo	sans-dam-khoi-minimal	CT0	Lifey Stuff
NICEGIRL	sans-dam-khoi-minimal	CT4	Lifey Stuff
Tụ Tập Sweater	sans-dam-khoi-minimal	CT0	Lifey Stuff
Rất Tiếc Bạn Đã Bị Con Mèo Sweater	mascot-fun	CT3	Animal Circus
Oh No Sweater	sans-dam-khoi-minimal	CT0	Lifey Stuff
Lời Đường Mật Sweater	script-serif	CT6	Love Bites
Khóa Cửa Trái Tym Sweater	script-serif	CT6	Love Bites
Hưởng Thụ Sweater	sans-dam-khoi-minimal	CT0	Lifey Stuff
Hê Lu Lu Khủng Long Sweater	mascot-fun	CT0	Animal Circus
Em Bé Duck Sweater	mascot-fun	CT0	Animal Circus
Duck You Sweater	mascot-fun	CT5	Animal Circus
Buồn Ngủ Cat Sweater	mascot-fun	CT0	Animal Circus
Chúng Mình Có Nhau Sweater	sans-dam-khoi-minimal	CT0	Job
Architecture Kỹ Sư Xây Dựng Sweater	sans-dam-khoi-minimal	CT0	Job
Only fan Sweater	mascot-fun	CT0	Lifey Stuff
Teacher Thợ Giữ Trẻ Sweater	illustrative-humor	CT0	Job
Photographer Nhiếp Ảnh Gia Sweater	illustrative-humor	CT0	Job
Leader Lào Gì Cũng Tôn Sweater	mascot-fun	CT5	Job
Intern Thực Tập Xink Sweater	illustrative-humor	CT8	Job
Gamer Người Bị Game Chơi Sweater	illustrative-humor	CT7	Job
Developer Lập Trình Điên Sweater	illustrative-humor	CT5	Job
Designer Thiết Kế Gặp Họa Sweater	illustrative-humor	CT5	Job
Content Creator Nhà Sáng Tạo Nội Dung Sweater	sans-dam-khoi-minimal	CT7	Job
Coder Sweater	sans-dam-khoi-minimal	CT0	Job
Artist Nghệ Sĩ Sweater	illustrative-humor	CT7	Job
Dáng Xinh	bubble-cursive	CT4	Trơi Bời
Bí Ngoo	bubble-cursive	CT5	Trơi Bời
Certified Lover Boy	cutout-real-image	CT0	Trơi Bời
Đẹp Gái Làm Ơn Đừng Có Khùng	mascot-fun	CT5	Lifey Stuff
Đũy Mèo Cat Company	mascot-fun	CT4	Đũy Mèo
Đũy Mèo Cat Will Save The World	mascot-fun	CT0	Đũy Mèo
Đũy Mèo In My Mind	mascot-fun	CT0	Đũy Mèo
All I Need to Know about Life	mascot-fun	CT0	Đũy Mèo
What a beautiful day!	mascot-fun	CT0	Đũy Mèo
UFO Singer Cat	mascot-fun	CT0	Đũy Mèo
UFO SOS Meow	mascot-fun	CT0	Đũy Mèo
UFO Mèo Hú Hồn	mascot-fun	CT0	Đũy Mèo
UFO Meo Meo	mascot-fun	CT0	Đũy Mèo
Send Nudes	cutout-real-image	CT4	Trơi Bời
Ngoạm Đầu	mascot-fun	CT5	Đũy Mèo
Nghẹo Mèo	mascot-fun	CT0	Đũy Mèo
Mèo Văng Gốc	halftone-retro	CT0	Đũy Mèo
Mèo Phục Hưng	halftone-retro	CT0	Đũy Mèo
Mèo Nhây	halftone-retro	CT0	Đũy Mèo
Lười Quá Mèo	halftone-retro	CT0	Đũy Mèo
Dỗi Vờ Lờ	sans-dam-khoi-minimal	CT5	Đũy Mèo
Đối Thủ Nặng Ký	sans-dam-khoi-minimal	CT0	Đũy Mèo
Đồ Ăn Đâu Sen	sans-dam-khoi-minimal	CT0	Đũy Mèo
Dính Quá À	sans-dam-khoi-minimal	CT0	Đũy Mèo
Cái Lề Gì Thốn	sans-dam-khoi-minimal	CT5	Tuyệt Đối Điện Ảnh
Ăn Buổi Tối	halftone-retro	CT0	Đũy Mèo
Đũy Mèo Meo Meo Map To Touch	mascot-fun	CT0	Đũy Mèo
Đũy Mèo Ew, Hoomans	mascot-fun	CT0	Đũy Mèo
Đũy Mèo The Scream	cutout-real-image	CT0	Đũy Mèo
Thích Sờ Mèo	mascot-fun	CT0	Đũy Mèo
Trời Lạnh Tại Đông	halftone-retro	CT0	Đũy Mèo
Ramen Cat	halftone-retro	CT0	Đũy Mèo
Bạn Đã Bị Mèo Ám	halftone-retro	CT0	Đũy Mèo
Hướng Ngoại Part time	halftone-retro	CT0	Lifey Stuff
Hướng Nội Part time	halftone-retro	CT0	Lifey Stuff
Nguyễn Hoà Bình	illustrative-humor	CT4	Tuyệt Đối Điện Ảnh
Người Nhà Đất	illustrative-humor	CT7	Tuyệt Đối Điện Ảnh
Năm Đêm Nhà Diddy	illustrative-humor	CT5	Tuyệt Đối Điện Ảnh
Mewing Not Meowing	sans-dam-khoi-minimal	CT3	Đũy Mèo
Hiệp Sĩ Mặt Nạ Sếch	halftone-retro	CT3	Tuyệt Đối Điện Ảnh
Lộn Cái Bàn	halftone-retro	CT0	Đũy Mèo
Tuổi Trẻ Xài Hao	halftone-retro	CT0	Đũy Mèo
I Look So Cute	halftone-retro	CT0	Đũy Mèo
Bored Cat Club	halftone-retro	CT0	Đũy Mèo
Nope Not Today	halftone-retro	CT0	Đũy Mèo
Morning Sleeping Club	halftone-retro	CT0	Đũy Mèo
I'm Just A Babygirl Trying Her Best	halftone-retro	CT0	Đũy Mèo
I Meowed What I meowed	halftone-retro	CT0	Đũy Mèo
Xin Lỗi Bạn Đã Bị Con Mèo	halftone-retro	CT0	Đũy Mèo
Whatever Kitty Wants	halftone-retro	CT0	Đũy Mèo
Trying To Get	halftone-retro	CT0	Đũy Mèo
Purrvana	halftone-retro	CT3	Đũy Mèo
Not A Morning Purrrson	halftone-retro	CT3	Đũy Mèo
Mèo Moon	halftone-retro	CT0	Đũy Mèo
Life's Hard	halftone-retro	CT0	Đũy Mèo
Kiếp Làm Sen	illustrative-humor	CT7	Đũy Mèo
Fusion	illustrative-humor	CT0	Đũy Mèo
Đói Quá Ò	cutout-real-image	CT5	Đũy Mèo
Another Fcking Day	cutout-real-image	CT5	Đũy Mèo
Mỹ Nữ Bầy Hầy	cutout-real-image	CT5	Đũy Mèo
Meme Cat Hết Cứu	cutout-real-image	CT5	Đũy Mèo
Xin Lỗi Được Chưa	cutout-real-image	CT5	Đũy Mèo
Đôi Ghệ Da Trắng	cutout-real-image	CT8	Tuyệt Đối Điện Ảnh
Sói Cô Độc Sợ Đàn Bà	halftone-retro	CT0	Lifey Stuff
Gần Nhạc Thì Dance Trump	illustrative-humor	CT5	Trơi Bời
Xuống Làm Gì	illustrative-humor	CT0	Trơi Bời
Thợ Săn Phú Bà Ver 2	illustrative-humor	CT7	Trơi Bời
Tốt Hơn Gọi Sáu	illustrative-humor	CT5	Tuyệt Đối Điện Ảnh
Đom Đóm Love J97	illustrative-humor	CT0	Lifey Stuff
Quý Ngài Đậu Má	illustrative-humor	CT5	Tuyệt Đối Điện Ảnh
Pussy 8 Ball	cutout-real-image	CT3	Lifey Stuff
Lẩu Cốt	cutout-real-image	CT0	Lifey Stuff
Là Sao	cutout-real-image	CT0	Lifey Stuff
Của Ít Lòng Vòng	cutout-real-image	CT0	Lifey Stuff
Áp Bồ	cutout-real-image	CT0	Lifey Stuff
Phiên Phiến Hoy	cutout-real-image	CT0	Lifey Stuff
Yêu Nước Trôn Trôn Việt Nam	mascot-fun	CT0	Yêu Nước
Yêu Nước 5 Điều Bác Hồ Dạy	mascot-fun	CT0	Yêu Nước
Yêu Nước Bận Yêu Nước	mascot-fun	CT0	Yêu Nước
Ai Đó Zữ Như Chó	mascot-fun	CT5	Lifey Stuff
My Mom Say No	mascot-fun	CT0	Trơi Bời
Live Fast	mascot-fun	CT0	Trơi Bời
Don't Tell Mama	mascot-fun	CT0	Trơi Bời
Dead Inside	mascot-fun	CT0	Trơi Bời
Break Her Bed	mascot-fun	CT5	Trơi Bời
All You Need	mascot-fun	CT0	Trơi Bời
Đổ Tràn Bình	mascot-fun	CT0	Trơi Bời
Back Fap Bách Trúng	mascot-fun	CT5	Trơi Bời
Người Chơi Đá	mascot-fun	CT0	Trơi Bời
Đẹp Người Xấu Nết	mascot-fun	CT5	Lifey Stuff
Đẹp Trai Đừng Có Buồn - Hồng Tỷ	mascot-fun	CT5	Lifey Stuff
Bạn Bảnh Trai	mascot-fun	CT0	Lifey Stuff
Florist	sans-dam-khoi-minimal	CT0	Job
EM SI	sans-dam-khoi-minimal	CT0	Job
Retire My Girl Friend	mascot-fun	CT0	Trơi Bời
Makeup Artist	sans-dam-khoi-minimal	CT0	Job
Hair Stylist	sans-dam-khoi-minimal	CT0	Job
Dentist	sans-dam-khoi-minimal	CT0	Job
Bắn Lỗ Nào Cũng Trúng	mascot-fun	CT5	Trơi Bời
Người Vận Chuyển	illustrative-humor	CT7	Job
Make Up Ảtist	illustrative-humor	CT3	Job
Bạn Đang Ngoại Tuyến	mascot-fun	CT0	Lifey Stuff
Anh Là Kẻ May Mắn	mascot-fun	CT0	Trơi Bời
Lỡ Quẹt Phải	bubble-cursive	CT1	Đũy Mèo
Hình Ảnh Chất Lượng	cutout-real-image	CT0	Lifey Stuff
Cuộc Sống Cô Đơn	illustrative-humor	CT0	Lifey Stuff
Chưa Bao Giờ	sans-dam-khoi-minimal	CT0	Lifey Stuff
Để Cu Toi Yen	mascot-fun	CT1	Lifey Stuff
Boi Phố	multicolor-vibrant	CT1	Couple Goals
It's A Burger	multicolor-vibrant	CT3	Lifey Stuff
Dạ Đéo	multicolor-vibrant	CT5	Lifey Stuff
Có Không	sans-dam-khoi-minimal	CT0	Lifey Stuff
Lửa Thử Vàng	realistic-humor	CT0	Job
My Heart Say Yes	realistic-humor	CT3	Job
Si Mê	script-serif	CT1	Lifey Stuff
Paw Cat	mascot-fun	CT3	Đũy Mèo
Out Of Office	bold-central-flat	CT3	Job
Wah Deadline	multicolor-vibrant	CT0	Tuyệt Đối Điện Ảnh
Wet Ass Pussy	cutout-real-image	CT3	Animal Circus
Funny Cat	mascot-fun	CT1	Animal Circus
Trên Răng Dưới Dép	script-serif	CT0	Lifey Stuff
Ciga Cat	mascot-fun	CT0	Job
Bunny cat Bunny cat	micro-text-organized	CT8	Animal Circus
Sờ Kết	bubble-cursive	CT1	Lifey Stuff
Nasa Nerd	bold-central-flat	CT3	Lifey Stuff
Mãi Dell Thành Công 2	sans-dam-khoi-minimal	CT1	Vietnamese Culture
Kẻ Nhận Sét	realistic-humor	CT7	Lifey Stuff
If You See Da Police	sans-dam-khoi-minimal	CT3	Trơi Bời
Hong Bé Ơi	bubble-cursive	CT0	Lifey Stuff
Gét Gô	bubble-cursive	CT1	Lifey Stuff
Đàn Ông Thanh Toán	sans-dam-khoi-minimal	CT0	Lifey Stuff
Check Var	illustrative-humor	CT0	Lifey Stuff
Có Không Giữ	sans-dam-khoi-minimal	CT0	Lifey Stuff
Work Harder	script-serif	CT3	Job
The Mind Is The Limit	bold-central-flat	CT3	Job
Skate Forever	illustrative-humor	CT0	Job
Ai Hỏi Mà Trả Lời	sans-dam-khoi-minimal	CT0	Lifey Stuff
I'll Be Back Next Week	micro-text-organized	CT3	Lifey Stuff
Paradise Funny Women	illustrative-humor	CT0	Lifey Stuff
be positive like a proton	sans-dam-khoi-minimal	CT3	Lifey Stuff
No Money No Friend	script-serif	CT0	Lifey Stuff
HAVE A BETTER LIFE	sans-dam-khoi-minimal	CT4	Đũy Mèo
The No Face	vintage-badge	CT0	Lifey Stuff
RICE TO MEAT YOU	script-serif	CT3	Lifey Stuff
Áo Thun Mệt	cutout-real-image	CT0	Lifey Stuff
Đan Não Cho Chồng	multicolor-vibrant	CT1	Lifey Stuff
CAFFEINE & CAFFEOUT	micro-text-organized	CT8	Lifey Stuff
LET YOUR MIND WANDER	realistic-humor	CT0	Lifey Stuff
Donut Worry Be Happy	realistic-humor	CT6	Lifey Stuff
LUONVUITUOI Funny Dog	mascot-fun	CT1	Animal Circus
LUONVUITUOI Funny Bull Dog	mascot-fun	CT0	Animal Circus
LUONVUITUOI Black Dog	multicolor-vibrant	CT0	Animal Circus
LULNVUITUOI Funny Liberties	mascot-fun	CT0	Lifey Stuff
Let That Shit Go	bold-central-flat	CT5	Đũy Mèo
I_m Me	script-serif	CT3	Lifey Stuff
Cool Black Cat	mascot-fun	CT3	Đũy Mèo
Clear Vision	vintage-badge	CT0	Lifey Stuff
Anh Đến Đây	cutout-real-image	CT0	Đũy Mèo
Trader Giao Dịch Chứng Phán	illustrative-humor	CT0	Job
Thời Tới Cản Không Kịp	realistic-humor	CT0	Lifey Stuff
Tụ Tập	script-serif	CT0	Lifey Stuff
Gay_s	script-serif	CT0	Lifey Stuff
Hưởng Thụ	illustrative-humor	CT0	Lifey Stuff
Buồn Ngủ Cat	mascot-fun	CT1	Đũy Mèo
Architecture Kỹ Sư Xây Dựng	illustrative-humor	CT0	Job
IM PERFECT	realistic-humor	CT0	Lifey Stuff
EGG SHEERAN	cutout-real-image	CT4	Job
JOHN LEMON	cutout-real-image	CT4	Job
Pizza	multicolor-vibrant	CT0	Lifey Stuff
CỬA HỎNG VUI LÒNG HÔNG MỞ	realistic-humor	CT5	Lifey Stuff
Đen Bạc Đỏ Tình	realistic-humor	CT0	Lifey Stuff
Intern Thực Tập Xink	script-serif	CT0	Job
Si Tình	realistic-humor	CT0	Lifey Stuff
