name	themes	types	image_url	product_url	since
Anti Đôn Chề Club	Lifey Stuff	Thun	https://cdn.shopify.com/s/files/1/0918/5597/8816/files/densau_3560a8c7-d3fe-48d7-867a-80050aaeecd8.png	https://luonvuituoi.co/products/ao-thun-anti-don-chề-club	2026-08-03
Đam Mê Nhậu Club	Nhâm Nhi	Thun	https://cdn.shopify.com/s/files/1/0918/5597/8816/files/densau_c9b38c91-49a7-4e3f-b082-0f80f98759c0.png	https://luonvuituoi.co/products/ao-thun-dam-me-nhậu-club	2026-08-03
Đam Mê Thuốc Lào Club	Nhả Khói	Thun	https://cdn.shopify.com/s/files/1/0918/5597/8816/files/densau_559acebf-91df-483a-b74f-90f0f27b9902.png	https://luonvuituoi.co/products/ao-thun-dam-me-thuốc-lao-club	2026-08-03
Xin Cho Tôi Ác	Lifey Stuff	Thun	https://cdn.shopify.com/s/files/1/0918/5597/8816/files/kemsau_71317212-fcf2-451c-9b1a-49fe28e91e9d.png	https://luonvuituoi.co/products/ao-thun-xin-cho-toi-ac	2026-08-03
That's Enough	Animal Circus	Thun	https://cdn.shopify.com/s/files/1/0918/5597/8816/files/h_ngtr_c_ddba5ee7-7ea5-44b0-918a-1365a04b58a3.png	https://luonvuituoi.co/products/ao-thun-thats-enough	2026-08-03
Sức Mạnh Càng Lớn	Tuyệt Đối Điện Ảnh	Thun	https://cdn.shopify.com/s/files/1/0918/5597/8816/files/densau_77b1354c-4bb1-42f0-ab9b-2823e6d668f3.png	https://luonvuituoi.co/products/ao-thun-sức-mạnh-cang-lớn	2026-08-03
Người Nện	Tuyệt Đối Điện Ảnh	Thun	https://cdn.shopify.com/s/files/1/0918/5597/8816/files/dentr_c_605d9bd1-a93a-45e8-b949-09d61366159a.png	https://luonvuituoi.co/products/ao-thun-người-nện	2026-08-03
Mây Hăng Hái-Không Được Đánh Khách	Mây Hăng Hái	Thun	https://cdn.shopify.com/s/files/1/0918/5597/8816/files/kemtr_c_2b5644f6-5e47-4f7a-9598-34622cb233ca.png	https://luonvuituoi.co/products/ao-thun-may-hang-hai-khong-dược-danh-khach	2026-08-03
I Didn't Type That	Animal Circus	Thun	https://cdn.shopify.com/s/files/1/0918/5597/8816/files/densau_dc260ff8-4d0a-473c-b7ee-4cda7685d593.png	https://luonvuituoi.co/products/ao-thun-i-didnt-type-that	2026-08-03
Frog This	Animal Circus	Thun	https://cdn.shopify.com/s/files/1/0918/5597/8816/files/dentr_c_f6f406d2-cfd2-44e0-bcb5-d7c1b68484a5.png	https://luonvuituoi.co/products/ao-thun-frog-this	2026-08-03
Be Fun Be You	Luôn Vui Tươi	Thun	https://cdn.shopify.com/s/files/1/0918/5597/8816/files/densau_bc1cb1c9-88bf-46f0-8dbe-f8eee38d5f5f.png	https://luonvuituoi.co/products/ao-thun-be-fun-be-you	2026-08-03
Hài Và Nhiều Tiền	Love Bites	Thun	https://cdn.shopify.com/s/files/1/0918/5597/8816/files/densau_bd088a3c-1266-4b01-a5c8-84e7e08dd948.png	https://luonvuituoi.co/products/ao-thun-hai-va-nhiều-tiền	2026-08-03
Hiền Và Nhiều Tài	Love Bites;Trơi Bời	Thun	https://cdn.shopify.com/s/files/1/0918/5597/8816/files/densau_6c762fba-98ed-4783-91d3-aff3c6c8f9c3.png	https://luonvuituoi.co/products/ao-thun-hiền-va-nhiều-tai-1	2026-04-25
Thiếu Nữ MI Nhon	Vịt Lisa	Thun	https://cdn.shopify.com/s/files/1/0918/5597/8816/files/h_ngtr_c_e7d4d587-1986-4f84-bd56-42ad41537694.png	https://luonvuituoi.co/products/ao-thun-thiếu-nữ-mi-nhon	2026-08-03
Kiss Me	Trơi Bời	Thun	https://cdn.shopify.com/s/files/1/0918/5597/8816/files/m_ttr_cden_58c07480-bba8-4cb7-b16b-d73b0b0df2cc.png	https://luonvuituoi.co/products/ao-thun-kiss-me	2026-08-01
Let's Get Beers Tonight	Nhâm Nhi	Thun	https://cdn.shopify.com/s/files/1/0918/5597/8816/files/densau_d80205c0-a6c6-4ff3-8d7a-e6b79349b6d7.png	https://luonvuituoi.co/products/ao-thun-lets-get-beers-tonight	2026-08-01
Hút Ít Thôi	Nhâm Nhi	Thun	https://cdn.shopify.com/s/files/1/0918/5597/8816/files/m_tsauden_5976bdad-5080-4efd-8089-ca71b35e726b.png	https://luonvuituoi.co/products/ao-thun-hut-it-thoi	2026-07-31
Trai Nịnh Vài Câu Thì Tin Sái Cổ	Lifey Stuff	Thun	https://cdn.shopify.com/s/files/1/0918/5597/8816/files/Kemsau_f3d0559a-0972-4247-808d-21c2bca63643.png	https://luonvuituoi.co/products/ao-thun-trai-nịnh-vai-cau-thi-tin-sai-cổ	2026-07-31
Lè Nhà Lè Nhè	Lifey Stuff	Thun	https://cdn.shopify.com/s/files/1/0918/5597/8816/files/Dentr_c_948e89f8-c0d5-40ee-b484-e7730fbbde58.png	https://luonvuituoi.co/products/ao-thun-le-nha-le-nhe	2026-07-31
Ếch Ngồi 8 Tiếng	Lifey Stuff	Thun	https://cdn.shopify.com/s/files/1/0918/5597/8816/files/Kemtr_c_f3fd53d9-9acc-4ca2-9363-f3b7ff8feaa8.png	https://luonvuituoi.co/products/ao-thun-ếch-ngồi-8-tiếng	2026-07-31
Có Thờ Có Thiêng Có Kiêng Vẫn Mập	Lifey Stuff	Thun	https://cdn.shopify.com/s/files/1/0918/5597/8816/files/H_ngtr_c_52fd2710-6920-4706-9bcb-440779d089d6.png	https://luonvuituoi.co/products/ao-thun-co-thờ-co-thieng-co-kieng-vẫn-mập	2026-07-31
Cơ Địa Đa Nghi	Lifey Stuff	Thun	https://cdn.shopify.com/s/files/1/0918/5597/8816/files/Dentr_c_6b6751e0-f04f-4ccc-8f68-b306b7bbd16b.png	https://luonvuituoi.co/products/ao-thun-cơ-dịa-da-nghi-1	2026-07-31
Hú Hồn Chim Én	Đũy Mèo	Thun	https://cdn.shopify.com/s/files/1/0918/5597/8816/files/h_ngtr_c_be788e8f-3fdd-44e4-ae98-ba7b2aa639f5.png	https://luonvuituoi.co/products/ao-thun-hu-hồn-chim-en	2026-07-31
I Don't Care	Đũy Mèo	Thun	https://cdn.shopify.com/s/files/1/0918/5597/8816/files/dentr_c_5cb3a5d4-a0f0-4bb6-ba7e-db49ec33f949.png	https://luonvuituoi.co/products/ao-thun-i-dont-care	2026-07-31
Thiết Tất Cả Nhưng Thừa Cân Mèo Mèo	Đũy Mèo	Thun	https://cdn.shopify.com/s/files/1/0918/5597/8816/files/dentr_c_b14c2a3a-4f04-4600-afcf-fdd4001bd790.png	https://luonvuituoi.co/products/ao-thun-thiết-tất-cả-nhưng-thừa-can-meo-meo	2026-07-31
Might Be Drunk	Nhâm Nhi	Thun	https://cdn.shopify.com/s/files/1/0918/5597/8816/files/m_tsauden_7f2dddba-8579-4a3f-be61-306525f96577.png	https://luonvuituoi.co/products/ao-thun-might-be-drunk	2026-07-31
Mây Hăng Hái-Tránh Xa 2 Tỷ Của Tui	Mây Hăng Hái	Thun	https://cdn.shopify.com/s/files/1/0918/5597/8816/files/tr_ngtr_c_179dd1d0-f266-4a5d-9712-78a6cd2e7426.png	https://luonvuituoi.co/products/ao-thun-may-hang-hai-tranh-xa-2-tỷ-của-tui	2026-07-31
Mây Hăng Hái-Nô Lệ Tư Bản	Mây Hăng Hái	Thun	https://cdn.shopify.com/s/files/1/0918/5597/8816/files/kemtr_c_2f26eaef-f0ed-42fe-8bfd-33a0e5d79680.png	https://luonvuituoi.co/products/ao-thun-may-hang-hai-no-lệ-tư-bản	2026-07-31
Mây Hăng Hái-Nhận Lương Được 3 Ngày	Mây Hăng Hái	Thun	https://cdn.shopify.com/s/files/1/0918/5597/8816/files/dentr_c_ece1f0a9-94b6-45c5-a36a-c2e10905d173.png	https://luonvuituoi.co/products/ao-thun-may-hang-hai-nhận-lương-dược-3-ngay	2026-07-31
Có Thể Bạn Đang Say	Nhâm Nhi	Thun	https://cdn.shopify.com/s/files/1/0918/5597/8816/files/densau_90d8e3be-ca39-4825-a5e5-7cc6adb1cefd.png	https://luonvuituoi.co/products/ao-thun-co-thể-bạn-dang-say	2026-07-31
Mây Hăng Hái-Làm Một Giấc	Mây Hăng Hái	Thun	https://cdn.shopify.com/s/files/1/0918/5597/8816/files/dentr_c_e46a5d37-cd3e-40e4-95f8-6869a3dd6122.png	https://luonvuituoi.co/products/ao-thun-may-hang-hai-lam-một-giấc	2026-07-31
Mây Hăng Hái-Good Job Em	Mây Hăng Hái	Thun	https://cdn.shopify.com/s/files/1/0918/5597/8816/files/vangtr_c_f3e5eda0-7d18-413d-8f9c-03fdb85bfbab.png	https://luonvuituoi.co/products/ao-thun-may-hang-hai-good-job-em	2026-07-31
Ở Hiền Gặp Phiền	Đũy Mèo;Trơi Bời	Thun	https://cdn.shopify.com/s/files/1/0918/5597/8816/files/vangtr_c_8b83a2ae-71e9-497b-82b0-62fa0497b548.png	https://luonvuituoi.co/products/ao-thun-ở-hiền-gặp-phiền-1	2026-06-03
Đủ Rồi Đi Nhậu Thoyy	Nhâm Nhi	Thun	https://cdn.shopify.com/s/files/1/0918/5597/8816/files/tr_ngm_tsau_049a7e33-e827-496c-bed7-463bc3276a06.png	https://luonvuituoi.co/products/ao-thun-dủ-rồi-di-nhậu-thoyy	2026-07-30
Em Sẽ Cho Anh Một Cơ Hội Quay Đầu Là Bờ - BLOCK	Love Bites	Thun	https://cdn.shopify.com/s/files/1/0918/5597/8816/files/densau_ddfe35de-40a4-489d-802f-2026f2aaacb1.png	https://luonvuituoi.co/products/ao-thun-em-sẽ-cho-anh-một-cơ-hội-quay-dầu-la-bờ-block	2026-07-30
Riêng Tư Dành Cho Em	Love Bites	Thun	https://cdn.shopify.com/s/files/1/0918/5597/8816/files/denm_tsau_8efc751e-2475-4a69-b8d3-b97104badee6.png	https://luonvuituoi.co/products/ao-thun-rieng-tư-danh-cho-em	2026-07-30
Có Con Mèo Nói Yêu Chiếc Lá	Love Bites	Thun	https://cdn.shopify.com/s/files/1/0918/5597/8816/files/denm_ttr_c_5efddd67-9215-42a2-be5c-b608ba487889.png	https://luonvuituoi.co/products/ao-thun-co-con-meo-noi-yeu-chiếc-la	2026-07-30
Thà Bỏ Phí Đời Trai	Love Bites	Thun	https://cdn.shopify.com/s/files/1/0918/5597/8816/files/densau_b75b30ac-f892-415a-8c1a-0b6c53e71e5c.png	https://luonvuituoi.co/products/ao-thun-tha-bỏ-phi-dời-trai	2026-07-30
Tôi Và Tư Bản	Job;Lifey Stuff	Thun	https://cdn.shopify.com/s/files/1/0918/5597/8816/files/kemm_ttr_c_f7534634-083f-43e8-8447-3f398630c04b.png	https://luonvuituoi.co/products/ao-thun-toi-va-tư-bản	2026-07-30
Mây Hăng Hái-Kệ Nhau Mà Sống	Mây Hăng Hái	Thun	https://cdn.shopify.com/s/files/1/0918/5597/8816/files/h_ngtr_c_e385e99c-98f9-4be3-9e1e-61fc6161b104.png	https://luonvuituoi.co/products/ao-thun-may-hang-hai-kệ-nhau-ma-sống	2026-07-30
Đau Lòng Làm Sao Bằng Đau Lưng	Job	Thun	https://cdn.shopify.com/s/files/1/0918/5597/8816/files/kemsau_677a7884-c88f-4acb-bd1f-93c7f6b4058c.png	https://luonvuituoi.co/products/ao-thun-dau-long-lam-sao-bằng-dau-lưng-1	2026-07-30
Mây Hăng Hái-Đừng Rủ Tôi	Mây Hăng Hái	Thun	https://cdn.shopify.com/s/files/1/0918/5597/8816/files/navysau_c8c1cb80-880e-4b24-a367-b0e68e03211d.png	https://luonvuituoi.co/products/ao-thun-may-hang-hai-dừng-rủ-toi	2026-07-30
Mây Hăng Hái-Đang Làm Chủ	Mây Hăng Hái	Thun	https://cdn.shopify.com/s/files/1/0918/5597/8816/files/densau_047fd959-dcc4-4091-8ed9-dab7bf6d7558.png	https://luonvuituoi.co/products/ao-thun-may-hang-hai-dang-lam-chủ	2026-07-30
Mây Hăng Hái-Cơ To	Mây Hăng Hái	Thun	https://cdn.shopify.com/s/files/1/0918/5597/8816/files/vangsau_fa9b5a24-4e3f-48b0-b22f-8d7ce6a656cb.png	https://luonvuituoi.co/products/ao-thun-may-hang-hai-cơ-to	2026-07-30
Mây Hăng Hái-Chưa Một Lần Tăng Lương	Mây Hăng Hái	Thun	https://cdn.shopify.com/s/files/1/0918/5597/8816/files/kemsau_3f4d758d-3b4e-434c-be0f-776fd9222f46.png	https://luonvuituoi.co/products/ao-thun-may-hang-hai-chưa-một-lần-tang-lương	2026-07-30
Ẩn Ý Gặp Để Ý	Love Bites	Thun	https://cdn.shopify.com/s/files/1/0918/5597/8816/files/h_ngtr_c_cd0c917f-7c1f-42e7-9fc6-f86f907c795c.png	https://luonvuituoi.co/products/ao-thun-ẩn-y-gặp-dể-y	2026-07-30
Cây Bi Ai	Job	Thun	https://cdn.shopify.com/s/files/1/0918/5597/8816/files/h_ngtr_c_c4b58eca-1b27-47ba-9ab5-53fa4130592a.png	https://luonvuituoi.co/products/ao-thun-cay-bi-ai	2026-07-30
Hoàn Hảo Không Chua Cay	Lifey Stuff	Thun	https://cdn.shopify.com/s/files/1/0918/5597/8816/files/h_ngtr_c_8812de77-5076-46a1-ac1a-d79d2401830b.png	https://luonvuituoi.co/products/ao-thun-hoan-hảo-khong-chua-cay	2026-07-30
Sợ Pick Rồi	Pickleball	Thun	https://cdn.shopify.com/s/files/1/0918/5597/8816/files/m_tsauden_2a68656f-10c2-4ad6-9740-0e0c60c5fa40.png	https://luonvuituoi.co/products/ao-thun-sợ-pick-rồi	2026-07-30
Uống Ít Thôi	Nhâm Nhi	Thun	https://cdn.shopify.com/s/files/1/0918/5597/8816/files/m_tsauden_9fa4c926-d494-4b0b-923a-edc4286054ea.png	https://luonvuituoi.co/products/ao-thun-uống-it-thoi	2026-07-30
Chó Tôi Sống Tốt Hơn	Animal Circus	Thun	https://cdn.shopify.com/s/files/1/0918/5597/8816/files/ChoToiS_ngT_tH_nHN0473HNdentr_c.png	https://luonvuituoi.co/products/ao-thun-cho-toi-sống-tốt-hơn	2026-07-30
Mèo Tôi Sống Tốt Hơn	Animal Circus	Thun	https://cdn.shopify.com/s/files/1/0918/5597/8816/files/MeoToiS_ngT_tH_nHN0472HNkemtr_c.png	https://luonvuituoi.co/products/ao-thun-meo-toi-sống-tốt-hơn	2026-07-30
Không Thể Trở Về Bên Em	Billiard	Thun	https://cdn.shopify.com/s/files/1/0918/5597/8816/files/KhongTh_Tr_V_BenEmHN0470HNdensau.png	https://luonvuituoi.co/products/ao-thun-khong-thể-trở-về-ben-em	2026-07-30
Không Thể Trở Về Bên Anh	Billiard	Thun	https://cdn.shopify.com/s/files/1/0918/5597/8816/files/KhongTh_Tr_V_BenAnhHN0471HNtr_ngsau.png	https://luonvuituoi.co/products/ao-thun-khong-thể-trở-về-ben-anh	2026-07-30
Ba Lén Đi Bia Ôm	Nhâm Nhi	Thun	https://cdn.shopify.com/s/files/1/0918/5597/8816/files/BaLenDiBiaOmHN0469HNtr_ngsau.png	https://luonvuituoi.co/products/ao-thun-ba-len-di-bia-om	2026-07-30
Mây Hăng Hái-Ra Nơi Có Sóng	Mây Hăng Hái	Thun	https://cdn.shopify.com/s/files/1/0918/5597/8816/files/dentr_c_b123f881-09aa-4294-a2c0-3e170610f329.png	https://luonvuituoi.co/products/ao-thun-may-hang-hai-ra-nơi-co-song	2026-07-29
Mây Hăng Hái-Nghẹo Câu Cá	Mây Hăng Hái	Thun	https://cdn.shopify.com/s/files/1/0918/5597/8816/files/vangsau_46c51b2c-5db0-44e9-9cc3-ae0d48bfa4b8.png	https://luonvuituoi.co/products/ao-thun-may-hang-hai-nghẹo-cau-ca	2026-07-29
Tình Yêu Màu Hồng	Lifey Stuff	Thun	https://cdn.shopify.com/s/files/1/0918/5597/8816/files/m_ttr_cden_71ac7ee7-ad7f-4452-8a65-925bd27da679.png	https://luonvuituoi.co/products/ao-thun-tinh-yeu-mau-hồng	2026-07-29
Hoa Hậu	Lifey Stuff	Thun	https://cdn.shopify.com/s/files/1/0918/5597/8816/files/m_ttr_cden_fd9ab3d8-bf3f-4e96-917b-94c7a34eb510.png	https://luonvuituoi.co/products/ao-thun-hoa-hậu	2026-07-29
Bỏ Làm Đi Gym	Chuyện Phòng Gym	Thun	https://cdn.shopify.com/s/files/1/0918/5597/8816/files/m_ttr_cden_17d8ef28-7ef8-4a3c-a978-7e6892329e72.png	https://luonvuituoi.co/products/ao-thun-bỏ-lam-di-gym	2026-07-29
Thú Điệu	Đũy Mèo	Thun	https://cdn.shopify.com/s/files/1/0918/5597/8816/files/m_ttr_cden_598539ff-81df-4b96-9e12-f2e0fb8389c6.png	https://luonvuituoi.co/products/ao-thun-thu-diệu	2026-07-29
Thú Nghiểu	Đũy Mèo	Thun	https://cdn.shopify.com/s/files/1/0918/5597/8816/files/m_ttr_cden_7277211b-89c0-4d3f-87d3-a7201ad6ccf3.png	https://luonvuituoi.co/products/ao-thun-thu-nghiểu	2026-07-29
Người Đau Lòng	Lifey Stuff	Thun	https://cdn.shopify.com/s/files/1/0918/5597/8816/files/m_ttr_ckem_22f3084b-94ef-4edd-9098-4c519f6fb681.png	https://luonvuituoi.co/products/ao-thun-người-dau-long	2026-07-29
Có Say Đâu	Nhâm Nhi	Thun	https://cdn.shopify.com/s/files/1/0918/5597/8816/files/m_ttr_ckem_feac4af1-08e2-44d8-9e0e-fe35b5702d44.png	https://luonvuituoi.co/products/ao-thun-co-say-dau	2026-07-29
Say Rồi	Nhâm Nhi	Thun	https://cdn.shopify.com/s/files/1/0918/5597/8816/files/m_tsaukem_81b03c0d-42bd-4e7a-afc9-3c5a452d4e38.png	https://luonvuituoi.co/products/ao-thun-say-rồi	2026-07-29
Anh Giấu Dép Đi	Couple Goals	Thun	https://cdn.shopify.com/s/files/1/0918/5597/8816/files/m_tsaukem_3be3d0be-6750-44ab-8a90-3586e1c06682.png	https://luonvuituoi.co/products/ao-thun-anh-giấu-dep-di	2026-07-29
Mây Hăng Hái-Lương 5 Triệu	Mây Hăng Hái	Thun	https://cdn.shopify.com/s/files/1/0918/5597/8816/files/h_ngtr_c_fe05f1ca-2c61-40e1-b673-8235e2ae72b1.png	https://luonvuituoi.co/products/ao-thun-may-hang-hai-lương-5-triệu	2026-07-29
Mây Hăng Hái-Lazy Day	Mây Hăng Hái	Thun	https://cdn.shopify.com/s/files/1/0918/5597/8816/files/tr_ngsau_849f8bfd-f820-4286-bde8-016f68cb9add.png	https://luonvuituoi.co/products/ao-thun-may-hang-hai-lazy-day	2026-07-29
Mây Hăng Hái-Không Có Việc Gì Khó	Mây Hăng Hái	Thun	https://cdn.shopify.com/s/files/1/0918/5597/8816/files/dentr_c_6fcae43c-4df1-4fa6-a1a4-1a23d9d2d814.png	https://luonvuituoi.co/products/ao-thun-may-hang-hai-khong-co-việc-gi-kho	2026-07-29
Mây Hăng Hái-Da Mặt Không Đủ Dày	Mây Hăng Hái	Thun	https://cdn.shopify.com/s/files/1/0918/5597/8816/files/kemsau_67e8460b-eebf-4194-95da-1fcbd5bb8c29.png	https://luonvuituoi.co/products/ao-thun-may-hang-hai-da-mặt-khong-dủ-day	2026-07-29
Mây Hăng Hái-Bạn Là Nhất	Mây Hăng Hái	Thun	https://cdn.shopify.com/s/files/1/0918/5597/8816/files/ghisau_8a9be45e-a98e-4aa7-9959-a8c7c2584fd0.png	https://luonvuituoi.co/products/ao-thun-may-hang-hai-bạn-la-nhất	2026-07-29
No Bụng Còn Hơn	Đũy Mèo	Thun	https://cdn.shopify.com/s/files/1/0918/5597/8816/files/kemtr_c_279480fa-05ee-4cdf-8370-9c347792328a.png	https://luonvuituoi.co/products/ao-thun-no-bụng-con-hơn	2026-07-29
Quackmire	Animal Circus	Thun	https://cdn.shopify.com/s/files/1/0918/5597/8816/files/QuackmireHN0466HNdentr_c.png	https://luonvuituoi.co/products/ao-thun-quackmire	2026-07-29
Ăn Ngon Mập Kệ	Đũy Mèo	Thun	https://cdn.shopify.com/s/files/1/0918/5597/8816/files/vangtr_c_3dac8d8a-9c57-4b95-afb4-08bfbc1c5014.png	https://luonvuituoi.co/products/ao-thun-an-ngon-mập-kệ	2026-07-29
Life Is Fun Duck You	Animal Circus	Thun	https://cdn.shopify.com/s/files/1/0918/5597/8816/files/LifeIsFunDuckYouHN0465HNkemtr_c.png	https://luonvuituoi.co/products/ao-thun-life-is-fun-duck-you	2026-07-29
Please Look	Lifey Stuff	Thun	https://cdn.shopify.com/s/files/1/0918/5597/8816/files/PleaseLookHN0463HNkemtr_c.png	https://luonvuituoi.co/products/ao-thun-please-look	2026-07-29
Kèo Này Khê	Billiard	Thun	https://cdn.shopify.com/s/files/1/0918/5597/8816/files/Densau_db81376e-ef1e-40fc-84b9-d4db79893b32.png	https://luonvuituoi.co/products/ao-thun-keo-nay-khe	2026-07-29
Girl M5	Lifey Stuff	Thun	https://cdn.shopify.com/s/files/1/0918/5597/8816/files/Ghisau_5063a6a5-cac9-4c11-9531-2af1b3c139d6.png	https://luonvuituoi.co/products/ao-thun-girl-m5	2026-07-29
Cơ Địa Dễ Cọc	Lifey Stuff	Thun	https://cdn.shopify.com/s/files/1/0918/5597/8816/files/Densau_88e9bd39-6f06-4bb1-bd0c-0783285855d8.png	https://luonvuituoi.co/products/ao-thun-cơ-dịa-dễ-cọc	2026-07-29
Kệ Mọe	Lifey Stuff	Thun	https://cdn.shopify.com/s/files/1/0918/5597/8816/files/denm_ttr_c_4480b435-96ca-40b9-9099-0885103c33b1.png	https://luonvuituoi.co/products/ao-thun-kệ-mọe	2026-07-28
Một Ngày Chẳng Nắng	Couple Goals	Thun	https://cdn.shopify.com/s/files/1/0918/5597/8816/files/m_tsaukem_0e63c2be-afdb-48a0-b44a-4bf77a587d22.png	https://luonvuituoi.co/products/ao-thun-một-ngay-chẳng-nắng	2026-07-28
Nữ Thần Tự Lo	Job	Thun	https://cdn.shopify.com/s/files/1/0918/5597/8816/files/m_tsaukem_96be4514-fd8e-4ec0-9732-f5b644e0bb39.png	https://luonvuituoi.co/products/ao-thun-nữ-thần-tự-lo	2026-07-28
Yêu Cậu Nhiều	Couple Goals	Thun	https://cdn.shopify.com/s/files/1/0918/5597/8816/files/m_tsaukem_5dbaa7df-c45c-4fb2-a171-4c02bfadf334.png	https://luonvuituoi.co/products/ao-thun-yeu-cậu-nhiều	2026-07-28
Khẩu Nghiệp	Animal Circus	Thun	https://cdn.shopify.com/s/files/1/0918/5597/8816/files/Kh_uNghi_pHN0460HNkemtr_c.png	https://luonvuituoi.co/products/ao-thun-khẩu-nghiệp	2026-07-28
Đời Hơi Dở	Lifey Stuff	Thun	https://cdn.shopify.com/s/files/1/0918/5597/8816/files/D_iH_iD_HN0459HNkemsau.png	https://luonvuituoi.co/products/ao-thun-dời-hơi-dở	2026-07-28
Cua Chống	Animal Circus	Thun	https://cdn.shopify.com/s/files/1/0918/5597/8816/files/CuaCh_ngHN0458HNh_ngtr_c.png	https://luonvuituoi.co/products/ao-thun-cua-chống	2026-07-28
Nam Thần Tự Lo	Lifey Stuff	Thun	https://cdn.shopify.com/s/files/1/0918/5597/8816/files/NamTh_nT_LoHN0457HNkemtr_c.png	https://luonvuituoi.co/products/ao-thun-nam-thần-tự-lo	2026-07-28
Mây Hăng Hái-Trẻ Người Non Stop	Mây Hăng Hái	Thun	https://cdn.shopify.com/s/files/1/0918/5597/8816/files/tr_ngsau_e7170cac-7d9b-432e-9d69-4780ef5a2980.png	https://luonvuituoi.co/products/ao-thun-may-hang-hai-trẻ-người-non-stop	2026-07-27
Mây Hăng Hái-Smash It	Mây Hăng Hái	Thun	https://cdn.shopify.com/s/files/1/0918/5597/8816/files/densau_8ac0eb29-bbb2-4486-81fd-b8a350e33050.png	https://luonvuituoi.co/products/ao-thun-may-hang-hai-smash-it	2026-07-27
Mây Hăng Hái-Drive It	Mây Hăng Hái	Thun	https://cdn.shopify.com/s/files/1/0918/5597/8816/files/tr_ngsau_1e70ebe6-6883-466a-bb42-063c7893bda9.png	https://luonvuituoi.co/products/ao-thun-may-hang-hai-drive-it	2026-07-27
Luôn Vui Tươi Basic	Luôn Vui Tươi;Túi Tote;Soft Routine	Thun;Tote;Dài tay	https://cdn.shopify.com/s/files/1/0918/5597/8816/files/d_tr_c_ed7aa7fc-5444-47db-9dcd-dc4399644f78.png	https://luonvuituoi.co/products/ao-thun-luon-vui-tươi-basic	2026-01-07
Luôn Matcha	Luôn Vui Tươi	Thun	https://cdn.shopify.com/s/files/1/0918/5597/8816/files/ghitr_c_59013070-75e3-4f13-8936-1c9eb9b846fa.png	https://luonvuituoi.co/products/ao-thun-luon-matcha	2026-07-27
Luôn Cà Phê	Luôn Vui Tươi	Thun	https://cdn.shopify.com/s/files/1/0918/5597/8816/files/kemtr_c_c1c3c3ae-eed7-41c0-a101-1452045a19f5.png	https://luonvuituoi.co/products/ao-thun-luon-ca-phe	2026-07-27
Luôn Bia Hơi	Luôn Vui Tươi	Thun	https://cdn.shopify.com/s/files/1/0918/5597/8816/files/dentr_c_b641be98-c03e-423c-be5f-7bb11a04eb71.png	https://luonvuituoi.co/products/ao-thun-luon-bia-hơi	2026-07-27
Joy in Bloom	Luôn Vui Tươi	Thun	https://cdn.shopify.com/s/files/1/0918/5597/8816/files/densau_22dabd7c-1c0e-46ff-ba31-11a2a7dc7d52.png	https://luonvuituoi.co/products/ao-thun-joy-in-bloom	2026-07-27
Japan Vui Tươi	Luôn Vui Tươi	Thun	https://cdn.shopify.com/s/files/1/0918/5597/8816/files/densau_c457717b-1a78-46bb-a9af-31b6770501bc.png	https://luonvuituoi.co/products/ao-thun-japan-vui-tươi	2026-07-27
Tềnh Tàng	Lifey Stuff	Thun	https://cdn.shopify.com/s/files/1/0918/5597/8816/files/denm_ttr_c_0f0187d8-63e7-4bcf-a016-e45f0bc49928.png	https://luonvuituoi.co/products/ao-thun-tềnh-tang	2026-07-27
Be Vui Tươi	Luôn Vui Tươi	Thun	https://cdn.shopify.com/s/files/1/0918/5597/8816/files/dentr_c_9ddff912-7b45-4116-b8b8-f502d47df217.png	https://luonvuituoi.co/products/ao-thun-be-vui-tươi	2026-07-27
Kẻ Mày, Kẻ Mắt, Kẻ Môi	Lifey Stuff;Love Bites	Thun	https://cdn.shopify.com/s/files/1/0918/5597/8816/files/d_m_tsau_4f2636a4-6170-4b86-9e84-c93c63940554.png	https://luonvuituoi.co/products/ao-thun-kẻ-may-kẻ-mắt-kẻ-moi	2026-07-27
Save Me	Job	Thun	https://cdn.shopify.com/s/files/1/0918/5597/8816/files/d_tr_c_1e5152fa-29cb-46f2-98ea-a76bc3ea5e9c.png	https://luonvuituoi.co/products/ao-thun-save-me	2026-07-27
Hết Lòng Với Khách	Job	Thun	https://cdn.shopify.com/s/files/1/0918/5597/8816/files/m_tsauden_cb124e6e-08e6-41ec-91ec-08420527ce56.png	https://luonvuituoi.co/products/ao-thun-hết-long-với-khach	2026-07-27
Yêu Chơi Đau Thiệt	Couple Goals	Thun	https://cdn.shopify.com/s/files/1/0918/5597/8816/files/m_tsauden_767c99ca-2547-45e6-a7ec-fa866d0c8695.png	https://luonvuituoi.co/products/ao-thun-yeu-chơi-dau-thiệt	2026-07-27
Vịt Lisa - Kẻ Mày, Kẻ Mắt, Kẻ Môi	Vịt Lisa	Thun	https://cdn.shopify.com/s/files/1/0918/5597/8816/files/tr_ngm_tsau_fd878fbd-9212-4b34-80ab-7507dd305fc7.png	https://luonvuituoi.co/products/ao-thun-vịt-lisa-kẻ-may-kẻ-mắt-kẻ-moi	2026-07-27
Em Đẹp Như Tranh	Couple Goals	Thun	https://cdn.shopify.com/s/files/1/0918/5597/8816/files/densau_ee922f5e-0374-4ad3-b87a-6a12d3a27c12.png	https://luonvuituoi.co/products/ao-thun-em-dẹp-như-tranh	2026-07-25
Anh Đẹp Như Tranh	Couple Goals	Thun	https://cdn.shopify.com/s/files/1/0918/5597/8816/files/kemsau_0ff3fc0c-a552-4064-8b0c-56633a06cc83.png	https://luonvuituoi.co/products/ao-thun-anh-dẹp-như-tranh	2026-07-25
Thích Thịt Bò	Lifey Stuff	Thun	https://cdn.shopify.com/s/files/1/0918/5597/8816/files/m_ttr_cden_78376c4d-d5fe-4e20-83f9-05759fc4adc9.png	https://luonvuituoi.co/products/ao-thun-thich-thịt-bo	2026-07-25
I Love Billiard	Billiard	Thun	https://cdn.shopify.com/s/files/1/0918/5597/8816/files/ILoveBilliardHN0446HNkemtr_c.png	https://luonvuituoi.co/products/ao-thun-i-love-billiard	2026-07-25
Sao Đánh Toàn Thua	Pickleball	Thun	https://cdn.shopify.com/s/files/1/0918/5597/8816/files/d_tr_c_164a1ef5-c555-4a02-b0ec-3acb2dd4a506.png	https://luonvuituoi.co/products/ao-thun-sao-danh-toan-thua	2026-07-25
Bận Đi Pickleball	Pickleball	Thun	https://cdn.shopify.com/s/files/1/0918/5597/8816/files/d_tr_c_d3d005ee-3103-425c-804d-246955861fa9.png	https://luonvuituoi.co/products/ao-thun-bận-di-pickleball	2026-07-25
Cá Chép Hóa Rồ	Animal Circus	Thun	https://cdn.shopify.com/s/files/1/0918/5597/8816/files/d_tr_c_4468daa8-2e6d-4234-9d9c-63d324adce4c.png	https://luonvuituoi.co/products/ao-thun-ca-chep-hoa-rồ	2026-07-25
Speedup	Pickleball	Thun	https://cdn.shopify.com/s/files/1/0918/5597/8816/files/m_tsautr_ng_958ec378-5e0c-45dc-a91e-23ef882d1bf6.png	https://luonvuituoi.co/products/ao-thun-speedup	2026-07-25
Nhất Quỷ Nhì Ma	Job;Tuổi Ăn Học	Thun	https://cdn.shopify.com/s/files/1/0918/5597/8816/files/m_tsautr_ng_72ce10b2-2dd8-4187-abf5-92a3cdcaea68.png	https://luonvuituoi.co/products/ao-thun-nhất-quỷ-nhi-ma-1	2026-05-06
Nạn Nhân Pickleball	Pickleball	Thun	https://cdn.shopify.com/s/files/1/0918/5597/8816/files/m_tsautr_ng_22284527-e3af-43a9-902b-f1e3db733577.png	https://luonvuituoi.co/products/ao-thun-nạn-nhan-pickleball	2026-07-25
Kỳ Này Phải Đổi Vợt	Pickleball	Thun	https://cdn.shopify.com/s/files/1/0918/5597/8816/files/h_ngsau_e1cd897d-8f8c-465b-bd59-163ef8147d3e.png	https://luonvuituoi.co/products/ao-thun-kỳ-nay-phải-dổi-vợt	2026-07-25
Rách Cho Sexy	Trơi Bời;Love Bites	Thun;Ringer	https://cdn.shopify.com/s/files/1/0918/5597/8816/files/h_ngsau_e470bb97-2620-418a-ad6f-9c4a07cee2b3.png	https://luonvuituoi.co/products/ao-thun-rach-cho-sexy-1	2026-03-19
Kẻ Stalk Gặp Bà Zà	Lifey Stuff	Thun	https://cdn.shopify.com/s/files/1/0918/5597/8816/files/K_C_pG_pBaZaHN0441HNtr_ngsau.png	https://luonvuituoi.co/products/ao-thun-kẻ-stalk-gặp-ba-za	2026-07-25
Dog Ghi Đã Lắm	Animal Circus	Thun	https://cdn.shopify.com/s/files/1/0918/5597/8816/files/DogGhiDaL_mHN0437HNvangtr_c.png	https://luonvuituoi.co/products/ao-thun-dog-ghi-da-lắm	2026-07-24
Yêu Em Hết Mực	Love Bites	Thun	https://cdn.shopify.com/s/files/1/0918/5597/8816/files/YeuEmH_tM_cHN0435HNtr_ngsau.png	https://luonvuituoi.co/products/ao-thun-yeu-em-hết-mực	2026-07-24
Yêu Anh Hết Mực	Love Bites	Thun	https://cdn.shopify.com/s/files/1/0918/5597/8816/files/YeuAnhH_tM_cHN0436HNkemsau.png	https://luonvuituoi.co/products/ao-thun-yeu-anh-hết-mực	2026-07-24
Lô Cốt	Animal Circus	Thun	https://cdn.shopify.com/s/files/1/0918/5597/8816/files/m_ttr_cden_58571af1-92d5-468c-bac9-3ed465d63eae.png	https://luonvuituoi.co/products/ao-thun-lo-cốt	2026-07-23
Hả	Animal Circus;Lifey Stuff	Thun;Dài tay	https://cdn.shopify.com/s/files/1/0918/5597/8816/files/m_ttr_cden_f4647f7c-8d10-4429-8102-ef9b5a16caf6.png	https://luonvuituoi.co/products/ao-thun-hả-1	2025-12-02
Lọ Vương	Lifey Stuff	Thun	https://cdn.shopify.com/s/files/1/0918/5597/8816/files/m_ttr_cden_6716a4dd-0a41-4d24-9a53-09a84b66ed3f.png	https://luonvuituoi.co/products/ao-thun-lọ-vương	2026-07-23
Anh Nhờ Chút Việc	Lifey Stuff	Thun	https://cdn.shopify.com/s/files/1/0918/5597/8816/files/m_ttr_cden_bae88131-db86-4dfd-bcf1-d47dcca74617.png	https://luonvuituoi.co/products/ao-thun-anh-nhờ-chut-việc	2026-07-23
Một Nụ Cười Bằng Mười Thang Thuốc Bổ	Nhâm Nhi	Thun	https://cdn.shopify.com/s/files/1/0918/5597/8816/files/tr_ngtr_c_cd40d4fc-fb08-4121-9f04-f8b999fd7e49.png	https://luonvuituoi.co/products/ao-thun-một-nụ-cười-bằng-mười-thang-thuốc-bổ	2026-07-23
Vịt Lisa - Để Em Ra Chỗ Có Sóng	Vịt Lisa	Thun	https://cdn.shopify.com/s/files/1/0918/5597/8816/files/vangm_ttr_c_b30b084e-3dac-4859-a475-d82046ae21d4.png	https://luonvuituoi.co/products/ao-thun-vịt-lisa-dể-em-ra-chỗ-co-song	2026-07-23
Vịt Lisa Tất Cả Là Tại Gió	Job;Vịt Lisa	Thun	https://cdn.shopify.com/s/files/1/0918/5597/8816/files/Tr_ngsau_281263a6-bdad-4146-bafb-f3c4557b65bd.png	https://luonvuituoi.co/products/ao-thun-vịt-lisa-tất-cả-la-tại-gio	2026-07-23
Vịt Lisa Nãy Giờ Giỡn Thôi	Job;Vịt Lisa	Thun	https://cdn.shopify.com/s/files/1/0918/5597/8816/files/Tr_ngsau_a06f91b5-c47d-4e04-ba2c-310da6399ed6.png	https://luonvuituoi.co/products/ao-thun-vịt-lisa-nay-giờ-giỡn-thoi	2026-07-23
Vịt Lisa Một Mình Anh Chấp Hết	Job;Vịt Lisa	Thun	https://cdn.shopify.com/s/files/1/0918/5597/8816/files/Vangsau_339b31cb-d48b-4939-af9e-6567bf35bcae.png	https://luonvuituoi.co/products/ao-thun-vịt-lisa-một-minh-anh-chấp-hết	2026-07-23
Vịt Lisa Đập Cầu Vào Đầu Bạn	Job;Vịt Lisa	Thun	https://cdn.shopify.com/s/files/1/0918/5597/8816/files/Kemsau_26a97a20-3ffe-4b50-a06b-eee7eecaa9b4.png	https://luonvuituoi.co/products/ao-thun-vịt-lisa-dập-cầu-vao-dầu-bạn	2026-07-23
Vịt Lisa Cầu Lông Bao Nhiêu Rồi	Job;Vịt Lisa	Thun	https://cdn.shopify.com/s/files/1/0918/5597/8816/files/Tr_ngsau_0ac44d22-6409-43c4-8c9a-79b16f4e625d.png	https://luonvuituoi.co/products/ao-thun-vịt-lisa-cầu-long-bao-nhieu-rồi	2026-07-23
Tôi Dễ Gần Nhưng Vợ Tôi Thì Không	Love Bites	Thun	https://cdn.shopify.com/s/files/1/0918/5597/8816/files/densau_59d2cdbd-4154-4b79-a40f-d1ae1306f6e3.png	https://luonvuituoi.co/products/ao-thun-toi-dễ-gần-nhưng-vợ-toi-thi-khong	2026-07-23
Gym Gym Gym	Chuyện Phòng Gym	Thun	https://cdn.shopify.com/s/files/1/0918/5597/8816/files/GymGymGymHN0433HNdentr_c.png	https://luonvuituoi.co/products/ao-thun-gym-gym-gym	2026-07-23
Vịt Lisa - Thiếu Nữ Mất Ngủ	Vịt Lisa	Thun	https://cdn.shopify.com/s/files/1/0918/5597/8816/files/h_ngm_ttr_c_886ba752-74ba-42a0-addf-77fe461cce8c.png	https://luonvuituoi.co/products/ao-thun-vịt-lisa-thiếu-nữ-mất-ngủ	2026-07-22
Vịt Lisa - Tập Làm Cô Tấm	Job;Vịt Lisa	Thun	https://cdn.shopify.com/s/files/1/0918/5597/8816/files/tr_ngm_tsau_0cb202fa-cb47-49e0-8224-9a88c5225e74.png	https://luonvuituoi.co/products/ao-thun-vịt-lisa-tập-lam-co-tấm	2026-07-22
Họ Bảo Tôi Nhạt	Lifey Stuff	Thun	https://cdn.shopify.com/s/files/1/0918/5597/8816/files/m_tsaukem_081e7ab1-fd3a-4686-a461-f985d698d054.png	https://luonvuituoi.co/products/ao-thun-họ-bảo-toi-nhạt	2026-07-22
Tán Gái Đại Cương	Lifey Stuff	Thun	https://cdn.shopify.com/s/files/1/0918/5597/8816/files/m_ttr_ckem_3b0eec0d-5884-425f-9702-c72e35da47e8.png	https://luonvuituoi.co/products/ao-thun-tan-gai-dại-cương	2026-07-22
Miễn Bàn	Lifey Stuff	Thun	https://cdn.shopify.com/s/files/1/0918/5597/8816/files/m_ttr_ckem_376f5152-08d8-48c0-aa0c-8083e59e9636.png	https://luonvuituoi.co/products/ao-thun-miễn-ban	2026-07-22
Không Làm Phiền	Animal Circus	Thun	https://cdn.shopify.com/s/files/1/0918/5597/8816/files/m_ttr_cden_ffa75903-51dc-4481-8c78-c75b4e202f24.png	https://luonvuituoi.co/products/ao-thun-khong-lam-phiền	2026-07-22
Kẻ Mạnh Không Phàn Nàn	Lifey Stuff	Thun	https://cdn.shopify.com/s/files/1/0918/5597/8816/files/m_ttr_cden_e41a7ed8-e6ff-4904-a212-306a84448cfd.png	https://luonvuituoi.co/products/ao-thun-kẻ-mạnh-khong-phan-nan	2026-07-22
Khác Mẹ Cùng Ba	Nhâm Nhi	Thun	https://cdn.shopify.com/s/files/1/0918/5597/8816/files/m_ttr_cden_1ffbc151-bda6-469f-bfc4-37853dbc763f.png	https://luonvuituoi.co/products/ao-thun-khac-mẹ-cung-ba	2026-07-22
Tửu Lượng Khá	Đũy Mèo	Thun	https://cdn.shopify.com/s/files/1/0918/5597/8816/files/T_uL_ngKhaHN0432HNtr_ngtr_c.png	https://luonvuituoi.co/products/ao-thun-tửu-lượng-kha	2026-07-22
Bạn Làm Chi Nữa	Đũy Mèo	Thun	https://cdn.shopify.com/s/files/1/0918/5597/8816/files/B_nLamChiN_aHN0431HNtr_ngtr_c.png	https://luonvuituoi.co/products/ao-thun-bạn-lam-chi-nữa	2026-07-22
Miễn Góp Ý	Lifey Stuff	Thun	https://cdn.shopify.com/s/files/1/0918/5597/8816/files/Mi_nGopYHN0429HNdentr_c.png	https://luonvuituoi.co/products/ao-thun-miễn-gop-y	2026-07-22
Không Chỉ Trỏ	Lifey Stuff	Thun	https://cdn.shopify.com/s/files/1/0918/5597/8816/files/KhongCh_Tr_HN0428HNdentr_c.png	https://luonvuituoi.co/products/ao-thun-khong-chỉ-trỏ	2026-07-22
Gầy Trơ Xương	Lifey Stuff	Thun	https://cdn.shopify.com/s/files/1/0918/5597/8816/files/G_yTr_X_ngHN0430HNkemtr_c.png	https://luonvuituoi.co/products/ao-thun-gầy-trơ-xương	2026-07-22
No Pain No Snack	Chuyện Phòng Gym	Thun	https://cdn.shopify.com/s/files/1/0918/5597/8816/files/NoPainNoSnackHN0426HNtr_ngtr_c.png	https://luonvuituoi.co/products/ao-thun-no-pain-no-snack	2026-07-22
Không Gánh Nghiệp	Chuyện Phòng Gym	Thun	https://cdn.shopify.com/s/files/1/0918/5597/8816/files/KhongGanhNghi_pHN0427HNdentr_c.png	https://luonvuituoi.co/products/ao-thun-khong-ganh-nghiệp	2026-07-22
Ăn Trông Nồi - Ngồi Trông 5 30 PM	Job	Thun	https://cdn.shopify.com/s/files/1/0918/5597/8816/files/kemtr_c_e9c1f8b4-3184-4c46-85f8-dc5615fba58e.png	https://luonvuituoi.co/products/ao-thun-an-trong-nồi-ngồi-trong-5-30-pm	2026-07-22
Cơ Địa 6 Múi	Nhâm Nhi	Thun	https://cdn.shopify.com/s/files/1/0918/5597/8816/files/dentr_c_b2deda2c-92dc-4bea-be48-2af55e720cee.png	https://luonvuituoi.co/products/ao-thun-cơ-dịa-6-mui	2026-07-22
Vịt Lisa - Không Phải Thiếu Nữ Em Thiếu Tiền	Job;Vịt Lisa	Thun	https://cdn.shopify.com/s/files/1/0918/5597/8816/files/vangm_ttr_c_e9d8454b-bb20-4e71-baa7-dd96582c0f0d.png	https://luonvuituoi.co/products/ao-thun-vịt-lisa-khong-phải-thiếu-nữ-em-thiếu-tiền	2026-07-22
Nhậu Liên Tục	Nhâm Nhi	Thun	https://cdn.shopify.com/s/files/1/0918/5597/8816/files/densau_bf47dd3b-0da8-4b3f-99d3-f729d73b309c.png	https://luonvuituoi.co/products/ao-thun-nhậu-lien-tục	2026-07-22
Justin Bia Bọt	Nhâm Nhi	Thun	https://cdn.shopify.com/s/files/1/0918/5597/8816/files/tr_ngtr_c_8fd31b55-b450-48a5-9694-17b530089deb.png	https://luonvuituoi.co/products/ao-thun-justin-bia-bọt	2026-07-22
Băng Rồng Xanh	Nhâm Nhi	Thun	https://cdn.shopify.com/s/files/1/0918/5597/8816/files/kemtr_c_772bfd0e-f29f-4b0b-b152-de78ea8d685b.png	https://luonvuituoi.co/products/ao-thun-bang-rồng-xanh	2026-07-22
Băng Bạch Hổ	Nhâm Nhi	Thun	https://cdn.shopify.com/s/files/1/0918/5597/8816/files/dentr_c_aa8ad96b-b24c-4b32-98ef-3e430e8e0870.png	https://luonvuituoi.co/products/ao-thun-bang-bạch-hổ	2026-07-22
6 Múi	Nhâm Nhi	Thun	https://cdn.shopify.com/s/files/1/0918/5597/8816/files/dentr_c_399e2816-0d90-47a7-803e-9be3ca8c9408.png	https://luonvuituoi.co/products/ao-thun-6-mui	2026-07-22
Future Meets Legend	Bóng Đá	Thun	https://cdn.shopify.com/s/files/1/0918/5597/8816/files/m_ttr_ckem_3a30c259-e10d-4ec3-94c9-95f285e25f5e.png	https://luonvuituoi.co/products/ao-thun-future-meets-legend	2026-07-20
Matcha Latte All Day	Nhâm Nhi	Thun	https://cdn.shopify.com/s/files/1/0918/5597/8816/files/dentr_c_38e92772-7523-4326-a3af-e1b52af8e9c3.png	https://luonvuituoi.co/products/ao-thun-matcha-latte-all-day	2026-07-20
Lại Phải Đi Nhậu	Nhâm Nhi	Thun	https://cdn.shopify.com/s/files/1/0918/5597/8816/files/vangsau_c5b191a8-5880-4d65-bf34-0f95d853bacc.png	https://luonvuituoi.co/products/ao-thun-lại-phải-di-nhậu	2026-07-20
I'm Beersexual	Nhâm Nhi	Thun	https://cdn.shopify.com/s/files/1/0918/5597/8816/files/dentr_c_a76c6f1c-e88d-423c-afa1-b5fe8ca25036.png	https://luonvuituoi.co/products/ao-thun-im-beersexual	2026-07-20
Cà Phê All Day	Nhâm Nhi	Thun	https://cdn.shopify.com/s/files/1/0918/5597/8816/files/kemtr_c_b11ab195-a2ea-46c4-ab8b-3bbfac0e7877.png	https://luonvuituoi.co/products/ao-thun-ca-phe-all-day	2026-07-20
Bia Hơi All Day	Nhâm Nhi	Thun	https://cdn.shopify.com/s/files/1/0918/5597/8816/files/dentr_c_677ad89e-2a1d-4579-9dbc-3f9c5a4d8630.png	https://luonvuituoi.co/products/ao-thun-bia-hơi-all-day	2026-07-20
I Just Wanna Nhậu	Nhâm Nhi	Thun	https://cdn.shopify.com/s/files/1/0918/5597/8816/files/kemtr_c_b36b5333-3dcd-46b8-bedd-55edce00d55a.png	https://luonvuituoi.co/products/ao-thun-i-just-wanna-nhậu	2026-07-20
Boy Phố - Phố Hồ Tây	Love Bites	Thun	https://cdn.shopify.com/s/files/1/0918/5597/8816/files/tr_ngsau_43aa9e23-e92a-421e-8682-ec877c915014.png	https://luonvuituoi.co/products/ao-thun-boy-phố-phố-hồ-tay	2026-07-18
I Don't Care If She Got Red Flags - I'm A Bull	Love Bites	Thun	https://cdn.shopify.com/s/files/1/0918/5597/8816/files/tr_ngsau_c94b69c0-f017-44aa-a41d-cb34d96f5d2d.png	https://luonvuituoi.co/products/ao-thun-i-dont-care-if-she-got-red-flags-im-a-bull	2026-07-18
Lốp Trưởng Phong Cách - Yêu Em	Love Bites	Thun	https://cdn.shopify.com/s/files/1/0918/5597/8816/files/tr_ngsau_7f0270c4-85b4-4add-a9bc-e6d942b11164.png	https://luonvuituoi.co/products/ao-thun-lốp-trưởng-1	2026-07-18
Rượu Mời Không Uống Muốn Uống Bơ Tai Ghia	Nhâm Nhi	Thun	https://cdn.shopify.com/s/files/1/0918/5597/8816/files/tr_ngm_ttr_c_355b4dc1-bcf7-4282-bc60-bf7999d8f8d5.png	https://luonvuituoi.co/products/ao-thun-rượu-mời-khong-uống-muốn-uống-bơ-tai-ghia	2026-07-17
Lớn Lên Toàn Nghịch Cảnh	Lifey Stuff	Thun	https://cdn.shopify.com/s/files/1/0918/5597/8816/files/denm_tsau_ca9392d8-ef0b-47cd-b5c2-29d3ea58eee2.png	https://luonvuituoi.co/products/ao-thun-lớn-len-toan-nghịch-cảnh	2026-07-17
Vịt Lisa - Nam Nhân Nhiều Tiền	Job;Vịt Lisa	Thun	https://cdn.shopify.com/s/files/1/0918/5597/8816/files/tr_ngm_tsau_53ffd6b0-cb5d-4615-ae21-680fe6fd07d6.png	https://luonvuituoi.co/products/ao-thun-vịt-lisa-nam-nhan-nhiều-tiền	2026-07-17
Vui Tươi Signature	Luôn Vui Tươi	Thun	https://cdn.shopify.com/s/files/1/0918/5597/8816/files/d_sau_fca05a9a-e4d6-4ec7-a094-f5796edf73d5.png	https://luonvuituoi.co/products/ao-thun-vui-tươi-signature	2026-07-17
Vịt Hà Lan - How Was Your Day	Job;Vịt Lisa	Thun	https://cdn.shopify.com/s/files/1/0918/5597/8816/files/tr_ngm_tsau_9cc9393e-b849-44fe-b451-b1201ed3ec5e.png	https://luonvuituoi.co/products/ao-thun-vịt-ha-lan-how-was-your-day-ha-lan	2026-07-17
Vui Tươi Hub	Luôn Vui Tươi	Thun	https://cdn.shopify.com/s/files/1/0918/5597/8816/files/dentr_c_2227765b-1dbf-477f-abae-f0cd7e6f9e32.png	https://luonvuituoi.co/products/ao-thun-vui-tươi-hub	2026-07-17
Street Mood	Luôn Vui Tươi	Thun	https://cdn.shopify.com/s/files/1/0918/5597/8816/files/densau_ccbd4456-47b0-4c5a-bc84-34184146b5a5.png	https://luonvuituoi.co/products/ao-thun-street-mood	2026-07-17
Stay Cheerful	Luôn Vui Tươi	Thun	https://cdn.shopify.com/s/files/1/0918/5597/8816/files/densau_0b0fc45d-a8a9-4640-a5ad-67e9726d5d96.png	https://luonvuituoi.co/products/ao-thun-stay-cheerful	2026-07-17
Vịt Lisa - Cuộc Sống Hối Hả Ai Hối Mình Vả	Vịt Lisa	Thun	https://cdn.shopify.com/s/files/1/0918/5597/8816/files/kemm_ttr_c_241d99af-f605-4cc4-9362-bca4332f7ee8.png	https://luonvuituoi.co/products/ao-thun-vịt-lisa-cuộc-sống-hối-hả-ai-hối-minh-vả	2026-07-17
Retro Studios	Luôn Vui Tươi	Thun	https://cdn.shopify.com/s/files/1/0918/5597/8816/files/kemsau_4e98bc58-0c8e-455d-98c2-72a0041ab059.png	https://luonvuituoi.co/products/ao-thun-retro-studios	2026-07-17
Racing Core	Luôn Vui Tươi	Thun	https://cdn.shopify.com/s/files/1/0918/5597/8816/files/tr_ngtr_c_e6fc432c-fb15-4601-8ccf-9724ba50da5a.png	https://luonvuituoi.co/products/ao-thun-racing-core	2026-07-17
Luôn Vui Tươi In My Heart	Luôn Vui Tươi	Thun	https://cdn.shopify.com/s/files/1/0918/5597/8816/files/densau_6171eb8d-8d99-47e9-8239-80e1599a3c70.png	https://luonvuituoi.co/products/ao-thun-luon-vui-tươi-in-my-heart	2026-07-17
Lucky Star	Luôn Vui Tươi	Thun	https://cdn.shopify.com/s/files/1/0918/5597/8816/files/ghitr_c_3d49f6d3-f88f-4138-b911-2583a0ccb7d4.png	https://luonvuituoi.co/products/ao-thun-lucky-star	2026-07-17
Iron Legacy	Luôn Vui Tươi	Thun	https://cdn.shopify.com/s/files/1/0918/5597/8816/files/densau_9b52ff9c-28f1-4caf-a858-89fed268e816.png	https://luonvuituoi.co/products/ao-thun-iron-legacy	2026-07-17
Ignite Spirit	Luôn Vui Tươi	Thun	https://cdn.shopify.com/s/files/1/0918/5597/8816/files/densau_247118ba-8885-4912-9996-c84ab510c945.png	https://luonvuituoi.co/products/ao-thun-ignite-spirit	2026-07-17
Hot Streak	Luôn Vui Tươi	Thun	https://cdn.shopify.com/s/files/1/0918/5597/8816/files/dentr_c_c5de4b7c-953c-4a4d-928c-3c6349263109.png	https://luonvuituoi.co/products/ao-thun-hot-streak	2026-07-17
Holographic	Luôn Vui Tươi	Thun	https://cdn.shopify.com/s/files/1/0918/5597/8816/files/dentr_c_be59b546-a49b-4ae0-8a80-0cd6470f6a34.png	https://luonvuituoi.co/products/ao-thun-holographic	2026-07-17
Happy Spark	Luôn Vui Tươi	Thun	https://cdn.shopify.com/s/files/1/0918/5597/8816/files/tr_ngsau_b452c732-2a11-45d9-8f67-d9cba193e51c.png	https://luonvuituoi.co/products/ao-thun-happy-spark	2026-07-17
Grafity Style	Luôn Vui Tươi	Thun	https://cdn.shopify.com/s/files/1/0918/5597/8816/files/d_sau_c5a55c51-89e7-477b-8a0f-75a666a4d69f.png	https://luonvuituoi.co/products/ao-thun-grafity-style	2026-07-17
Golden Hour	Luôn Vui Tươi	Thun	https://cdn.shopify.com/s/files/1/0918/5597/8816/files/kemtr_c_b9d1f23a-e93b-410e-b4c5-4f41c35decfc.png	https://luonvuituoi.co/products/ao-thun-golden-hour	2026-07-17
Gloss & Glow	Luôn Vui Tươi	Thun	https://cdn.shopify.com/s/files/1/0918/5597/8816/files/densau_49fd06e4-5786-41b7-836e-436c72b37e0d.png	https://luonvuituoi.co/products/ao-thun-gloss-glow	2026-07-17
Floral Day	Luôn Vui Tươi	Thun	https://cdn.shopify.com/s/files/1/0918/5597/8816/files/ghitr_c_eea75f68-5929-4214-af66-d64634dd89d4.png	https://luonvuituoi.co/products/ao-thun-floral-day	2026-07-17
Dream Studio	Luôn Vui Tươi	Thun	https://cdn.shopify.com/s/files/1/0918/5597/8816/files/kemsau_1bfdb54e-658b-440a-9e41-b8d443e87e92.png	https://luonvuituoi.co/products/ao-thun-dream-studio	2026-07-17
Chrome Edition	Luôn Vui Tươi	Thun	https://cdn.shopify.com/s/files/1/0918/5597/8816/files/densau_028d7c51-096e-4538-8a7e-8def60d1ad54.png	https://luonvuituoi.co/products/ao-thun-chrome-edition	2026-07-17
Aqua Vibes	Luôn Vui Tươi	Thun	https://cdn.shopify.com/s/files/1/0918/5597/8816/files/densau_5fcfc98c-eb4f-4d08-a74c-a6eaff518047.png	https://luonvuituoi.co/products/ao-thun-aqua-vibes	2026-07-17
Vịt Tuy Anh Không Làm Được	Animal Circus	Thun	https://cdn.shopify.com/s/files/1/0918/5597/8816/files/Tr_ngsau_96f9f06f-f766-42cd-b005-99f31b1b9918.png	https://luonvuituoi.co/products/ao-thun-vịt-tuy-anh-khong-lam-dược	2026-07-16
Vịt Nghiện Hít Dramma	Animal Circus	Thun	https://cdn.shopify.com/s/files/1/0918/5597/8816/files/Tr_ngsau_4aaef9d3-9093-4b51-975b-266300e99b8f.png	https://luonvuituoi.co/products/ao-thun-vịt-nghiện-hit-dramma	2026-07-16
Vịt Một Điều Nhịn	Animal Circus	Thun	https://cdn.shopify.com/s/files/1/0918/5597/8816/files/Vangc_nl_ng_0350864b-a053-4778-b44b-fb3d89764e0b.png	https://luonvuituoi.co/products/ao-thun-vịt-một-diều-nhịn	2026-07-16
Vịt Đang Hết Tiền Nên Hơi Nóng Tính	Animal Circus	Thun	https://cdn.shopify.com/s/files/1/0918/5597/8816/files/Vangsau_15d63b40-2836-4dd3-ac69-fe17276dd652.png	https://luonvuituoi.co/products/ao-thun-vịt-dang-hết-tiền-nen-hơi-nong-tinh	2026-07-16
Vịt Cầu Đủ KPI	Animal Circus	Thun	https://cdn.shopify.com/s/files/1/0918/5597/8816/files/Navysau_4d4199a6-5aba-4615-9d13-e3170edaeee9.png	https://luonvuituoi.co/products/ao-thun-cầu-dủ-kpi	2026-07-16
Vịt Lisa - Ước Gì Con Người Biết Kệ Mẹ Nhau	Vịt Lisa	Thun	https://cdn.shopify.com/s/files/1/0918/5597/8816/files/denm_tsau_11ef169f-a72c-4580-b9d3-b3e80b04db9b.png	https://luonvuituoi.co/products/ao-thun-vịt-lisa-ước-gi-con-người-biết-kệ-mẹ-nhau	2026-07-14
Vịt Lisa - Gái Vùng Cao	Vịt Lisa	Thun	https://cdn.shopify.com/s/files/1/0918/5597/8816/files/vangm_tsau_c88e9e01-6137-449f-aca3-6c8c28e70fa4.png	https://luonvuituoi.co/products/ao-thun-vịt-lisa-gai-vung-cao-mặt-sau	2026-07-14
Vịt Lisa - Cuộc Sống Hối Hả	Vịt Lisa	Thun	https://cdn.shopify.com/s/files/1/0918/5597/8816/files/d_m_ttr_c_1d6cd632-efed-4612-9ac0-b66b55d720da.png	https://luonvuituoi.co/products/ao-thun-vịt-lisa-cuộc-sống-hối-hả	2026-07-13
Vịt Lisa - Ok Tôi Sai	Vịt Lisa	Thun	https://cdn.shopify.com/s/files/1/0918/5597/8816/files/h_ngm_tsau_6c3cae45-a81a-475e-be5c-5c209e26f376.png	https://luonvuituoi.co/products/ao-thun-vịt-lisa-ok-toi-sai	2026-07-13
Vịt Lisa - Thiếu Nữ Bị Cận	Vịt Lisa	Thun	https://cdn.shopify.com/s/files/1/0918/5597/8816/files/kemm_tsau_61b1284a-a513-46f3-b50d-e5c942a98eea.png	https://luonvuituoi.co/products/ao-thun-vịt-lisa-thiếu-nữ-bị-cận	2026-07-13
Vịt Lisa - Hồi Nhỏ Sợ Ma Lớn Lên Sợ Tài	Vịt Lisa	Thun	https://cdn.shopify.com/s/files/1/0918/5597/8816/files/denm_tsau_ea6158b5-c43e-447d-a300-7ddeb8045c1b.png	https://luonvuituoi.co/products/ao-thun-vịt-lisa-hồi-nhỏ-sợ-ma-lớn-len-sợ-tai	2026-07-13
Vịt Lisa - Việc Nhẹ Lương Cao	Vịt Lisa	Thun	https://cdn.shopify.com/s/files/1/0918/5597/8816/files/tr_ngm_tsau_3ff2afdd-e5db-4e4f-aa0d-087988f53adb.png	https://luonvuituoi.co/products/ao-thun-vịt-lisa-việc-nhẹ-lương-cao	2026-07-13
She Said M10 Or Me	Bóng Đá	Thun	https://cdn.shopify.com/s/files/1/0918/5597/8816/files/Densau_a71ca5c5-955e-4321-81ad-f1c740d55f53.png	https://luonvuituoi.co/products/ao-thun-she-said-m10-or-me	2026-07-11
Vịt Lisa - Gái Đẹp Đã Có Chồng - Chồng Chất Nỗi Đau	Vịt Lisa	Thun	https://cdn.shopify.com/s/files/1/0918/5597/8816/files/vangtr_c_aa5e75bb-b969-4ab2-ae41-ed832d8ed6ad.png	https://luonvuituoi.co/products/ao-thun-vịt-lisa-gai-dẹp-da-co-chồng	2026-07-11
Vịt Trăm - Thiếu Nam Thoái Hóa Đốt Sống	Animal Circus	Thun	https://cdn.shopify.com/s/files/1/0918/5597/8816/files/densau_e6d8b6b6-ee8b-4662-ae22-dc7f9c4eada9.png	https://luonvuituoi.co/products/ao-thun-vịt-tram-thiếu-nam-thoai-hoa-dốt-sống	2026-07-11
Vịt Trăm - Việc Nhẹ Lương Cao Cao Huyết Áp	Animal Circus	Thun	https://cdn.shopify.com/s/files/1/0918/5597/8816/files/kemsau_fe163119-e021-400a-a206-c2cc8d4c4984.png	https://luonvuituoi.co/products/ao-thun-vịt-tram-việc-nhẹ-lương-cao-cao-huyết-ap	2026-07-11
Vịt Trăm - Trẻ Người Non Stop	Animal Circus	Thun	https://cdn.shopify.com/s/files/1/0918/5597/8816/files/tr_ngsau_b0c4d00c-6aa5-42a1-86c2-7de9c9c01eca.png	https://luonvuituoi.co/products/ao-thun-vịt-tram-trẻ-người-non-stop	2026-07-11
Đại Gia Nhà Giàu	Animal Circus	Thun	https://cdn.shopify.com/s/files/1/0918/5597/8816/files/tr_ngsau_479294cc-8baf-409a-965b-e1e77ac6cdf5.png	https://luonvuituoi.co/products/ao-thun-dại-gia-nha-giau	2026-07-11
Tối Đồng Cơ	Billiard	Thun	https://cdn.shopify.com/s/files/1/0918/5597/8816/files/T_iD_ngC_HN0359HNtr_ngsau.png	https://luonvuituoi.co/products/ao-thun-tối-dồng-cơ	2026-07-10
Mindset Billiard	Billiard	Thun	https://cdn.shopify.com/s/files/1/0918/5597/8816/files/MindsetBilliardHN0357HNtr_ngsau.png	https://luonvuituoi.co/products/ao-thun-mindset-billiard	2026-07-10
Cơ Thủ	Billiard	Thun	https://cdn.shopify.com/s/files/1/0918/5597/8816/files/C_Th_HN0358HNkemsau.png	https://luonvuituoi.co/products/ao-thun-cơ-thủ	2026-07-10
Là Vì Em	Lifey Stuff	Thun	https://cdn.shopify.com/s/files/1/0918/5597/8816/files/LaViEmHN0356HNdentr_c.png	https://luonvuituoi.co/products/ao-thun-la-vi-em	2026-07-10
Thì Tôi Lại Đau Lưng	Lifey Stuff	Thun	https://cdn.shopify.com/s/files/1/0918/5597/8816/files/denm_tsau_e87323bc-6854-48a9-b274-108f562859fe.png	https://luonvuituoi.co/products/ao-thun-thi-toi-lại-dau-lưng	2026-07-10
Vịt Lisa - Tôi Là Nạn Nhân Của Nhậu Không	Vịt Lisa	Thun	https://cdn.shopify.com/s/files/1/0918/5597/8816/files/denm_tsau_18eaef9f-601f-4105-b342-2b96c4a94c35.png	https://luonvuituoi.co/products/ao-thun-vịt-lisa-toi-la-nạn-nhan-của-nhậu-khong	2026-07-10
Vịt Lisa - Không Cần Trình Độ Chỉ Cần Trời Độ	Vịt Lisa	Thun	https://cdn.shopify.com/s/files/1/0918/5597/8816/files/kemm_tsau_91d8288d-a475-4fdd-9c88-bee2b6e13d2b.png	https://luonvuituoi.co/products/ao-thun-vịt-lisa-khong-cần-trinh-dộ-chỉ-cần-trời-dộ	2026-07-10
Vịt Lisa - Thích Lộn Người	Vịt Lisa	Thun	https://cdn.shopify.com/s/files/1/0918/5597/8816/files/vangm_tsau_9d83c7af-4e7f-40be-8e88-ee7356091138.png	https://luonvuituoi.co/products/ao-thun-vịt-lisa-thich-lộn-người	2026-07-10
Sợ Tin Nhắn	Job	Thun	https://cdn.shopify.com/s/files/1/0918/5597/8816/files/tr_ngm_tsau_b2b73052-333d-4896-bced-7e18ceae15b8.png	https://luonvuituoi.co/products/ao-thun-sợ-tin-nhắn	2026-07-10
Michelin Bền Bỉ	Lifey Stuff	Thun	https://cdn.shopify.com/s/files/1/0918/5597/8816/files/denm_tsau_de99d081-30a6-4a16-8f2e-36ae1f194fcd.png	https://luonvuituoi.co/products/ao-thun-michelin-bền-bỉ	2026-07-10
Vịt Lisa Thiếu Nữ Chăm Chỉ - Mệt Thì Nghỉ	Vịt Lisa	Thun	https://cdn.shopify.com/s/files/1/0918/5597/8816/files/h_ngsau_90809d11-bedb-44ac-970c-79ad75fbb5e5.png	https://luonvuituoi.co/products/ao-thun-vịt-lisa-thiếu-nữ-cham-chỉ-mệt-thi-nghỉ	2026-07-10
Lý Do Đi Làm	Job	Thun	https://cdn.shopify.com/s/files/1/0918/5597/8816/files/tr_ngm_tsau_8a89c4b1-b6ea-47c7-bc6f-e946aaa240a5.png	https://luonvuituoi.co/products/ao-thun-tt0284tt-ly-do-di-lam	2026-07-10
Đừng Vội Cứ Từ Từ	Lifey Stuff	Thun	https://cdn.shopify.com/s/files/1/0918/5597/8816/files/tr_ngm_tsau_e05ddb66-5339-4eca-8772-b97fe6b55cfe.png	https://luonvuituoi.co/products/ao-thun-vịt-lisa-dừng-vội-cứ-từ-từ	2026-07-10
Vịt Lisa Thiếu Nữ Người Lào - Lào Gì Cũng Tôn	Vịt Lisa	Thun	https://cdn.shopify.com/s/files/1/0918/5597/8816/files/kemsau_b8781a9b-258e-45f4-a9f7-6aea23a80e63.png	https://luonvuituoi.co/products/ao-thun-vịt-lisa-thiếu-nữ-người-lao-lao-gi-cung-ton	2026-07-10
Bi Chưa Dừng	Billiard	Thun	https://cdn.shopify.com/s/files/1/0918/5597/8816/files/BiCh_aD_ngHN0355HNkemsau.png	https://luonvuituoi.co/products/ao-thun-bi-chưa-dừng	2026-07-09
Đường Cơ Anh Gỡ	Billiard	Thun	https://cdn.shopify.com/s/files/1/0918/5597/8816/files/D_ngC_AnhG_HN0352HNtr_ngsau.png	https://luonvuituoi.co/products/ao-thun-dường-cơ-anh-gỡ	2026-07-09
Đường Cơ Em Gỡ	Billiard	Thun	https://cdn.shopify.com/s/files/1/0918/5597/8816/files/D_ngC_EmG_HN0353HNtr_ngsau.png	https://luonvuituoi.co/products/ao-thun-dường-cơ-em-gỡ	2026-07-09
Tôi Điều Đấy	Billiard	Thun	https://cdn.shopify.com/s/files/1/0918/5597/8816/files/ToiDi_uD_yHN0354HNkemtr_c.png	https://luonvuituoi.co/products/ao-thun-toi-dieu-day	2026-07-09
Chữ Cái Ồ	A-Z	Thun	https://cdn.shopify.com/s/files/1/0918/5597/8816/files/dentr_c_aecb5038-a2db-4fc3-bc5b-95a2f88ce554.png	https://luonvuituoi.co/products/ao-thun-chữ-cai-ồ	2026-07-08
Thành Thạo 3 Thứ Tiếng	Nhâm Nhi	Thun	https://cdn.shopify.com/s/files/1/0918/5597/8816/files/densau_5214a3ed-1637-4064-9104-2ec6423643a4.png	https://luonvuituoi.co/products/ao-thun-thanh-thạo-3-thứ-tiếng	2026-07-08
Kích Cỡ Không Quan Trọng-Thuốc Lá	Nhả Khói	Thun	https://cdn.shopify.com/s/files/1/0918/5597/8816/files/dentr_c_4f751229-fe03-4f35-aa0b-517d1151c8c8.png	https://luonvuituoi.co/products/ao-thun-kich-cỡ-khong-quan-trọng-thuốc-la	2026-07-08
Kích Cỡ Không Quan Trọng-Điếu Cày	Nhả Khói	Thun	https://cdn.shopify.com/s/files/1/0918/5597/8816/files/dentr_c_b9d6a39e-6398-43bc-a5fd-9b8263ad29f1.png	https://luonvuituoi.co/products/ao-thun-kich-cỡ-khong-quan-trọng-diếu-cay	2026-07-08
Hot Girlfriend	Couple Goals	Thun	https://cdn.shopify.com/s/files/1/0918/5597/8816/files/dentr_c_557cf169-e3a2-4d49-ac8b-453651ac9f41.png	https://luonvuituoi.co/products/ao-thun-hot-girlfriend	2026-07-08
Hot Boyfriend	Couple Goals	Thun	https://cdn.shopify.com/s/files/1/0918/5597/8816/files/tr_ngtr_c_ba1eba08-3f02-4eed-889f-26d192d523b0.png	https://luonvuituoi.co/products/ao-thun-hot-boyfriend	2026-07-08
Hô Biến	Job	Thun	https://cdn.shopify.com/s/files/1/0918/5597/8816/files/kemtr_c_05c6f395-bdd7-4b1f-a8e9-d686f3b6f103.png	https://luonvuituoi.co/products/ao-thun-ho-biến	2026-07-08
Normal Cortisol	Lifey Stuff	Thun	https://cdn.shopify.com/s/files/1/0918/5597/8816/files/dentr_c_697cdd26-e5f6-459c-bcaf-0f2092f1293d.png	https://luonvuituoi.co/products/ao-thun-normal-cortisol	2026-07-08
Low Cortisol	Lifey Stuff	Thun	https://cdn.shopify.com/s/files/1/0918/5597/8816/files/ghitr_c_b8134290-8028-4a8f-861a-0e800c6b8269.png	https://luonvuituoi.co/products/ao-thun-low-cortisol	2026-07-08
Im Fine	Lifey Stuff	Thun	https://cdn.shopify.com/s/files/1/0918/5597/8816/files/vangtr_c_99b031f1-a07b-41eb-9c4d-69e9afb4809b.png	https://luonvuituoi.co/products/ao-thun-im-fine	2026-07-08
High Cortisol	Lifey Stuff	Thun	https://cdn.shopify.com/s/files/1/0918/5597/8816/files/kemtr_c_bff9cce1-8081-49f2-bce6-d01a5c93d8a6.png	https://luonvuituoi.co/products/ao-thun-high-cortisol	2026-07-08
No Girl Friend No Problem	Love Bites	Thun	https://cdn.shopify.com/s/files/1/0918/5597/8816/files/densau_cec855a0-97d2-4d62-90e0-77ac2ca67d86.png	https://luonvuituoi.co/products/ao-thun-no-girl-friend-no-problem	2026-07-08
No Boy Friend No Problem	Love Bites	Thun	https://cdn.shopify.com/s/files/1/0918/5597/8816/files/tr_ngsau_b3627a08-36ec-4889-b589-f57a03b479fb.png	https://luonvuituoi.co/products/ao-thun-no-boy-friend-no-problem	2026-07-08
Cầm Kỳ Thi Hoạ	Love Bites	Thun	https://cdn.shopify.com/s/files/1/0918/5597/8816/files/h_ngsau_b56d19d6-6e98-4e9c-b994-55cbe01baa5c.png	https://luonvuituoi.co/products/ao-thun-cầm-kỳ-thi-hoạ	2026-07-08
Trẻ Không Chơi Già Remix	Trơi Bời	Thun	https://cdn.shopify.com/s/files/1/0918/5597/8816/files/tr_ngsau_f1014c74-3ffc-4681-b715-5f9a25f73bc6.png	https://luonvuituoi.co/products/ao-thun-trẻ-khong-chơi-gia-remix	2026-07-08
Gừng Càng Già Càng Bolero	Trơi Bời	Thun	https://cdn.shopify.com/s/files/1/0918/5597/8816/files/kemsau_8d25c395-3cf7-4940-b1b6-a31780bc5ca2.png	https://luonvuituoi.co/products/ao-thun-gừng-cang-gia-cang-bolero	2026-07-08
Đôi Vớ Quá Cũ	Trơi Bời	Thun	https://cdn.shopify.com/s/files/1/0918/5597/8816/files/ghitr_c_622112f8-76ba-4786-9fe1-babf4771c898.png	https://luonvuituoi.co/products/ao-thun-doi-vớ-qua-cu	2026-07-08
Để Anh	Trơi Bời	Thun	https://cdn.shopify.com/s/files/1/0918/5597/8816/files/navytr_c_9661cb4b-6e7b-4448-97fa-c0423664062b.png	https://luonvuituoi.co/products/ao-thun-dể-anh	2026-07-08
Cai Lon Bo Di	Trơi Bời	Thun	https://cdn.shopify.com/s/files/1/0918/5597/8816/files/densau_dd77fbd1-ea9f-408d-8a1f-3c3379bd4715.png	https://luonvuituoi.co/products/ao-thun-cai-lon-bo-di	2026-07-08
Anh Mười Khó - Khó Để Bị Loại	Bóng Đá	Thun	https://cdn.shopify.com/s/files/1/0918/5597/8816/files/xamsau_0ce53279-a771-4eaf-85a2-0baa6a2e2025.png	https://luonvuituoi.co/products/ao-thun-anh-mười-kho-kho-dể-bị-loại	2026-07-08
Vua Kéo Lưới	Cầu Lông	Thun	https://cdn.shopify.com/s/files/1/0918/5597/8816/files/densau_f1e539a0-dc10-4880-8f42-c187c0099b1f.png	https://luonvuituoi.co/products/ao-thun-vua-keo-lưới	2026-07-07
Trai Bảo Kê	Love Bites	Thun	https://cdn.shopify.com/s/files/1/0918/5597/8816/files/Densau_816b6d50-7956-4abc-b41f-bd301bfaf05a.png	https://luonvuituoi.co/products/ao-thun-trai-bảo-ke	2026-07-07
Mọi Lỗi Lầm Đều Không Ở Phía Người Đẹp	Animal Circus	Thun	https://cdn.shopify.com/s/files/1/0918/5597/8816/files/Navytr_c_f83187b9-4f35-47c7-8a3e-6c78b176eccc.png	https://luonvuituoi.co/products/ao-thun-mọi-lỗi-lầm-dều-khong-ở-phia-người-dẹp	2026-07-07
Gái Bảo Kệ	Love Bites	Thun	https://cdn.shopify.com/s/files/1/0918/5597/8816/files/Densau_baf7b2cf-d256-4b08-8d56-c47f68bd2e16.png	https://luonvuituoi.co/products/ao-thun-gai-bảo-kệ	2026-07-07
Em Thích Anh	Love Bites	Thun	https://cdn.shopify.com/s/files/1/0918/5597/8816/files/Navysau_943ceacb-431b-4ced-87b8-0abe3b6da098.png	https://luonvuituoi.co/products/ao-thun-em-thich-anh	2026-07-07
Đừng Nghèo Nữa Hãy Giàu Lên	Animal Circus	Thun	https://cdn.shopify.com/s/files/1/0918/5597/8816/files/Navytr_c_ab68286a-ee58-43ff-9055-753be089a9e3.png	https://luonvuituoi.co/products/ao-thun-dừng-ngheo-nữa-hay-giau-len	2026-07-07
Đỉnh Âm Bi	Animal Circus	Thun	https://cdn.shopify.com/s/files/1/0918/5597/8816/files/Tr_ngtr_c_c99093e1-b898-48c0-b45c-d53387752f00.png	https://luonvuituoi.co/products/ao-thun-dỉnh-am-bi	2026-07-07
Biết Là Lốp	Love Bites	Thun	https://cdn.shopify.com/s/files/1/0918/5597/8816/files/Navysau_6fc942ad-eaea-4dd4-be8c-db0ee69cd011.png	https://luonvuituoi.co/products/ao-thun-biết-la-lốp	2026-07-07
Bỏ Việc Đi Pick	Vịt Lisa;Pickleball	Thun	https://cdn.shopify.com/s/files/1/0918/5597/8816/files/tr_ngm_tsau_1fe95ac1-3244-47c0-a6fd-d75719b109dd.png	https://luonvuituoi.co/products/ao-thun-bỏ-việc-di-pick-1	2026-06-12
Vượt Mức Pickleball	Vịt Lisa;Pickleball;Love Bites	Thun;Ringer;Ba lỗ;Dài tay	https://cdn.shopify.com/s/files/1/0918/5597/8816/files/tr_ngm_tsau_67fd5267-8cba-48de-baa3-2d5c6b242c41.png	https://luonvuituoi.co/products/ao-thun-vượt-mức-pickleball-1	2025-08-09
Anh Em Mình Đi Uống Sinh Tố Bơ - Bơ Tai Ghia	Nhâm Nhi	Thun	https://cdn.shopify.com/s/files/1/0918/5597/8816/files/kemtr_c_d766c186-04e5-4c3d-8d4b-6d530708b4f6.png	https://luonvuituoi.co/products/ao-thun-anh-em-minh-di-uống-sinh-tố-bơ-bơ-tai-ghia	2026-07-07
Em Thích Buổi Tối Không	Lifey Stuff	Thun	https://cdn.shopify.com/s/files/1/0918/5597/8816/files/tr_ngtr_c_87736e55-ab72-4662-9420-70da1591ea3d.png	https://luonvuituoi.co/products/ao-thun-em-thich-buổi-tối-khong	2026-07-07
Nâng Được 50 Kí Sắt - Nhưng Không Giữ Nổi 50 Kí Thịt	Chuyện Phòng Gym	Thun	https://cdn.shopify.com/s/files/1/0918/5597/8816/files/densau_c4220de1-a15d-4287-80ec-f5118734d2a5.png	https://luonvuituoi.co/products/ao-thun-nang-dược-50-ki-sắt-nhưng-khong-giữ-nổi-50-ki-thịt	2026-07-07
Bài Hát Tạm Biệt Kây Pi Ai	Job	Thun	https://cdn.shopify.com/s/files/1/0918/5597/8816/files/dentr_c_feb6db1b-bb35-40f9-a5cb-26854d01804b.png	https://luonvuituoi.co/products/ao-thun-bai-hat-tạm-biệt-kay-pi-ai	2026-07-07
Cột Sống Văn Phòng Meme Chú Vịt	Job	Thun	https://cdn.shopify.com/s/files/1/0918/5597/8816/files/kemsau_c7900b05-f4a0-4549-a6de-b8c6845398a0.png	https://luonvuituoi.co/products/ao-thun-cột-sống-van-phong-meme-chu-vịt	2026-07-07
LỐP	Lifey Stuff	Thun	https://cdn.shopify.com/s/files/1/0918/5597/8816/files/kemsau_ad2a6413-c6ee-4c72-b04d-25225c1c5a6b.png	https://luonvuituoi.co/products/ao-thun-lốp	2026-07-06
Sắp Gầy Rồi Mèo Béo	Đũy Mèo	Thun	https://cdn.shopify.com/s/files/1/0918/5597/8816/files/dentr_c_5f841f61-f08f-455a-8233-3fd12aef75dc.png	https://luonvuituoi.co/products/ao-thun-sắp-gầy-rồi-meo-beo	2026-07-06
He Loves CR7	Bóng Đá	Thun	https://cdn.shopify.com/s/files/1/0918/5597/8816/files/m_tsauden_583efb11-8c5b-4a42-b6c6-a503cab19547.png	https://luonvuituoi.co/products/ao-thun-he-loves-cr7	2026-07-06
Anh Em Mình Không Nhất Không Nhì Chỉ Ba Thôi	Nhâm Nhi	Thun	https://cdn.shopify.com/s/files/1/0918/5597/8816/files/kemtr_c_9e0ce77b-5d55-4a44-a141-fb456348361d.png	https://luonvuituoi.co/products/ao-thun-anh-em-minh-khong-nhất-khong-nhi-chỉ-ba-thoi	2026-07-06
Thích Chai Nhưng Chọn Lon, Ly	Nhâm Nhi;Vịt Lisa;Love Bites	Thun;Ringer;Dài tay	https://cdn.shopify.com/s/files/1/0918/5597/8816/files/tr_ngm_tsau_8e1077fe-c837-4013-b50e-bd0039dd22f3.png	https://luonvuituoi.co/products/ao-thun-thich-chai-nhưng-chọn-lon-ly-1	2025-12-04
Giải Sầu	Nhả Khói	Thun	https://cdn.shopify.com/s/files/1/0918/5597/8816/files/densau_1c0c8603-dfbd-4fc1-a4fe-4fe297b432f4.png	https://luonvuituoi.co/products/ao-thun-giải-sầu	2026-07-04
Nội Quy Ăn Nhậu	Nhâm Nhi	Thun	https://cdn.shopify.com/s/files/1/0918/5597/8816/files/densau_8a531373-e98c-49d0-95c8-28bb9fc1e96d.png	https://luonvuituoi.co/products/ao-thun-nội-quy-an-nhậu	2026-07-04
Bộ Tứ Báo Thủ	Bóng Đá	Thun	https://cdn.shopify.com/s/files/1/0918/5597/8816/files/tr_ngtr_c_381c0524-291e-4276-9730-002fcbc4912b.png	https://luonvuituoi.co/products/ao-thun-bộ-tứ-bao-thủ	2026-07-04
Mệnh Thuỷ	Nhâm Nhi	Thun	https://cdn.shopify.com/s/files/1/0918/5597/8816/files/dentr_c_623c7a42-6f4d-4cac-ac49-1d2d9bf77f4d.png	https://luonvuituoi.co/products/ao-thun-mệnh-thuỷ	2026-07-04
Mệnh Thổ	Nhâm Nhi	Thun	https://cdn.shopify.com/s/files/1/0918/5597/8816/files/kemtr_c_ccd27b5e-6c81-410d-8f79-9788822ad3a1.png	https://luonvuituoi.co/products/ao-thun-mệnh-thổ	2026-07-04
Mệnh Mộc	Nhâm Nhi	Thun	https://cdn.shopify.com/s/files/1/0918/5597/8816/files/ghitr_c_cdcb1719-692e-428f-9d16-a6083e2ebd63.png	https://luonvuituoi.co/products/ao-thun-mệnh-mộc	2026-07-04
Mệnh Kim	Nhâm Nhi	Thun	https://cdn.shopify.com/s/files/1/0918/5597/8816/files/dentr_c_1ba6c6e2-aa83-45f6-8406-f41da50f9a1b.png	https://luonvuituoi.co/products/ao-thun-mệnh-kim-mh3205mh	2026-07-04
Mệnh Hoả	Nhâm Nhi	Thun	https://cdn.shopify.com/s/files/1/0918/5597/8816/files/dentr_c_a784016e-a25f-4b01-80c1-073dbb72d81d.png	https://luonvuituoi.co/products/ao-thun-mệnh-hoả	2026-07-04
Bao Thuốc Đâu	Nhả Khói	Thun	https://cdn.shopify.com/s/files/1/0918/5597/8816/files/m_tsauden_70f0b63d-7007-4f64-a5ad-6888200603d1.png	https://luonvuituoi.co/products/ao-thun-bao-thuốc-dau	2026-07-03
Mở Cái Lon	Nhâm Nhi	Thun	https://cdn.shopify.com/s/files/1/0918/5597/8816/files/m_ttr_cden_7702d2e1-ef66-4caa-afab-48b6b7e5c026.png	https://luonvuituoi.co/products/ao-thun-mở-cai-lon	2026-07-03
Nốt Điếu	Nhả Khói	Thun	https://cdn.shopify.com/s/files/1/0918/5597/8816/files/m_ttr_cden_ee77d1ba-1f99-4eff-b669-69d8f9981448.png	https://luonvuituoi.co/products/ao-thun-nốt-diếu	2026-07-03
Eat Eat Eat	Lifey Stuff	Thun	https://cdn.shopify.com/s/files/1/0918/5597/8816/files/EatEatEatHN0323HNh_ngtr_c.png	https://luonvuituoi.co/products/ao-thun-eat-eat-eat	2026-07-03
Don't Miss Me	Lifey Stuff	Thun	https://cdn.shopify.com/s/files/1/0918/5597/8816/files/Densau_1b77afd1-438f-42c1-a62e-770f1349d31d.png	https://luonvuituoi.co/products/ao-thun-dont-miss-me	2026-07-03
Sắp Nghỉ Việc	Job	Thun	https://cdn.shopify.com/s/files/1/0918/5597/8816/files/Tr_ngtr_c_f24cacf9-0a51-4438-a7b9-bdb1e7f56b44.png	https://luonvuituoi.co/products/ao-thun-sắp-nghỉ-việc	2026-07-03
Kylian M3P	Bóng Đá	Thun	https://cdn.shopify.com/s/files/1/0918/5597/8816/files/KylianM3PHT0410HTKylianM3PHT0410HTm_ttr_cden_87a153e8-86fe-48f1-8c0f-edee3ae5ded2.png	https://luonvuituoi.co/products/ao-thun-kylian-m3p	2026-07-02
Thiếu Nữ Đẹp Tuyệt Vời	Vịt Lisa	Thun	https://cdn.shopify.com/s/files/1/0918/5597/8816/files/tr_ngm_tsau_9dd87042-eaeb-4806-8163-a57c7edcccd7.png	https://luonvuituoi.co/products/ao-thun-thiếu-nữ-dẹp-tuyệt-vời	2026-07-02
Gọi Em Là Cô Gái Cầm Kỳ Thi Họa	Love Bites	Thun	https://cdn.shopify.com/s/files/1/0918/5597/8816/files/kemsau_5b81a0a2-694d-47af-895f-a96a59baf58c.png	https://luonvuituoi.co/products/ao-thun-gọi-em-la-co-gai-cầm-kỳ-thi-họa	2026-07-02
Badminton Tại Đèn Chói Quá	Cầu Lông	Thun	https://cdn.shopify.com/s/files/1/0918/5597/8816/files/D_tr_c_25482ff7-0a5d-4db8-b2ce-938432877234.png	https://luonvuituoi.co/products/ao-thun-badminton-tại-den-choi-qua	2026-07-01
Badminton In Hay Out	Cầu Lông	Thun	https://cdn.shopify.com/s/files/1/0918/5597/8816/files/Dentr_c_c94d92ea-e22b-4440-9ec3-f9b0680d1c31.png	https://luonvuituoi.co/products/ao-thun-badminton-in-hay-out	2026-07-01
Camel Dưa Hấu	Nhả Khói	Thun	https://cdn.shopify.com/s/files/1/0918/5597/8816/files/CamelD_aH_uHN0312HNdentr_c.png	https://luonvuituoi.co/products/ao-thun-camel-dưa-hấu	2026-07-01
Bỏ Nhậu Rồi - Nhưng Chưa Bỏ Bốc Phét	Nhâm Nhi	Thun	https://cdn.shopify.com/s/files/1/0918/5597/8816/files/navycopy_aa1098da-51d6-4b33-b257-c82780f63587.png	https://luonvuituoi.co/products/ao-thun-relaxed-fit-bỏ-nhậu-rồi-nhưng-chưa-bỏ-bốc-phet	2026-07-01
Silent Treatment là Một Sai Lầm Chết Mình	Đũy Mèo	Thun	https://cdn.shopify.com/s/files/1/0918/5597/8816/files/tr_ngtr_c_23960f5a-cdf5-4667-b231-7053643a4860.png	https://luonvuituoi.co/products/ao-thun-relaxed-fit-silent-treatment-la-một-sai-lầm-chết-minh	2026-06-30
Những Lời Khiến Người Khác Tổn Thương	Đũy Mèo	Thun	https://cdn.shopify.com/s/files/1/0918/5597/8816/files/kemtr_c_ad3ffbe1-7120-4d16-a209-8f2991c1af46.png	https://luonvuituoi.co/products/ao-thun-relaxed-fit-những-lời-khiến-người-khac-tổn-thương	2026-06-30
Có Công Ăn Vặt	Đũy Mèo	Thun	https://cdn.shopify.com/s/files/1/0918/5597/8816/files/CoCongAnV_tHN0305HNkemtr_c.png	https://luonvuituoi.co/products/ao-thun-co-cong-an-vặt	2026-06-30
Lao Động Là Vinh Quang	Đũy Mèo;Yêu Nước	Thun;Ba lỗ;Dài tay	https://cdn.shopify.com/s/files/1/0918/5597/8816/files/Navytr_c_b6687a20-1de8-47ab-8449-a5375001a5d2.png	https://luonvuituoi.co/products/ao-thun-relaxed-fit-lao-dong-la-vinh-quang	2026-01-02
Em Hết Tiền Ùi	Đũy Mèo	Thun	https://cdn.shopify.com/s/files/1/0918/5597/8816/files/EmH_tTi_nUiHN0304HNh_ngtr_c.png	https://luonvuituoi.co/products/ao-thun-em-hết-tiền-ui	2026-06-30
Gắn Bó Với Công Ty	Job	Thun	https://cdn.shopify.com/s/files/1/0918/5597/8816/files/tr_ngtr_c_f61cd8af-8493-4cb4-aa6b-1ac474f63889.png	https://luonvuituoi.co/products/ao-thun-tuy-ngheo-nhưng-keo-nao-cung-chốt-copy	2026-06-30
Em Đừng Làm Giá	Trơi Bời	Thun	https://cdn.shopify.com/s/files/1/0918/5597/8816/files/Dentr_c_a8f24e5f-e139-4289-94eb-686ca9dae5e0.png	https://luonvuituoi.co/products/ao-thun-relaxed-fit-em-dừng-lam-gia	2026-06-30
Tuy Nghèo Nhưng Kèo Nào Cũng Chốt	Vịt Lisa	Thun	https://cdn.shopify.com/s/files/1/0918/5597/8816/files/tr_ngm_tsau_cb24a1fc-d503-4800-8005-20ef0c06216d.png	https://luonvuituoi.co/products/ao-thun-tuy-ngheo-nhưng-keo-nao-cung-chốt	2026-06-29
Em Dỗi Rồi Anh Cook Đi	Love Bites	Thun	https://cdn.shopify.com/s/files/1/0918/5597/8816/files/tr_ngm_ttr_c_5d838dae-2e86-4e76-822e-45f0a056af5e.png	https://luonvuituoi.co/products/ao-thun-em-dỗi-rồi-anh-cook-di	2026-06-29
Có Không Giữ Mất Hỏi Mẹ	Animal Circus	Thun	https://cdn.shopify.com/s/files/1/0918/5597/8816/files/denm_ttr_c_dd23163e-14c4-4094-bb4f-359abe756063.png	https://luonvuituoi.co/products/ao-thun-co-khong-giữ-mất-hỏi-mẹ	2026-06-29
Không Danh Không Phận	Love Bites	Thun	https://cdn.shopify.com/s/files/1/0918/5597/8816/files/kemsau_fe537dfb-11b9-4809-b70f-3e77d2287638.png	https://luonvuituoi.co/products/ao-thun-khong-danh-khong-phận	2026-06-29
Tuy Em Da Đen	Trơi Bời	Thun	https://cdn.shopify.com/s/files/1/0918/5597/8816/files/Navytr_c_2d43855c-b294-4b05-988c-aee0166426c5.png	https://luonvuituoi.co/products/ao-thun-relaxed-fit-biết-thi-thưa-thi-thốt-copy	2026-06-29
Thiếu Nữ Nhiều Tiền	Job;Vịt Lisa	Thun	https://cdn.shopify.com/s/files/1/0918/5597/8816/files/tr_ngm_tsau_8a2a4e9d-cf83-4502-8066-94131f5eabfb.png	https://luonvuituoi.co/products/ao-thun-thiếu-nữ-nhiều-tiền	2026-06-29
Ra Biển Tìm Cá	Thèm Đi Biển	Thun	https://cdn.shopify.com/s/files/1/0918/5597/8816/files/m_ttr_ckem_f4d18542-3b24-45ce-b458-da0765bd5e29.png	https://luonvuituoi.co/products/ao-thun-ra-biển-tim-ca	2026-06-29
Biết Thì Thưa Thì Thốt	Trơi Bời	Thun	https://cdn.shopify.com/s/files/1/0918/5597/8816/files/Navytr_c_79acc9e6-9046-46a6-a394-6d5b4fbdb2d3.png	https://luonvuituoi.co/products/ao-thun-relaxed-fit-biết-thi-thưa-thi-thốt	2026-06-29
Tấm Quan Đeo	Lifey Stuff	Thun	https://cdn.shopify.com/s/files/1/0918/5597/8816/files/kemtr_c_9316b822-1b1f-4965-a81a-2ff618d3ac27.png	https://luonvuituoi.co/products/ao-thun-tấm-quan-deo-1	2026-06-27
Đi Làm Vì Đam Mê	Job	Thun	https://cdn.shopify.com/s/files/1/0918/5597/8816/files/ghitr_c_2b9f3e44-87e3-4772-8d67-369492586913.png	https://luonvuituoi.co/products/ao-thun-tấm-quan-deo	2026-06-27
Bán Mình Cho Tư Bản	Job	Thun	https://cdn.shopify.com/s/files/1/0918/5597/8816/files/tr_ngm_ttr_c_a5228537-9e16-4eb9-81dd-5aabf5c13edd.png	https://luonvuituoi.co/products/ao-thun-ban-minh-cho-tư-bản	2026-06-27
Im Not CR7	Bóng Đá	Thun	https://cdn.shopify.com/s/files/1/0918/5597/8816/files/tr_ngm_tsau_ccb6c73f-e427-40f8-a338-f7e568b26e2d.png	https://luonvuituoi.co/products/ao-thun-im-not-cr7	2026-06-27
Im Not Eminem	Love Bites	Thun	https://cdn.shopify.com/s/files/1/0918/5597/8816/files/tr_ngm_tsau_1738ac1c-5dee-45f9-8604-2aa4915586f1.png	https://luonvuituoi.co/products/ao-thun-im-not-eminem	2026-06-27
We Dont Talk Anymore	Love Bites	Thun	https://cdn.shopify.com/s/files/1/0918/5597/8816/files/tr_ngm_tsau_3efe1336-9210-44d0-97c8-5f14c1c1032c.png	https://luonvuituoi.co/products/ao-thun-we-dont-talk-anymore	2026-06-27
Đứa Trẻ Vô Tư Năm Ấy Giờ Vô Sản	Lifey Stuff	Thun	https://cdn.shopify.com/s/files/1/0918/5597/8816/files/denm_tsau_9ba4664e-451e-4b50-b64f-37f7c489f49d.png	https://luonvuituoi.co/products/ao-thun-dứa-trẻ-vo-tư-nam-ấy-giờ-vo-sản	2026-06-26
Đi Lầm Đừng Đi Làm	Trơi Bời	Thun	https://cdn.shopify.com/s/files/1/0918/5597/8816/files/kemtr_c_2540da6e-a1a5-425b-8d3a-7e609981bc5f.png	https://luonvuituoi.co/products/ao-thun-di-lầm-dừng-di-lam	2026-06-26
Của Bền Tại Nghèo	Animal Circus;Lifey Stuff	Thun;Dài tay	https://cdn.shopify.com/s/files/1/0918/5597/8816/files/kemtr_c_86cecf44-25ae-4c87-a032-3c752a22ed82.png	https://luonvuituoi.co/products/ao-thun-của-bền-tại-ngheo-4	2025-12-02
Có Hiếu Với Trai	Trơi Bời	Thun	https://cdn.shopify.com/s/files/1/0918/5597/8816/files/Dentr_c_b153272c-237b-4b87-85da-ffca37b426cc.png	https://luonvuituoi.co/products/ao-thun-co-hiếu-với-trai	2026-06-26
Lạc Lối	Trơi Bời	Thun	https://cdn.shopify.com/s/files/1/0918/5597/8816/files/tr_ngtr_c_f2854cc6-52d5-4fde-b731-81f1488b9a6d.png	https://luonvuituoi.co/products/ao-thun-củ-lạc-lối	2026-06-26
Ham Sống Sợ Stress	Đũy Mèo;Lifey Stuff	Thun;Ba lỗ;Dài tay	https://cdn.shopify.com/s/files/1/0918/5597/8816/files/kemtr_c_a967d5ba-d216-4000-8971-bb7b1c8ca080.png	https://luonvuituoi.co/products/ao-thun-ham-sống-sợ-stress-1	2025-08-30
Làm Vì Đam Mê	Đũy Mèo;Job	Thun;Ba lỗ;Dài tay	https://cdn.shopify.com/s/files/1/0918/5597/8816/files/kemtr_c_5632d07a-2263-4bae-85d8-1e39d30729dc.png	https://luonvuituoi.co/products/ao-thun-lam-vi-sợ-dam-me	2025-07-07
Muốn Đi Chơi Nhưng Nghèo	Đũy Mèo	Thun	https://cdn.shopify.com/s/files/1/0918/5597/8816/files/vangtr_c_bd84481b-572c-410d-a3b8-c9db0171b7e0.png	https://luonvuituoi.co/products/ao-thun-muon-di-choi-nhung-ngheo	2026-06-26
Bình Tĩnh Bản Lĩnh	Bóng Đá	Thun	https://cdn.shopify.com/s/files/1/0918/5597/8816/files/tr_ngtr_c_74160a96-0ab7-4526-8282-dc457b3a2ea1.png	https://luonvuituoi.co/products/ao-thun-binh-tinh-bản-linh	2026-06-26
Thua Thì Nín	Trơi Bời	Thun	https://cdn.shopify.com/s/files/1/0918/5597/8816/files/Dentr_c_95ad7bbf-5989-406b-b39c-022082fa5831.png	https://luonvuituoi.co/products/ao-thun-thua-thi-nin	2026-06-26
Sống Sao Cũng được	Trơi Bời	Thun	https://cdn.shopify.com/s/files/1/0918/5597/8816/files/Navytr_c_de32cd15-998f-4bac-833e-289ac5ef2313.png	https://luonvuituoi.co/products/ao-thun-sống-sao-cung-dược	2026-06-26
Sáng Phải Rống	Trơi Bời	Thun	https://cdn.shopify.com/s/files/1/0918/5597/8816/files/vangtr_c_038807d0-b0bd-4e8e-b0e5-4832c2ece112.png	https://luonvuituoi.co/products/ao-thun-sang-phải-rống	2026-06-26
Cứ Từ Từ Bình Tĩnh Thôi Em Ơi	Bóng Đá;Thể Thao	Thun	https://cdn.shopify.com/s/files/1/0918/5597/8816/files/tr_ngm_ttr_c_3ec88db1-9827-48e9-beb2-6a1ac2a14dc4.png	https://luonvuituoi.co/products/ao-thun-cứ-từ-từ-binh-tinh-thoi-em-ơi	2026-06-26
Các Anh Tao Đấy	Bóng Đá	Thun	https://cdn.shopify.com/s/files/1/0918/5597/8816/files/densau_fd411fcd-d099-4b89-930e-f6f5d432c976.png	https://luonvuituoi.co/products/ao-thun-cac-anh-tao-dấy	2026-06-26
Nữ/ Áo Polo Nam Sóng Đánh Tụt Quần	Thèm Đi Biển	Polo	https://cdn.shopify.com/s/files/1/0918/5597/8816/files/m_ttr_ctr_ng_2b154016-c12c-4fdb-a067-85e2e85ec0e0.png	https://luonvuituoi.co/products/ao-polo-relaxed-fit-song-danh-tut-quan	2026-06-26
Nữ/ Áo Polo Nam Cá Mập Đến	Thèm Đi Biển	Polo	https://cdn.shopify.com/s/files/1/0918/5597/8816/files/m_ttr_ctr_ng_6f48f79c-b7d4-4e9b-b4f6-376af894e73f.png	https://luonvuituoi.co/products/ao-polo-relaxed-fit-ca-mập-dến	2026-06-26
Nữ/ Áo Polo Nam Cá Ngừ Lớn	Thèm Đi Biển	Polo	https://cdn.shopify.com/s/files/1/0918/5597/8816/files/m_ttr_ctr_ng_88c20dec-6e0a-45f6-bb2b-a01f9083c05f.png	https://luonvuituoi.co/products/ao-polo-relaxed-fit-ca-ngừ-lớn	2026-06-26
Nữ/ Áo Polo Nam Đi Biển Tìm Cá	Thèm Đi Biển	Polo	https://cdn.shopify.com/s/files/1/0918/5597/8816/files/m_ttr_ctr_ng_ecc5bbd7-6487-4dc7-a927-dcfadb291f3e.png	https://luonvuituoi.co/products/ao-polo-relaxed-fit-di-biển-tim-ca	2026-06-26
Nữ/ Áo Polo Nam Rùa Biển	Thèm Đi Biển	Polo	https://cdn.shopify.com/s/files/1/0918/5597/8816/files/m_ttr_cden_3a2684a9-321c-4c8c-95cb-079a2a40fcda.png	https://luonvuituoi.co/products/ao-polo-relaxed-fit-rua-biển	2026-06-26
Nữ/ Áo Polo Nam Bỏ Việc Ra Biển	Thèm Đi Biển	Polo	https://cdn.shopify.com/s/files/1/0918/5597/8816/files/m_ttr_cden_9dbc046f-4d89-4474-a0c8-357692c00695.png	https://luonvuituoi.co/products/ao-polo-relaxed-fit-bỏ-việc-ra-biển	2026-06-26
Hãy Thả Tôi Về Biển	Thèm Đi Biển	Thun	https://cdn.shopify.com/s/files/1/0918/5597/8816/files/HayTh_ToiV_Bi_nHN0295HNkemtr_c.png	https://luonvuituoi.co/products/ao-thun-hay-thả-toi-về-biển	2026-06-26
Nữ/ Áo Polo Nam Đem Chuyện Ra Khơi	Thèm Đi Biển	Polo	https://cdn.shopify.com/s/files/1/0918/5597/8816/files/DemChuy_nRaKh_iHN0287HNTr_cTr_ng.png	https://luonvuituoi.co/products/ao-polo-relaxed-fit-dem-chuyện-ra-khơi	2026-06-26
Nữ/ Áo Polo Nam Người Con Của Biển	Thèm Đi Biển	Polo	https://cdn.shopify.com/s/files/1/0918/5597/8816/files/Ng_iConC_aBi_nHN0294HNTr_cTr_ng.png	https://luonvuituoi.co/products/ao-polo-relaxed-fit-người-con-của-biển	2026-06-26
Nữ/ Áo Polo Nam Thèm Đi Biển	Thèm Đi Biển	Polo	https://cdn.shopify.com/s/files/1/0918/5597/8816/files/ThemDiBi_nHN0293HNTr_cNavy.png	https://luonvuituoi.co/products/ao-polo-relaxed-fit-them-di-biển	2026-06-26
Nữ/ Áo Polo Nam Hãy Thả Tôi Về Với Biển	Thèm Đi Biển	Polo	https://cdn.shopify.com/s/files/1/0918/5597/8816/files/HayTh_ToiV_V_iBi_nHN0292HNTr_cTr_ng.png	https://luonvuituoi.co/products/ao-polo-relaxed-fit-hay-thả-toi-về-với-biển	2026-06-26
Nữ/ Áo Polo Nam Biển Xanh	Thèm Đi Biển	Polo	https://cdn.shopify.com/s/files/1/0918/5597/8816/files/Bi_nXanhHN0291HNTr_cDen.png	https://luonvuituoi.co/products/ao-polo-relaxed-fit-biển-xanh	2026-06-26
Nữ/ Áo Polo Nam Hè Về Rồi	Thèm Đi Biển	Polo	https://cdn.shopify.com/s/files/1/0918/5597/8816/files/HeV_R_iHN0290HNTr_cTr_ng.png	https://luonvuituoi.co/products/ao-polo-relaxed-fit-he-về-rồi	2026-06-26
Nữ/ Áo Polo Nam Sea Horse	Thèm Đi Biển	Polo	https://cdn.shopify.com/s/files/1/0918/5597/8816/files/SeaHorseHN0289HNTr_cDen.png	https://luonvuituoi.co/products/ao-polo-relaxed-fit-sea-horse	2026-06-26
Nữ/ Áo Polo Nam Quay Đầu Là Biển	Thèm Đi Biển	Polo	https://cdn.shopify.com/s/files/1/0918/5597/8816/files/QuayD_uLaBi_nHN0288HNTr_cDen_d73e183f-a789-4bb0-ae83-0877f0b5e6eb.png	https://luonvuituoi.co/products/ao-polo-relaxed-fit-quay-dầu-la-biển	2026-06-26
Em Búp Bê Ninja Rùa	Bóng Đá	Thun	https://cdn.shopify.com/s/files/1/0918/5597/8816/files/Tr_ngtr_c_8506b8db-a72d-413d-89e0-88da685b1b84.png	https://luonvuituoi.co/products/ao-thun-em-bup-be-ninja-rua	2026-06-25
Em làm Gì Để Bụng Đâu	Animal Circus	Thun	https://cdn.shopify.com/s/files/1/0918/5597/8816/files/denm_ttr_c_2e8279b6-83c3-4840-95f6-b9004a5b92e7.png	https://luonvuituoi.co/products/ao-thun-em-lam-gi-dể-bụng-dau	2026-06-25
Chó Là Bạn Đếch Phải Tui	Animal Circus	Thun	https://cdn.shopify.com/s/files/1/0918/5597/8816/files/ChoLaB_nD_chPh_iTuiHN0286HNdentr_c.png	https://luonvuituoi.co/products/ao-thun-cho-la-bạn-dếch-phải-tui	2026-06-25
Nguyễn Văn Mười	Bóng Đá;Thể Thao	Thun	https://cdn.shopify.com/s/files/1/0918/5597/8816/files/tr_ngm_tsau_23493b6c-1992-40b3-86dc-923a0326ae73.png	https://luonvuituoi.co/products/ao-thun-nguyễn-van-mười-1	2026-06-24
Thiếu Nữ Đau Cột Sống	Job;Vịt Lisa	Thun	https://cdn.shopify.com/s/files/1/0918/5597/8816/files/tr_ngm_tsau_a73e257a-4cf1-49a6-9f40-ab1197e1a921.png	https://luonvuituoi.co/products/ao-thun-thiếu-nữ-dau-cột-sống	2026-06-25
Nguyễn Văn Messi	Bóng Đá	Thun	https://cdn.shopify.com/s/files/1/0918/5597/8816/files/Nguy_nVanMessiHN0285HNtr_ngtr_c.png	https://luonvuituoi.co/products/ao-thun-nguyễn-van-messi	2026-06-24
Bỏ Ăn Vặt Rồi	Lifey Stuff	Thun	https://cdn.shopify.com/s/files/1/0918/5597/8816/files/dentr_c_4455560f-c5ff-4b32-acc9-f1887914757b.png	https://luonvuituoi.co/products/ao-thun-bỏ-an-vặt-rồi	2026-06-24
Bỏ Thuốc Rồi	Nhả Khói	Thun	https://cdn.shopify.com/s/files/1/0918/5597/8816/files/dentr_c_be546978-cbbc-4eca-86f9-0bed1e5b7b86.png	https://luonvuituoi.co/products/ao-thun-bỏ-thuốc-rồi	2026-06-24
Bỏ Cà Phê Rồi	Nhâm Nhi	Thun	https://cdn.shopify.com/s/files/1/0918/5597/8816/files/dentr_c_4d6f8301-c5f2-4984-a77b-60bbbea3dc42.png	https://luonvuituoi.co/products/ao-thun-bỏ-ca-phe-rồi	2026-06-24
Ngẫn Thị Hâm	Lifey Stuff	Thun	https://cdn.shopify.com/s/files/1/0918/5597/8816/files/dentr_c_19a1fdea-8afb-4fac-8974-8c07a909a340.png	https://luonvuituoi.co/products/ao-thun-ngẫn-thị-ham	2026-06-24
Lừa Nhau	Lifey Stuff	Thun	https://cdn.shopify.com/s/files/1/0918/5597/8816/files/densau_2293377e-452c-4a68-9b88-92593aef5c6d.png	https://luonvuituoi.co/products/ao-thun-lừa-nhau	2026-06-24
Hết Ca Em Về	Nhâm Nhi	Thun	https://cdn.shopify.com/s/files/1/0918/5597/8816/files/tr_ngtr_c_1e4e3768-e252-49c6-9a4e-2c609d9f9df3.png	https://luonvuituoi.co/products/ao-thun-hết-ca-em-về	2026-06-24
Hết Ca Anh Về	Nhâm Nhi	Thun	https://cdn.shopify.com/s/files/1/0918/5597/8816/files/dentr_c_7dea2269-c47d-4448-8004-e5b56b7941b9.png	https://luonvuituoi.co/products/ao-thun-hết-ca-anh-về	2026-06-24
Chốt Đơn Đi	Lifey Stuff	Thun	https://cdn.shopify.com/s/files/1/0918/5597/8816/files/tr_ngtr_c_f08d03d4-369f-45d6-808b-779ff7d8a943.png	https://luonvuituoi.co/products/ao-thun-chốt-dơn-di	2026-06-24
Sài Gòn Dưa	Nhả Khói	Thun	https://cdn.shopify.com/s/files/1/0918/5597/8816/files/SaiGonD_aHT0341HTm_tsauden.png	https://luonvuituoi.co/products/ao-thun-sai-gon-dưa	2026-06-23
Sai Gon Melon	Nhả Khói	Thun	https://cdn.shopify.com/s/files/1/0918/5597/8816/files/SaiGonMelonHT0342HTm_ttr_cden.png	https://luonvuituoi.co/products/ao-thun-sai-gon-melon	2026-06-23
Người Có Thể Bao Dung	Lifey Stuff	Thun	https://cdn.shopify.com/s/files/1/0918/5597/8816/files/Dentr_c_155a93f0-b44f-4c97-85ea-6897b131d645.png	https://luonvuituoi.co/products/ao-thun-người-co-thể-bao-dung	2026-06-23
Vạn Sự Khởi Đầu Nan	Job	Thun	https://cdn.shopify.com/s/files/1/0918/5597/8816/files/kemtr_c_57f55acb-3716-4236-9be7-ab1c48e718f1.png	https://luonvuituoi.co/products/ao-thun-vạn-sự-khởi-dầu-nan	2026-06-23
Anh Tập Tạ Để Có Cơ	Đũy Mèo	Thun	https://cdn.shopify.com/s/files/1/0918/5597/8816/files/Dentr_c_ede77da1-12ee-4c05-916d-70e822397c12.png	https://luonvuituoi.co/products/ao-thun-anh-tập-tạ-dể-co-cơ	2026-06-22
Monalisa Mãi Nghe Lời Sếp	Vịt Lisa	Thun	https://cdn.shopify.com/s/files/1/0918/5597/8816/files/navym_ttr_c_a0fda501-a89c-4a6c-b55c-4cfb07f40e82.png	https://luonvuituoi.co/products/ao-thun-monalisa-mai-nghe-lời-sếp-1	2026-06-22
Vịt Lisa - Thiếu Nữ Đau Vai Gáy	Job;Vịt Lisa	Thun	https://cdn.shopify.com/s/files/1/0918/5597/8816/files/tr_ngm_tsau_8e56fe50-bd44-4c54-8a9d-aa4124c43d9f.png	https://luonvuituoi.co/products/ao-thun-thiếu-nữ-dau-vai-gay-1	2026-06-22
Có Thờ Có Thiêng Có Ăn Kiêng Nhưng Vẫn Mập	Đũy Mèo	Thun	https://cdn.shopify.com/s/files/1/0918/5597/8816/files/dentr_c_55f122fb-4ffd-429f-940d-41c06e3020ce.png	https://luonvuituoi.co/products/ao-thun-co-thờ-co-thieng-co-an-kieng-nhưng-vẫn-mập	2026-06-22
I'm Not Rihanna	Love Bites	Thun	https://cdn.shopify.com/s/files/1/0918/5597/8816/files/tr_ngm_tsau_03f60cac-4731-4cbf-a15a-5f71ddf76947.png	https://luonvuituoi.co/products/ao-thun-im-not-rihanna	2026-06-22
Anh Em MÌnh Cứ Tềnh Tàng Thế Thôi Hà Hà Hà	Nhâm Nhi	Thun	https://cdn.shopify.com/s/files/1/0918/5597/8816/files/dentr_c_08ed7787-ab5a-40d8-8646-d367471ca864.png	https://luonvuituoi.co/products/ao-thun-anh-em-minh-cứ-tềnh-tang-thế-thoi-ha-ha-ha	2026-06-20
Gọi Em Là Chúa Hề	Animal Circus	Thun	https://cdn.shopify.com/s/files/1/0918/5597/8816/files/vangtr_c_2b618997-277c-4168-b211-03f4cd9ea3c7.png	https://luonvuituoi.co/products/ao-thun-goi-em-la-chua-he	2026-06-20
Đám Muốn Đi Lèo	Job	Thun	https://cdn.shopify.com/s/files/1/0918/5597/8816/files/tr_ngm_ttr_c_ca18c71a-3b82-48b5-87a0-69586db1d6c1.png	https://luonvuituoi.co/products/ao-thun-dam-muốn-di-leo	2026-06-19
Mật Mã Đi Nhậu	Nhâm Nhi	Thun	https://cdn.shopify.com/s/files/1/0918/5597/8816/files/M_tMaDiNh_uHN0260HNtr_ngtr_c.png	https://luonvuituoi.co/products/ao-thun-mật-ma-di-nhậu	2026-06-19
Rượu Mời Không Uống	Nhâm Nhi	Ba lỗ;Ringer;Thun	https://cdn.shopify.com/s/files/1/0918/5597/8816/files/ghitr_c_538c1225-30aa-4b13-98e4-7f88cb6944b0.png	https://luonvuituoi.co/products/ao-ba-lỗ-relaxed-fit-rượu-mời-khong-uống	2026-03-19
Nhậu Không	Nhâm Nhi	Ba lỗ;Ringer;Thun	https://cdn.shopify.com/s/files/1/0918/5597/8816/files/ghitr_c_10c3418a-6ea6-4c77-9923-825adbdfcf9d.png	https://luonvuituoi.co/products/ao-ba-lỗ-relaxed-fit-nhậu-khong	2026-05-07
Người Toàn Cà Phê	Nhâm Nhi	Ba lỗ;Thun	https://cdn.shopify.com/s/files/1/0918/5597/8816/files/tr_ngtr_c_e858d6c6-9666-45f4-ad90-7d9b11565e2e.png	https://luonvuituoi.co/products/ao-ba-lỗ-relaxed-fit-người-toan-ca-phe	2026-04-01
Người Chọn Đi Nhậu	Nhâm Nhi	Ba lỗ;Ringer;Thun	https://cdn.shopify.com/s/files/1/0918/5597/8816/files/ghitr_c_02d550b0-0b2f-4cee-adca-d9130d9df5ce.png	https://luonvuituoi.co/products/ao-ba-lỗ-relaxed-fit-người-chọn-di-nhậu	2026-05-07
Nạn Nhân Của Nhậu Hong	Nhâm Nhi	Ba lỗ;Ringer;Thun	https://cdn.shopify.com/s/files/1/0918/5597/8816/files/dentr_c_a8d4e000-0948-4ba1-90c7-53a03ff877ba.png	https://luonvuituoi.co/products/ao-ba-lỗ-relaxed-fit-nạn-nhan-của-nhậu-hong	2026-05-07
Đừng Rủ Nhậu Sợ Vui	Nhâm Nhi	Ba lỗ;Ringer;Thun	https://cdn.shopify.com/s/files/1/0918/5597/8816/files/tr_ngtr_c_b6a8c476-6e0a-4481-9d8a-e050c4741718.png	https://luonvuituoi.co/products/ao-ba-lỗ-relaxed-fit-dừng-rủ-nhậu-sợ-vui	2026-05-07
Người Nghẹo Trà Cúc	Nhâm Nhi	Ba lỗ;Ringer;Thun	https://cdn.shopify.com/s/files/1/0918/5597/8816/files/densau_d884b1ab-e629-4a2e-8417-005788ce1ff0.png	https://luonvuituoi.co/products/ao-ba-lỗ-relaxed-fit-người-nghẹo-tra-cuc	2026-04-04
Hai Cốt Tê	Nhâm Nhi	Ba lỗ;Ringer;Thun	https://cdn.shopify.com/s/files/1/0918/5597/8816/files/kemtr_c_ec275b20-883d-4fe2-9d91-354097a8b773.png	https://luonvuituoi.co/products/ao-ba-lỗ-relaxed-fit-hai-cốt-te	2026-05-20
Giờ Đi Nhậu	Nhâm Nhi	Ba lỗ;Ringer;Thun	https://cdn.shopify.com/s/files/1/0918/5597/8816/files/kemtr_c_be967da2-a56e-4df2-8bed-ab9923e8d784.png	https://luonvuituoi.co/products/ao-ba-lỗ-relaxed-fit-giờ-di-nhậu	2026-05-07
Đơn Xin Nghỉ Nhậu	Nhâm Nhi	Ba lỗ;Ringer;Thun	https://cdn.shopify.com/s/files/1/0918/5597/8816/files/tr_ngtr_c_8445b8af-d2f7-409b-8a94-19962d206ae6.png	https://luonvuituoi.co/products/ao-ba-lỗ-relaxed-fit-dơn-xin-nghỉ-nhậu	2026-05-07
Đô Trưởng	Nhâm Nhi	Ba lỗ;Ringer;Thun	https://cdn.shopify.com/s/files/1/0918/5597/8816/files/kemtr_c_950d44a2-5ac2-4fe1-b55b-fedef28c8c53.png	https://luonvuituoi.co/products/ao-ba-lỗ-relaxed-fit-do-trưởng	2026-05-07
Chưa Xỉn	Nhâm Nhi	Ba lỗ;Ringer;Thun	https://cdn.shopify.com/s/files/1/0918/5597/8816/files/kemtr_c_f7e72218-2ebc-49c6-972f-54aed2d250f1.png	https://luonvuituoi.co/products/ao-ba-lỗ-relaxed-fit-chưa-xỉn	2026-05-07
Đô Bất Tử	Nhâm Nhi	Ba lỗ;Ringer;Thun	https://cdn.shopify.com/s/files/1/0918/5597/8816/files/navytr_c_ac546687-88c5-4c8d-95c3-eec68f326e68.png	https://luonvuituoi.co/products/ao-ba-lỗ-relaxed-fit-do-bất-tử	2026-05-07
Công Thức Tỉnh Táo	Nhâm Nhi	Ba lỗ;Ringer;Thun	https://cdn.shopify.com/s/files/1/0918/5597/8816/files/tr_ngtr_c_031ccc42-6c78-4a95-b7a0-73e1d21fda5d.png	https://luonvuituoi.co/products/ao-ba-lỗ-relaxed-fit-cong-thức-tỉnh-tao	2026-04-01
Coffee Time	Nhâm Nhi	Ba lỗ;Ringer;Thun	https://cdn.shopify.com/s/files/1/0918/5597/8816/files/ghitr_c_c9beb98d-d15b-44fd-a51b-102925722e86.png	https://luonvuituoi.co/products/ao-ba-lỗ-relaxed-fit-coffee-time-1	2026-03-31
Ai Say Thì Khiêng Về	Nhâm Nhi	Ba lỗ;Ringer;Thun	https://cdn.shopify.com/s/files/1/0918/5597/8816/files/kemtr_c_7f4cff00-29dc-41cb-8a54-f5b15b2ac0b6.png	https://luonvuituoi.co/products/ao-ba-lỗ-relaxed-fit-ai-say-thi-khieng-về	2026-05-07
Thiếu Tất Cả Nhưng Thừa Cân Mèo Cam	Đũy Mèo	Thun	https://cdn.shopify.com/s/files/1/0918/5597/8816/files/tr_ngm_ttr_c_108729ec-12b1-4bcc-894b-fa689d3dbf53.png	https://luonvuituoi.co/products/ao-thun-thiếu-tất-cả-nhưng-thừa-can-meo-cam	2026-06-19
MEW AAAAAA	Đũy Mèo	Thun	https://cdn.shopify.com/s/files/1/0918/5597/8816/files/denm_ttr_c_05455196-e236-471c-8485-f0cd6d5a0c75.png	https://luonvuituoi.co/products/ao-thun-mew-aaaaaa	2026-06-19
Sếp Cho Em Xin Nghỉ Đi Đám	Job	Thun	https://cdn.shopify.com/s/files/1/0918/5597/8816/files/tr_ngm_ttr_c_5c55bb35-f35b-456c-b67c-28e563af10f7.png	https://luonvuituoi.co/products/ao-thun-sếp-cho-em-xin-nghỉ-di-dam	2026-06-19
Cái Quần Què	Lifey Stuff	Thun	https://cdn.shopify.com/s/files/1/0918/5597/8816/files/Navytr_c_36e41936-e603-4dfd-97a2-97009be7fcbd.png	https://luonvuituoi.co/products/ao-thun-cai-quần-que	2026-06-19
Wanna Be My Cardio	Chuyện Phòng Gym	Ba lỗ;Thun	https://cdn.shopify.com/s/files/1/0918/5597/8816/files/ghisau_3365f1e8-832f-49db-8bb9-a76ea64ee629.png	https://luonvuituoi.co/products/ao-ba-lỗ-relaxed-fit-wanna-be-my-cardio	2026-02-07
Thể Dục Thể Thao	Chuyện Phòng Gym;Animal Circus	Ba lỗ;Dài tay;Thun	https://cdn.shopify.com/s/files/1/0918/5597/8816/files/tr_ngtr_c_1b6f66cb-9fdb-4ce1-a11a-40b56e670298.png	https://luonvuituoi.co/products/ao-ba-lỗ-relaxed-fit-thể-dục-thể-thao	2025-11-14
Ra Đường Thần Nể Mỗi Sếp	Job	Thun	https://cdn.shopify.com/s/files/1/0918/5597/8816/files/navym_ttr_c_8a8aa321-3eb9-4bf5-b546-c091653a2716.png	https://luonvuituoi.co/products/ao-thun-ra-dường-thần-nể-mỗi-sếp	2026-06-19
Anh Em Mình Cứ Tềnh Tàng Thế Thôi He He He	Nhâm Nhi	Thun	https://cdn.shopify.com/s/files/1/0918/5597/8816/files/tr_ngc_nc_e91f63f5-89ac-47d8-b32c-3c3cf1beb1ca.png	https://luonvuituoi.co/products/ao-thun-ao-thun-anh-em-minh-cứ-tềnh-tang-thế-thoi	2026-06-18
Đừng Vụt Vào Đầu Meow	Cầu Lông	Thun	https://cdn.shopify.com/s/files/1/0918/5597/8816/files/Dentr_c_63f5e54f-1fe3-42a8-8dd4-b555209a0f4c.png	https://luonvuituoi.co/products/ao-thun-dừng-vụt-vao-dầu-meow	2026-06-18
Bị Overthinking Nhưng Xài Tiền Thì Neverthinking	Lifey Stuff	Thun	https://cdn.shopify.com/s/files/1/0918/5597/8816/files/h_ngm_ttr_c_d5c69709-ae7b-4b06-9f78-269561a53786.png	https://luonvuituoi.co/products/ao-thun-bị-overthinking-nhưng-xai-tiền-thi-neverthinking	2026-06-17
Nói Ra Hơi Ngại	Đũy Mèo	Thun	https://cdn.shopify.com/s/files/1/0918/5597/8816/files/Kemtr_c_b957585a-138a-427b-8a64-4004d4a05791.png	https://luonvuituoi.co/products/ao-thun-noi-ra-hơi-ngại	2026-06-17
Thích Đi Làm	Job	Thun	https://cdn.shopify.com/s/files/1/0918/5597/8816/files/tr_ngm_ttr_c_572b46ec-0757-458b-ad5b-676f8701211c.png	https://luonvuituoi.co/products/ao-thun-thich-di-lam	2026-06-17
Việc Nhiều Tiền	Job	Thun	https://cdn.shopify.com/s/files/1/0918/5597/8816/files/denm_ttr_c_3663a2a5-d392-4560-a806-9aa095397c60.png	https://luonvuituoi.co/products/ao-thun-việc-nhiều-tiền	2026-06-17
Cưng Lại Đang Bốc Phét Về Chụy À	Lifey Stuff	Thun	https://cdn.shopify.com/s/files/1/0918/5597/8816/files/kemm_tsau_4563505b-ede5-4d8c-be08-fbca9e1a2d20.png	https://luonvuituoi.co/products/ao-thun-cưng-lại-dang-bốc-phet-về-chụy-a	2026-06-17
Quá Lười Để Đi Làm Nhưng Quá Nghèo Để Nghỉ	Job	Thun	https://cdn.shopify.com/s/files/1/0918/5597/8816/files/denm_ttr_c_c9bcd5ac-c79f-4cfd-bac5-8cddebd36458.png	https://luonvuituoi.co/products/ao-thun-ước-qua-lười-dể-di-lam-nhưng-qua-ngheo-dể-nghỉ	2026-06-17
Ước Mơ Làm Công Chúa	Đũy Mèo	Thun	https://cdn.shopify.com/s/files/1/0918/5597/8816/files/denm_ttr_c_47692fd7-aa2b-4077-8e29-06c67141b881.png	https://luonvuituoi.co/products/ao-thun-ước-mơ-lam-cong-chua	2026-06-17
Em Bé Mew	Đũy Mèo	Thun	https://cdn.shopify.com/s/files/1/0918/5597/8816/files/tr_ngm_tsau_5cd5b0a8-4bc5-4c23-ae00-af29f36e679b.png	https://luonvuituoi.co/products/ao-thun-em-be-mew	2026-06-17
Mọi Chuyện Rồi Cũng Sẽ Như Cức Thôi	Lifey Stuff	Thun	https://cdn.shopify.com/s/files/1/0918/5597/8816/files/d_m_tsau_c41ce161-2094-4cfd-b3f6-bba6ede06bc0.png	https://luonvuituoi.co/products/ao-thun-mọi-chuyện-rồi-cung-sẽ-như-cức-thoi	2026-06-17
Hữu Duyên Bình Luận	Lifey Stuff	Thun	https://cdn.shopify.com/s/files/1/0918/5597/8816/files/m_tsauden_3395827d-f152-473d-a574-305d327baa52.png	https://luonvuituoi.co/products/ao-thun-hữu-duyen-binh-luận	2026-06-17
Dù Gái Hay Trai Sống Sai Ảy Chỉa	Lifey Stuff	Thun	https://cdn.shopify.com/s/files/1/0918/5597/8816/files/tr_ngm_tsau_331855dc-0c7d-4045-a3bc-4a60c85129fc.png	https://luonvuituoi.co/products/ao-thun-du-gai-hay-trai-sống-sai-ảy-chỉa	2026-06-17
Mình Tệ Vl	Lifey Stuff	Thun	https://cdn.shopify.com/s/files/1/0918/5597/8816/files/navytr_c_1917ba7d-c43d-45f8-b8dc-a53ecd12d8db.png	https://luonvuituoi.co/products/ao-thun-minh-tệ-vl	2026-06-16
Không Hề Đánh Giá	Animal Circus	Thun	https://cdn.shopify.com/s/files/1/0918/5597/8816/files/vangtr_c_6d1c2b54-cd5b-4d11-b368-2f6658dc7381.png	https://luonvuituoi.co/products/ao-thun-khong-hề-danh-gia	2026-06-16
Nãy Giờ Giỡn Thôi Bây Giờ Mới Đánh Thiệt Nè	Cầu Lông	Thun	https://cdn.shopify.com/s/files/1/0918/5597/8816/files/Kemtr_c_37e6bd2a-7027-4303-8043-b98f986afdd9.png	https://luonvuituoi.co/products/ao-thun-nay-giờ-giỡn-thoi-bay-giờ-mới-danh-thiệt-ne	2026-06-16
Mập Kệ Tao	Đũy Mèo;Animal Circus	Thun	https://cdn.shopify.com/s/files/1/0918/5597/8816/files/dentr_c_0a27b324-f253-47e8-b35a-68f36cfa4bb4.png	https://luonvuituoi.co/products/ao-thun-mập-kệ-tao-1	2026-06-16
Rượu Vào Lời Ra	Đũy Mèo	Thun	https://cdn.shopify.com/s/files/1/0918/5597/8816/files/kemtr_c_2ca9281e-b114-4fe5-8ec9-0103fda886c8.png	https://luonvuituoi.co/products/ao-thun-rượu-vao-lời-ra	2026-06-16
Bồ Gô Sịp Bồ	Love Bites	Thun	https://cdn.shopify.com/s/files/1/0918/5597/8816/files/kemtr_c_fd8ce4f0-e058-47b7-b186-36235a40dd28.png	https://luonvuituoi.co/products/ao-thun-bồ-go-sịp-bồ	2026-06-16
Hội Anh Em Đồng Nghiệp - Tạo Nghiệp Cùng Nhau	Job	Thun	https://cdn.shopify.com/s/files/1/0918/5597/8816/files/densau_1332b26e-5b0d-444d-bd88-8af32ef479ba.png	https://luonvuituoi.co/products/ao-thun-hội-anh-em-dồng-nghiệp-tạo-nghiệp-cung-nhau	2026-06-16
Ừ Chả Sao	Lifey Stuff	Thun	https://cdn.shopify.com/s/files/1/0918/5597/8816/files/vangsau_21b54352-a90f-4cef-b8e9-f7aa4a737f54.png	https://luonvuituoi.co/products/ao-thun-ừ-chả-sao	2026-06-16
Việc Nhà Mày À	Animal Circus	Thun	https://cdn.shopify.com/s/files/1/0918/5597/8816/files/navycopy_d4980248-ee48-437d-875d-0b73afc36d86.png	https://luonvuituoi.co/products/ao-thun-việc-nha-may-a	2026-06-16
Khôn Nhà Dại Trai	Lifey Stuff	Thun	https://cdn.shopify.com/s/files/1/0918/5597/8816/files/h_ngtr_c_7ae2b19e-7fb4-48f0-a6e6-6f4306ca9c0e.png	https://luonvuituoi.co/products/ao-thun-ao-thun-khon-nha-dại-trai	2026-06-16
Đủ Rồi Để Tao Yên Text	Lifey Stuff	Thun	https://cdn.shopify.com/s/files/1/0918/5597/8816/files/Kemsau_af9575f5-c846-4dca-ab67-14db65d1380e.png	https://luonvuituoi.co/products/ao-thun-dủ-rồi-dể-tao-yen-text	2026-06-16
Nhẹ Tay Thôi Em Trình Newbie	Cầu Lông	Thun	https://cdn.shopify.com/s/files/1/0918/5597/8816/files/Vangtr_c_f670b0d0-200a-41ed-be82-5b3b0ba42738.png	https://luonvuituoi.co/products/ao-thun-nhẹ-tay-thoi-em-trinh-newbie	2026-06-15
Làm Kèo 2 Chai Rì Vai	Cầu Lông	Thun	https://cdn.shopify.com/s/files/1/0918/5597/8816/files/Tr_ngtr_c_cba87fa5-4e4d-4c21-9eb2-72d9707aba47.png	https://luonvuituoi.co/products/ao-thun-lam-keo-2-chai-ri-vai	2026-06-15
It's Not My Fault, There Is A Hole In My Racket	Cầu Lông	Thun	https://cdn.shopify.com/s/files/1/0918/5597/8816/files/Dentr_c_ad21b935-d347-48f4-ab5e-1024b0b197c5.png	https://luonvuituoi.co/products/ao-thun-its-not-my-fault-there-is-a-hole-in-my-racket-1	2026-06-15
Cục Vàng	Lifey Stuff	Thun	https://cdn.shopify.com/s/files/1/0918/5597/8816/files/vangtr_c_865412be-8fe0-41be-96da-757facd599e1.png	https://luonvuituoi.co/products/ao-thun-cục-vang	2026-06-13
Căng Thế	Lifey Stuff	Thun	https://cdn.shopify.com/s/files/1/0918/5597/8816/files/tr_ngtr_c_031b77af-70d1-4be1-9e03-72b34233f7ec.png	https://luonvuituoi.co/products/ao-thun-cang-thế	2026-06-13
Tiếp Đi Em Còn Chịu Được	Job	Thun	https://cdn.shopify.com/s/files/1/0918/5597/8816/files/denm_ttr_c_658c2af0-2096-416f-82a7-e78dff8c78e9.png	https://luonvuituoi.co/products/ao-thun-tiếp-di-em-con-chịu-dược	2026-06-13
Trai Đẹp Việt Nam	Lifey Stuff	Thun	https://cdn.shopify.com/s/files/1/0918/5597/8816/files/tr_ngtr_c_d5b7c544-8a00-4795-a7e8-17ed86357ecf.png	https://luonvuituoi.co/products/ao-thun-trai-dẹp-việt-nam	2026-06-13
Đánh Trượt Ra Thủ	Billiard	Thun	https://cdn.shopify.com/s/files/1/0918/5597/8816/files/DanhTr_tRaTh_HN0231HNghitr_c.png	https://luonvuituoi.co/products/ao-thun-danh-trượt-ra-thủ	2026-06-13
Người Yêu Cũ	Love Bites	Thun	https://cdn.shopify.com/s/files/1/0918/5597/8816/files/Ng_iYeuCuHN0230HNdentr_c.png	https://luonvuituoi.co/products/ao-thun-người-yeu-cu	2026-06-13
Smash To Die	Cầu Lông	Ba lỗ;Ringer;Thun	https://cdn.shopify.com/s/files/1/0918/5597/8816/files/AoBaL_DenTr_c_4e5c330c-8c14-4ce6-bb72-55b714b176cb.jpg	https://luonvuituoi.co/products/ao-ba-lỗ-relaxed-fit-siuuu	2026-05-06
Drive Nữa	Pickleball	Thun	https://cdn.shopify.com/s/files/1/0918/5597/8816/files/DriveN_aHT0274HTm_tsaukem.png	https://luonvuituoi.co/products/ao-thun-drive-nữa	2026-06-12
Dink Nữa	Pickleball	Thun	https://cdn.shopify.com/s/files/1/0918/5597/8816/files/DinkN_aHT0273HTm_tsaukem.png	https://luonvuituoi.co/products/ao-thun-dink-nữa	2026-06-12
Bỏ Dink Để Drink	Pickleball	Thun	https://cdn.shopify.com/s/files/1/0918/5597/8816/files/B_DinkD_DrinkHT0270HTm_tsaukem.png	https://luonvuituoi.co/products/ao-thun-bỏ-dink-dể-drink	2026-06-12
Bỏ Pick Rồi	Pickleball	Thun	https://cdn.shopify.com/s/files/1/0918/5597/8816/files/B_PickR_iHT0271HTm_ttr_ckem.png	https://luonvuituoi.co/products/ao-thun-bỏ-pick-rồi	2026-06-12
Đừng Rủ Pick	Pickleball	Thun	https://cdn.shopify.com/s/files/1/0918/5597/8816/files/D_ngR_PickHT0275HTm_ttr_cden.png	https://luonvuituoi.co/products/ao-thun-dừng-rủ-pick	2026-06-12
Nhớ Lần Em Sốt	Lifey Stuff	Thun	https://cdn.shopify.com/s/files/1/0918/5597/8816/files/Nh_L_nEmS_tHT0276HTm_ttr_cden.png	https://luonvuituoi.co/products/ao-thun-nhớ-lần-em-sốt	2026-06-12
Nôn Vào Đầm	Nhâm Nhi	Thun	https://cdn.shopify.com/s/files/1/0918/5597/8816/files/NonVaoD_mHT0277HTm_ttr_cden.png	https://luonvuituoi.co/products/ao-thun-non-vao-dầm	2026-06-12
Khôn Nhà Dại Gái	Lifey Stuff	Thun	https://cdn.shopify.com/s/files/1/0918/5597/8816/files/navycopy_2bec4928-a650-4d60-aca3-668ace23e3e8.png	https://luonvuituoi.co/products/ao-thun-khon-nha-dại-gai	2026-06-12
Kệ Mẹ Tao	Lifey Stuff	Thun	https://cdn.shopify.com/s/files/1/0918/5597/8816/files/tr_ngtr_c_841effe5-3bd4-4c09-ab47-bb1e26f52e1e.png	https://luonvuituoi.co/products/ao-thun-kệ-mẹ-tao	2026-06-12
Discord Mess	Lifey Stuff	Thun	https://cdn.shopify.com/s/files/1/0918/5597/8816/files/tr_ngtr_c_3943d4ae-0bbe-49bc-b82c-9ebff42b56ce.png	https://luonvuituoi.co/products/ao-thun-discord-mess	2026-06-12
Vò Tờ Giấy Đừng Giày Vò Tớ	Love Bites	Thun	https://cdn.shopify.com/s/files/1/0918/5597/8816/files/Dentr_c_a6634091-4012-4ea3-ba05-de3815a1701c.png	https://luonvuituoi.co/products/ao-thun-vo-tờ-giấy-dừng-giay-vo-tớ	2026-06-12
Ôm Tiền Thì Ấm	Job	Thun	https://cdn.shopify.com/s/files/1/0918/5597/8816/files/dentr_c_b63aa5c9-0123-462b-a6a6-e864ddaa9b65.png	https://luonvuituoi.co/products/ao-thun-om-tiền-thi-ấm	2026-06-12
Tôi Có Một Đứa Bạn	Lifey Stuff	Thun	https://cdn.shopify.com/s/files/1/0918/5597/8816/files/vangtr_c_0f04d340-cc6d-4a16-b516-fba55844fa56.png	https://luonvuituoi.co/products/ao-thun-toi-co-một-dứa-bạn	2026-06-12
Bự Chà Bá Zậy Nè	Đũy Mèo	Thun	https://cdn.shopify.com/s/files/1/0918/5597/8816/files/kemtr_c_cd4c67f9-fe1a-41c5-a6e0-24592d3bb4cd.png	https://luonvuituoi.co/products/ao-thun-to-cha-ba-zậy-ne	2026-06-12
Thấy Người Yếu	Love Bites	Thun	https://cdn.shopify.com/s/files/1/0918/5597/8816/files/h_ngm_tsau_f737df0e-27ad-45d2-a432-7d11357bce95.png	https://luonvuituoi.co/products/ao-thun-thấy-người-yếu	2026-06-12
Nói Chậm Rất Duyên	Lifey Stuff	Thun	https://cdn.shopify.com/s/files/1/0918/5597/8816/files/d_m_tsau_7f24db47-9aa9-4c1c-8d20-95b7a9237fe7.png	https://luonvuituoi.co/products/ao-thun-noi-chậm-rất-duyen	2026-06-12
Cầu Mình Cận	Love Bites	Thun	https://cdn.shopify.com/s/files/1/0918/5597/8816/files/tr_ngm_tsau_d303dc7c-29ef-492a-b570-cfdf9787be15.png	https://luonvuituoi.co/products/ao-thun-cầu-minh-cận	2026-06-12
Quá Nhớ Tôi Tối Nhớ Qua	Love Bites	Thun	https://cdn.shopify.com/s/files/1/0918/5597/8816/files/denm_tsau_9c449440-2b85-4225-ab86-b5de8da2f8ff.png	https://luonvuituoi.co/products/ao-thun-qua-nhớ-toi-tối-nhớ-qua	2026-06-12
Thương Em Đến Già	Love Bites	Thun	https://cdn.shopify.com/s/files/1/0918/5597/8816/files/d_m_tsau_f39e70cc-642d-4b88-82b1-9392695a6b78.png	https://luonvuituoi.co/products/ao-thun-thương-em-dến-gia	2026-06-12
Kệ Mẹ Nhau	Lifey Stuff	Thun	https://cdn.shopify.com/s/files/1/0918/5597/8816/files/densau_4332ac9b-b5f6-4874-b1d8-14079263ccd7.png	https://luonvuituoi.co/products/ao-thun-kệ-mẹ-nhau	2026-06-12
Đèo Mẹ	Lifey Stuff	Thun	https://cdn.shopify.com/s/files/1/0918/5597/8816/files/DeoM_HT0266HTm_ttr_cden.png	https://luonvuituoi.co/products/ao-thun-deo-mẹ	2026-06-11
Tình Hình Tài Chính	Lifey Stuff	Thun	https://cdn.shopify.com/s/files/1/0918/5597/8816/files/tr_ngm_tsau_b113c866-2dfa-45e4-a430-bb269e2064e2.png	https://luonvuituoi.co/products/ao-thun-tinh-hinh-tai-chinh	2026-06-11
Tài Lẻ	Love Bites	Thun	https://cdn.shopify.com/s/files/1/0918/5597/8816/files/navytr_c_87c02191-de7d-43fa-98ad-c1b92a61c26b.png	https://luonvuituoi.co/products/ao-thun-tai-lẻ	2026-06-11
Miệng Kệ Bụng Để	Đũy Mèo	Thun	https://cdn.shopify.com/s/files/1/0918/5597/8816/files/Dentr_c_dbddc369-ef38-41a1-9b00-a519434b688f.png	https://luonvuituoi.co/products/ao-thun-miệng-kệ-bụng-dể	2026-06-10
Tuổi Ăn Học	Tuổi Ăn Học	Thun	https://cdn.shopify.com/s/files/1/0918/5597/8816/files/Tu_iAnH_cHN0219HNnavysau.png	https://luonvuituoi.co/products/ao-thun-tuổi-an-học	2026-06-10
Mệt Mỏi Vì Quá Học Giỏi	Tuổi Ăn Học	Thun	https://cdn.shopify.com/s/files/1/0918/5597/8816/files/M_tM_iViQuaH_cGi_iHN0217HNdentr_c.png	https://luonvuituoi.co/products/ao-thun-mệt-mỏi-vi-qua-học-giỏi	2026-06-10
Đơn Xin Phép Nghỉ Học	Tuổi Ăn Học	Thun	https://cdn.shopify.com/s/files/1/0918/5597/8816/files/D_nXinPhepNgh_H_cHN0215HNtr_ngtr_c.png	https://luonvuituoi.co/products/ao-thun-dơn-xin-phep-nghỉ-học	2026-06-10
Bản Kiểm Điểm	Tuổi Ăn Học	Thun	https://cdn.shopify.com/s/files/1/0918/5597/8816/files/B_nKi_mDi_mHN0216HNtr_ngtr_c.png	https://luonvuituoi.co/products/ao-thun-bản-kiểm-diểm	2026-06-10
Áp Dụng Công Thức Là Ra	Tuổi Ăn Học	Thun	https://cdn.shopify.com/s/files/1/0918/5597/8816/files/ApD_ngCongTh_cLaRaHN0218HNkemtr_c.png	https://luonvuituoi.co/products/ao-thun-ap-dụng-cong-thức-la-ra	2026-06-10
Có Công Mài Sắt Có Ngày Em Yêu	Love Bites	Thun	https://cdn.shopify.com/s/files/1/0918/5597/8816/files/densau_29689260-91b7-44d1-977d-fb51e4440047.png	https://luonvuituoi.co/products/ao-thun-co-cong-mai-sắt-co-ngay-em-yeu	2026-06-10
Chủ Nào Tớ Nấy	Job	Thun	https://cdn.shopify.com/s/files/1/0918/5597/8816/files/densau_a9015fa8-61e3-46f6-b6b2-b10affdc4e03.png	https://luonvuituoi.co/products/ao-thun-chủ-nao-tớ-nấy	2026-06-10
Tan Làm Sớm Là Được	Lifey Stuff	Thun	https://cdn.shopify.com/s/files/1/0918/5597/8816/files/denm_tsau_d33e2316-7ea6-4065-8c05-ce74af354673.png	https://luonvuituoi.co/products/ao-thun-tan-lam-sớm-la-dược	2026-06-10
Cần Cù Bù OT	Job	Thun	https://cdn.shopify.com/s/files/1/0918/5597/8816/files/Dentr_c_a5cc0d88-08ef-4d5d-bd3c-71398d0da8f1.png	https://luonvuituoi.co/products/ao-thun-cần-cu-bu-ot	2026-06-10
Kẻ Hay Ho Sống Tình Cảm	Nhả Khói	Thun	https://cdn.shopify.com/s/files/1/0918/5597/8816/files/denm_tsau_f51d1a29-055e-4a35-a2cb-36d961556cb5.png	https://luonvuituoi.co/products/ao-thun-kẻ-hay-ho-sống-tinh-cảm	2026-06-10
Hang Quỷ Đỏ	Bóng Đá	Thun	https://cdn.shopify.com/s/files/1/0918/5597/8816/files/m_tsauden_6aef445c-61a9-4cfd-a81c-bd633ae3bee5.png	https://luonvuituoi.co/products/ao-thun-hang-quỷ-dỏ	2026-06-10
Việt Style	Yêu Nước	Ringer;Ba lỗ;Dài tay;Thun	https://cdn.shopify.com/s/files/1/0918/5597/8816/files/tr_ngc_dentr_c_dd988599-596f-4741-8a3f-38623ebedc4e.jpg	https://luonvuituoi.co/products/ao-thun-ringer-relaxed-fit-việt-style	2025-07-31
Vải Chưởng	Fruitland	Ringer;Thun	https://cdn.shopify.com/s/files/1/0918/5597/8816/files/tr_ngc_dentr_c_aad439f5-83ee-4a2b-9f93-601411e85793.jpg	https://luonvuituoi.co/products/ao-thun-ringer-relaxed-fit-vải-chưởng	2026-05-30
Tự Hào Việt Nam	Yêu Nước	Ringer;Ba lỗ;Thun	https://cdn.shopify.com/s/files/1/0918/5597/8816/files/tr_ngc_densau_a7f0daf7-2ca0-4933-8ade-aa8877c4ac9f.jpg	https://luonvuituoi.co/products/ao-thun-ringer-relaxed-fit-tự-hao-việt-nam-1	2025-07-31
Trẩy Hội	Yêu Nước	Ringer;Thun	https://cdn.shopify.com/s/files/1/0918/5597/8816/files/tr_ngc_dentr_c_0209749a-f41d-4d27-b9a3-d6a8ac364ef1.jpg	https://luonvuituoi.co/products/ao-thun-ringer-relaxed-fit-trẩy-hội	2026-03-27
Tỉnh Táo	Fruitland	Ringer;Thun	https://cdn.shopify.com/s/files/1/0918/5597/8816/files/tr_ngc_dentr_c_6413883e-98a4-46ac-a295-73c493a418f7.jpg	https://luonvuituoi.co/products/ao-thun-ringer-relaxed-fit-tỉnh-tao	2026-05-30
Tinh Hoa Đất Việt	Yêu Nước	Ringer;Ba lỗ;Dài tay;Thun	https://cdn.shopify.com/s/files/1/0918/5597/8816/files/tr_ngc_densau_999778a3-78dc-4adc-b4eb-fad99b608212.jpg	https://luonvuituoi.co/products/ao-thun-ringer-relaxed-fit-tinh-hoa-dất-việt	2025-07-31
Táo Dai	Fruitland	Ringer;Thun	https://cdn.shopify.com/s/files/1/0918/5597/8816/files/tr_ngc_dentr_c_203a2297-f7aa-4f70-b324-5bea784351bc.jpg	https://luonvuituoi.co/products/ao-thun-ringer-relaxed-fit-tao-dai	2026-05-30
Sprite Shit	Fruitland	Ringer;Ba lỗ;Thun	https://cdn.shopify.com/s/files/1/0918/5597/8816/files/tr_ngc_dentr_c_dd4aec84-33f0-43dc-bc1b-400ead4e65ba.jpg	https://luonvuituoi.co/products/ao-thun-ringer-relaxed-fit-sprite-shit	2025-06-20
Quả Lọ	Fruitland	Ringer;Thun	https://cdn.shopify.com/s/files/1/0918/5597/8816/files/tr_ngc_dentr_c_81f27ea9-35a8-41da-9c22-abbac531a790.jpg	https://luonvuituoi.co/products/ao-thun-ringer-relaxed-fit-quả-lọ	2026-05-18
Nỗi Sầu Riêng	Fruitland	Ringer;Thun	https://cdn.shopify.com/s/files/1/0918/5597/8816/files/tr_ngc_dentr_c_b749a14d-8783-4610-b9f0-ca642ec3c797.jpg	https://luonvuituoi.co/products/ao-thun-ringer-relaxed-fit-nỗi-sầu-rieng	2026-05-30
Nho Nhã	Fruitland	Ringer;Thun	https://cdn.shopify.com/s/files/1/0918/5597/8816/files/denc_tr_ngtr_c_563589c2-0b54-4253-b5d9-abac6c7957b9.jpg	https://luonvuituoi.co/products/ao-thun-ringer-relaxed-fit-nho-nha	2026-06-01
Người Việt	Yêu Nước	Ringer;Ba lỗ;Dài tay;Thun	https://cdn.shopify.com/s/files/1/0918/5597/8816/files/tr_ngc_densau_62fa9f2f-d036-4d23-bd38-3ff664b56abc.jpg	https://luonvuituoi.co/products/ao-thun-ringer-relaxed-fit-người-việt	2025-07-31
Não Lon	Fruitland	Ringer;Thun	https://cdn.shopify.com/s/files/1/0918/5597/8816/files/tr_ngc_dentr_c_b731600e-10ed-4338-8884-240bde0ec15c.jpg	https://luonvuituoi.co/products/ao-thun-ringer-relaxed-fit-nao-lon	2025-07-19
Mãn Nhãn	Fruitland	Ringer;Thun	https://cdn.shopify.com/s/files/1/0918/5597/8816/files/denc_tr_ngtr_c_d8381e5d-bb1c-497a-aff4-588aa32d0610.jpg	https://luonvuituoi.co/products/ao-thun-ringer-relaxed-fit-man-nhan	2026-05-30
Lạc Trôi	Fruitland	Ringer;Thun	https://cdn.shopify.com/s/files/1/0918/5597/8816/files/tr_ngc_dentr_c_0b4aec56-02c9-4c1d-b910-94184edba21d.jpg	https://luonvuituoi.co/products/ao-thun-ringer-relaxed-fit-lạc-troi	2026-06-01
Dòng Máu Lạc Hồng	Yêu Nước	Ringer;Thun	https://cdn.shopify.com/s/files/1/0918/5597/8816/files/tr_ngc_densau_e8dc035a-9aeb-4188-b0fe-90f0c8629b26.jpg	https://luonvuituoi.co/products/ao-thun-ringer-relaxed-fit-dong-mau-lạc-hồng	2025-07-31
Đây Là Quả Táo	Fruitland	Ringer;Ba lỗ;Thun	https://cdn.shopify.com/s/files/1/0918/5597/8816/files/tr_ngc_dentr_c_06969596-73b9-44fd-9d0e-e8b6f00325c1.jpg	https://luonvuituoi.co/products/ao-thun-ringer-relaxed-fit-day-la-quả-tao	2025-07-25
Dâu Trăm Họ	Fruitland	Ringer;Thun	https://cdn.shopify.com/s/files/1/0918/5597/8816/files/denc_tr_ngtr_c_15f782d3-69c4-4e29-af8e-7fb2f4dd6f99.jpg	https://luonvuituoi.co/products/ao-thun-ringer-relaxed-fit-dau-tram-họ	2026-06-01
Đào Hoa	Fruitland	Ringer;Thun	https://cdn.shopify.com/s/files/1/0918/5597/8816/files/tr_ngc_dentr_c_85f5dc33-7b75-486e-aaf5-9bc5fc2427e3.jpg	https://luonvuituoi.co/products/ao-thun-ringer-relaxed-fit-dao-hoa	2026-06-01
Apple A Day	Fruitland	Ringer;Ba lỗ;Thun	https://cdn.shopify.com/s/files/1/0918/5597/8816/files/tr_ngc_dentr_c_ea6c8382-652f-4a04-a02d-67c3810c52cf.jpg	https://luonvuituoi.co/products/ao-thun-ringer-relaxed-fit-apple-a-day	2025-07-07
Cam Mười Tú	Yêu Nước;Fruitland	Ringer;Ba lỗ;Thun;Dài tay	https://cdn.shopify.com/s/files/1/0918/5597/8816/files/tr_ngc_densau_e6db6ce1-9b46-4ced-a58f-b64f26300e70.jpg	https://luonvuituoi.co/products/ao-thun-ringer-relaxed-fit-cam-mười-tu	2026-01-10
Yêu Em Bé	Love Bites	Thun;Dài tay	https://cdn.shopify.com/s/files/1/0918/5597/8816/files/dentr_c_8bbc9a1b-c19d-4355-812f-38c4b8f587e9.png	https://luonvuituoi.co/products/ao-thun-yeu-em-be	2026-01-08
Bưởi Ngoại Cỡ	Fruitland	Ringer;Thun	https://cdn.shopify.com/s/files/1/0918/5597/8816/files/denc_tr_ngtr_c_0c5ed0e1-2b1d-4613-a6f5-36c42dabfc7d.jpg	https://luonvuituoi.co/products/ao-thun-ringer-relaxed-fit-bưởi-ngoại-cỡ	2026-06-01
Bơ Đi Mà Sống	Fruitland	Ringer;Thun	https://cdn.shopify.com/s/files/1/0918/5597/8816/files/denc_tr_ngtr_c_08c2a3c1-af14-41f3-b18d-65315a90003a.jpg	https://luonvuituoi.co/products/ao-thun-ringer-relaxed-fit-bơ-di-ma-sống	2026-06-01
Bỉ Ổi	Fruitland	Ringer;Thun	https://cdn.shopify.com/s/files/1/0918/5597/8816/files/denc_tr_ngtr_c_362a59c7-9264-42a4-9a43-f5c18e2be876.jpg	https://luonvuituoi.co/products/ao-thun-ringer-relaxed-fit-bỉ-ổi	2026-05-30
Anh Em Cây Khế	Fruitland	Ringer;Thun	https://cdn.shopify.com/s/files/1/0918/5597/8816/files/denc_tr_ngtr_c_dfb12b4e-c1f7-4f79-a356-1d17b28112df.jpg	https://luonvuituoi.co/products/ao-thun-ringer-relaxed-fit-anh-em-cay-khế	2026-06-01
Dừa Lòng	Fruitland	Ringer;Thun	https://cdn.shopify.com/s/files/1/0918/5597/8816/files/tr_ngc_dentr_c_07cad357-6b1b-49f9-81e5-b32a554a45cd.jpg	https://luonvuituoi.co/products/ao-thun-ringer-relaxed-fit-dừa-long	2026-05-30
Xoài Non	Fruitland	Ringer;Thun	https://cdn.shopify.com/s/files/1/0918/5597/8816/files/tr_ngc_dentr_c_43a1ad1f-48ae-4ad5-9bf5-7c19bc006159.jpg	https://luonvuituoi.co/products/ao-thun-ringer-relaxed-fit-xoai-non	2025-06-20
Vải Lon	Fruitland	Ringer;Ba lỗ;Dài tay;Thun	https://cdn.shopify.com/s/files/1/0918/5597/8816/files/tr_ngc_dentr_c_332defff-fe32-48ef-96a3-b684c5901277.jpg	https://luonvuituoi.co/products/ao-thun-ringer-relaxed-fit-vải-lon	2025-06-20
Vải Cá Lợn Lươn	Fruitland	Ringer;Ba lỗ;Thun	https://cdn.shopify.com/s/files/1/0918/5597/8816/files/tr_ngc_dentr_c_2fde919e-d08b-412a-b758-f70aae7f1b6d.jpg	https://luonvuituoi.co/products/ao-thun-ringer-relaxed-fit-vải-ca-lợn-lươn	2026-03-20
Thơm Lon	Fruitland	Ringer;Ba lỗ;Dài tay;Thun	https://cdn.shopify.com/s/files/1/0918/5597/8816/files/denc_tr_ngtr_c_1c698c9b-472d-44a2-a63b-e851d6271eda.jpg	https://luonvuituoi.co/products/ao-thun-ringer-relaxed-fit-thơm-lon	2025-06-20
Sợ Quá Cơ	Fruitland	Ringer;Ba lỗ;Thun	https://cdn.shopify.com/s/files/1/0918/5597/8816/files/tr_ngc_dentr_c_89c583ba-495a-4d05-af96-97024a2902f4.jpg	https://luonvuituoi.co/products/ao-thun-ringer-relaxed-fit-sợ-qua-cơ	2026-03-17
Quả Táo	Fruitland	Ringer;Thun	https://cdn.shopify.com/s/files/1/0918/5597/8816/files/tr_ngc_dentr_c_345c9789-416d-4c76-b444-625d62e0d04b.jpg	https://luonvuituoi.co/products/ao-thun-ringer-relaxed-fit-quả-tao	2025-06-20
Quả Dừa	Fruitland	Ringer;Thun	https://cdn.shopify.com/s/files/1/0918/5597/8816/files/tr_ngc_dentr_c_a27baac6-1401-4639-8ffa-7a342e5b4319.jpg	https://luonvuituoi.co/products/ao-thun-ringer-relaxed-fit-quả-dừa	2025-06-20
Quả Dưa Hấu	Fruitland	Ringer;Thun	https://cdn.shopify.com/s/files/1/0918/5597/8816/files/denc_tr_ngtr_c_14e5d6cc-afa4-490e-be21-58929aee2273.jpg	https://luonvuituoi.co/products/ao-thun-ringer-relaxed-fit-quả-dưa-hấu	2025-06-20
Quả Dâu	Fruitland	Ringer;Thun	https://cdn.shopify.com/s/files/1/0918/5597/8816/files/tr_ngc_dentr_c_9571dc1c-5022-467d-8744-22c28cd3b177.jpg	https://luonvuituoi.co/products/ao-thun-ringer-relaxed-fit-quả-dau	2025-06-20
Quả Chuối	Fruitland	Ringer;Ba lỗ;Thun	https://cdn.shopify.com/s/files/1/0918/5597/8816/files/denc_tr_ngtr_c_db289c49-f568-4b5a-a5ed-dd49efe94fdc.jpg	https://luonvuituoi.co/products/ao-thun-ringer-relaxed-fit-quả-chuối	2025-06-20
Quả Chanh	Fruitland	Ringer;Thun	https://cdn.shopify.com/s/files/1/0918/5597/8816/files/denc_tr_ngtr_c_244aa358-aab3-49b2-9b54-0464ada2f9bd.jpg	https://luonvuituoi.co/products/ao-thun-ringer-relaxed-fit-quả-chanh	2025-06-20
Quả Bơ	Fruitland	Ringer;Ba lỗ;Thun	https://cdn.shopify.com/s/files/1/0918/5597/8816/files/denc_tr_ngtr_c_c921ba11-93a6-47e8-ba6f-a525632b5b49.jpg	https://luonvuituoi.co/products/ao-thun-ringer-relaxed-fit-quả-bơ	2025-06-20
Quả Báo	Fruitland	Ringer;Thun	https://cdn.shopify.com/s/files/1/0918/5597/8816/files/denc_tr_ngtr_c_495a29f9-0fb3-446d-915b-fce3b9b00006.jpg	https://luonvuituoi.co/products/ao-thun-ringer-relaxed-fit-quả-bao	2025-06-20
Liễu Yếu Đào To	Fruitland	Ringer;Thun;Ba lỗ;Dài tay	https://cdn.shopify.com/s/files/1/0918/5597/8816/files/denc_tr_ngtr_c_b573537e-5838-41dc-a05a-c433761d2806.jpg	https://luonvuituoi.co/products/ao-thun-ringer-relaxed-fit-liễu-yếu-dao-to-1	2025-10-11
Không Làm Mà Đòi Có Ăn Thì Ăn Cải Đậu Bưởi	Fruitland	Ringer;Ba lỗ;Thun	https://cdn.shopify.com/s/files/1/0918/5597/8816/files/tr_ngc_dentr_c_0e6d25c2-0484-43c9-a817-06b1986d2cdb.jpg	https://luonvuituoi.co/products/ao-thun-ringer-relaxed-fit-khong-lam-ma-doi-co-an-thi-an-cải-dậu-bưởi	2026-03-26
Khoai Tơ Ngon Cực	Fruitland	Ringer	https://cdn.shopify.com/s/files/1/0918/5597/8816/files/tr_ngc_dentr_c_0c362f9a-6fd3-4d85-8ba4-079a01204998.jpg	https://luonvuituoi.co/products/ao-thun-ringer-relaxed-fit-khoai-tơ-ngon-cực	2026-06-09
Khá Quá Nhở	Fruitland	Ringer;Ba lỗ;Thun	https://cdn.shopify.com/s/files/1/0918/5597/8816/files/tr_ngc_dentr_c_5789fa34-b3cc-4c52-b92e-9350a3cd8260.jpg	https://luonvuituoi.co/products/ao-thun-ringer-relaxed-fit-kha-qua-nhở	2026-03-17
Hoa Quả Hài Hước Vải Cá Lợn	Fruitland	Ringer;Thun	https://cdn.shopify.com/s/files/1/0918/5597/8816/files/tr_ngc_dentr_c_4a873b3c-0d0c-4d89-bf41-a812365aefe3.jpg	https://luonvuituoi.co/products/ao-thun-ringer-relaxed-fit-hoa-quả-hai-hước-vải-ca-lợn-1	2026-03-17
Hoa Quả Cải Lon Ma	Fruitland	Ringer;Thun	https://cdn.shopify.com/s/files/1/0918/5597/8816/files/tr_ngc_dentr_c_230f5af0-094c-43db-94cc-0e35ac42ddf3.jpg	https://luonvuituoi.co/products/ao-thun-ringer-relaxed-fit-hoa-quả-cải-lon-ma	2026-03-17
Hãy Để Củ Tỏi Yên	Fruitland	Ringer;Ba lỗ;Dài tay;Thun	https://cdn.shopify.com/s/files/1/0918/5597/8816/files/tr_ngc_dentr_c_ad432253-fd93-4081-9bb8-90328defe095.jpg	https://luonvuituoi.co/products/ao-thun-ringer-relaxed-fit-hay-dể-củ-tỏi-yen	2025-09-23
Hành Tỏi Cam Chịu	Fruitland	Ringer;Thun	https://cdn.shopify.com/s/files/1/0918/5597/8816/files/tr_ngc_dentr_c_45cc3a37-083e-4efb-9455-1a4da8613f1c.jpg	https://luonvuituoi.co/products/ao-thun-ringer-relaxed-fit-hanh-tỏi-cam-chịu	2025-06-20
Hành Tây	Fruitland	Ringer;Thun	https://cdn.shopify.com/s/files/1/0918/5597/8816/files/tr_ngc_dentr_c_c3c9a6b8-1349-43e7-8b6a-4e6db421bcba.jpg	https://luonvuituoi.co/products/ao-thun-ringer-relaxed-fit-hanh-tay	2025-06-20
Fruit Universe	Fruitland	Ringer;Thun	https://cdn.shopify.com/s/files/1/0918/5597/8816/files/denc_tr_ngtr_c_8041fe76-de30-4b31-8f73-ed43f95e0066.jpg	https://luonvuituoi.co/products/ao-thun-ringer-relaxed-fit-fruit-universe	2025-06-20
Dừa Lon	Fruitland	Ringer;Ba lỗ;Dài tay;Thun	https://cdn.shopify.com/s/files/1/0918/5597/8816/files/tr_ngc_dentr_c_2bf850de-f5cc-4d93-95fb-3ebb6a9efc05.jpg	https://luonvuituoi.co/products/ao-thun-ringer-relaxed-fit-dừa-lon	2025-06-20
Cu Toi Rat Ngon	Fruitland	Ringer;Ba lỗ;Thun	https://cdn.shopify.com/s/files/1/0918/5597/8816/files/tr_ngc_dentr_c_2ada36ff-3473-48e9-bf3d-08b3a861eb13.jpg	https://luonvuituoi.co/products/ao-thun-ringer-relaxed-fit-cu-toi-rat-ngon	2025-10-14
Củ Tỏi Nung Qua	Fruitland	Ringer	https://cdn.shopify.com/s/files/1/0918/5597/8816/files/tr_ngc_dentr_c_76900b53-d88e-47f0-8e63-1730fc02fa48.jpg	https://luonvuituoi.co/products/ao-thun-ringer-relaxed-fit-củ-tỏi-nung-qua	2026-06-09
Cỏ Cải Đậu Bưởi Táo	Fruitland	Ringer;Thun;Ba lỗ	https://cdn.shopify.com/s/files/1/0918/5597/8816/files/tr_ngc_dentr_c_7879b977-b339-4d47-85b5-035500992ef0.jpg	https://luonvuituoi.co/products/ao-thun-ringer-relaxed-fit-cỏ-cải-dậu-bưởi-tao	2026-04-16
Cỏ Cải Lon	Fruitland	Ringer;Ba lỗ;Thun	https://cdn.shopify.com/s/files/1/0918/5597/8816/files/tr_ngc_dentr_c_72b25ae5-de8a-41aa-b228-166d3de6df7f.jpg	https://luonvuituoi.co/products/ao-thun-ringer-relaxed-fit-cỏ-cải-lon	2026-03-24
Cỏ Cải Đậu Bưởi Táo Lê	Fruitland	Ringer;Ba lỗ;Thun	https://cdn.shopify.com/s/files/1/0918/5597/8816/files/tr_ngc_dentr_c_3ce40bb5-75db-4b61-8c8a-c00c7b736bd6.jpg	https://luonvuituoi.co/products/ao-thun-ringer-relaxed-fit-cỏ-cải-dậu-bưởi-tao-le	2026-03-19
Có Cái Củ Lợn	Fruitland	Ringer	https://cdn.shopify.com/s/files/1/0918/5597/8816/files/tr_ngc_dentr_c_6ce4269a-0846-4524-88f1-30dd63852f66.jpg	https://luonvuituoi.co/products/ao-thun-ringer-relaxed-fit-co-cai-củ-lợn	2026-06-09
Cherry Lon	Fruitland	Ringer;Thun	https://cdn.shopify.com/s/files/1/0918/5597/8816/files/tr_ngc_dentr_c_c1da6e02-4511-4d23-aa85-a1b30ade76b2.jpg	https://luonvuituoi.co/products/ao-thun-ringer-relaxed-fit-cherry-lon	2025-06-20
Cầu Dừa Đủ Qua Môn	Fruitland;Tuổi Ăn Học	Ringer;Thun	https://cdn.shopify.com/s/files/1/0918/5597/8816/files/tr_ngc_dentr_c_f6d2fdbc-ad41-49cb-8716-3187c185ebfc.jpg	https://luonvuituoi.co/products/ao-thun-ringer-relaxed-fit-cầu-dừa-dủ-qua-mon	2026-03-17
Bận Yêu Nước	Yêu Nước	Ringer;Ba lỗ;Dài tay	https://cdn.shopify.com/s/files/1/0918/5597/8816/files/tr_ngc_densau_086035ae-747d-4867-a162-b38350c4da88.jpg	https://luonvuituoi.co/products/ao-thun-ringer-relaxed-fit-bận-yeu-nước-nt3164nt	2026-01-02
Cam Lon	Fruitland	Ringer;Ba lỗ;Thun	https://cdn.shopify.com/s/files/1/0918/5597/8816/files/tr_ngc_dentr_c_31e524ba-ffbd-4df7-a34e-cc27373b5c77.jpg	https://luonvuituoi.co/products/ao-thun-ringer-relaxed-fit-cam-lon	2025-06-20
Yêu Nước Vietnamese Girl	Yêu Nước	Ringer;Thun	https://cdn.shopify.com/s/files/1/0918/5597/8816/files/tr_ngc_densau_e26b169a-ae2f-493b-913d-d7aba8ff0557.jpg	https://luonvuituoi.co/products/ao-thun-ringer-relaxed-fit-yeu-nước-vietnamese-girl	2025-08-01
Yêu Nước Việt Nam	Yêu Nước	Ringer;Ba lỗ;Thun	https://cdn.shopify.com/s/files/1/0918/5597/8816/files/tr_ngc_dentr_c_976b42b8-3ae4-4a28-81d2-3869601f75be.jpg	https://luonvuituoi.co/products/ao-thun-ringer-relaxed-fit-yeu-nước-việt-nam	2025-08-01
Yêu Nước Tôi Yêu Tổ Quốc Tôi	Yêu Nước	Ringer;Thun	https://cdn.shopify.com/s/files/1/0918/5597/8816/files/tr_ngc_dentr_c_c9f4905f-66d8-4164-8e80-613fa311d060.jpg	https://luonvuituoi.co/products/ao-thun-ringer-relaxed-fit-yeu-nước-toi-yeu-tổ-quốc-toi	2025-08-12
Yêu Nước Thanh Niên Yêu Nước Vô Cùng	Yêu Nước	Ringer;Thun	https://cdn.shopify.com/s/files/1/0918/5597/8816/files/tr_ngc_dentr_c_25696fc0-b708-427f-bf07-d732ded36ac8.jpg	https://luonvuituoi.co/products/ao-thun-ringer-relaxed-fit-yeu-nước-thanh-nien-yeu-nước-vo-cung	2025-08-12
Yêu Nước Máu Đỏ Da Vàng	Yêu Nước	Ringer;Thun	https://cdn.shopify.com/s/files/1/0918/5597/8816/files/tr_ngc_densau_49814fe0-afc3-43e3-9cd5-fd782a6777a5.jpg	https://luonvuituoi.co/products/ao-thun-ringer-relaxed-fit-yeu-nước-mau-dỏ-da-vang-tl1637tl-1	2025-08-12
Yêu Nước Made In Vietnam 2	Yêu Nước	Ringer;Thun	https://cdn.shopify.com/s/files/1/0918/5597/8816/files/tr_ngc_densau_55bf5f2d-abd2-454a-b8b6-728688e81e2b.jpg	https://luonvuituoi.co/products/ao-thun-ringer-relaxed-fit-yeu-nước-made-in-vietnam-2	2025-08-12
Yêu Nước Made In Vietnam 1	Yêu Nước	Ringer;Thun	https://cdn.shopify.com/s/files/1/0918/5597/8816/files/tr_ngc_dentr_c_ae5822b3-7191-4a73-b140-6db596f84f66.jpg	https://luonvuituoi.co/products/ao-thun-ringer-relaxed-fit-yeu-nước-made-in-vietnam-1	2025-08-12
Yêu Nước Lao Động Là Vinh Quang	Yêu Nước	Ringer;Thun	https://cdn.shopify.com/s/files/1/0918/5597/8816/files/tr_ngc_dentr_c_93d89f49-9580-4fbc-852d-385bfefa796c.jpg	https://luonvuituoi.co/products/ao-thun-ringer-relaxed-fit-yeu-nước-khiem-tốn-thật-tha-dung-cảm	2025-08-01
Yêu Nước Khiêm Tốn - Thật Thà - Dũng Cảm	Yêu Nước	Ringer;Thun	https://cdn.shopify.com/s/files/1/0918/5597/8816/files/tr_ngc_densau_3175821b-c19a-4a0d-8074-c2957cf26510.jpg	https://luonvuituoi.co/products/ao-thun-ringer-relaxed-fit-yeu-nước-khiem-tốn-thật-tha-dung-cảm-1	2025-07-24
Yêu Nước Học Tập Tốt , Lao Động Tốt	Yêu Nước	Ringer;Thun	https://cdn.shopify.com/s/files/1/0918/5597/8816/files/tr_ngc_dentr_c_cdd32374-3227-48a8-bf32-aba0d8cab844.jpg	https://luonvuituoi.co/products/ao-thun-ringer-relaxed-fit-yeu-nước-học-tập-tốt-lao-dộng-tốt-tl1618tl	2025-07-24
Yêu Nước Giữ Gìn Vệ Sinh Thật Tốt	Yêu Nước	Ringer;Thun	https://cdn.shopify.com/s/files/1/0918/5597/8816/files/tr_ngc_densau_8bc3e93f-a32b-40bf-b772-494c1d4cec48.jpg	https://luonvuituoi.co/products/ao-thun-ringer-relaxed-fit-yeu-nước-giữ-gin-vệ-sinh-thật-tốt	2025-07-24
Yêu Nước Độc Lập - Tự Do - Hạnh Phúc	Yêu Nước	Ringer;Thun	https://cdn.shopify.com/s/files/1/0918/5597/8816/files/tr_ngc_densau_6841b7ee-7ebe-466c-a088-171c5c7941a5.jpg	https://luonvuituoi.co/products/ao-thun-ringer-relaxed-fit-yeu-nước-dộc-lập-tự-do-hạnh-phuc-1	2025-07-24
Vietnamese Boy	Yêu Nước	Ringer;Ba lỗ	https://cdn.shopify.com/s/files/1/0918/5597/8816/files/denc_tr_ngsau_cecb1534-84fe-4783-81a3-8468a11a8dd3.jpg	https://luonvuituoi.co/products/ao-thun-ringer-relaxed-fit-vietnamese-boy	2026-04-17
Trôn Trôn Việt Nam	Yêu Nước	Ringer;Ba lỗ	https://cdn.shopify.com/s/files/1/0918/5597/8816/files/denc_tr_ngtr_c_7332d9fc-62fa-4ea4-8ab3-b9922c874f30.jpg	https://luonvuituoi.co/products/ao-thun-ringer-relaxed-fit-tron-tron-việt-nam	2026-04-17
Yêu Nước Yêu Tổ Quốc, Yêu Đồng Bào	Yêu Nước	Ringer;Thun	https://cdn.shopify.com/s/files/1/0918/5597/8816/files/tr_ngc_dentr_c_54be9060-4cc3-4e92-bf88-567853a82fc1.jpg	https://luonvuituoi.co/products/ao-thun-ringer-relaxed-fit-yeu-nước-yeu-tổ-quốc-yeu-dồng-bao	2025-07-24
Yêu Nước Đoàn Kết Tốt , Kỷ Luật Tốt	Yêu Nước	Ringer;Thun	https://cdn.shopify.com/s/files/1/0918/5597/8816/files/tr_ngc_dentr_c_ab2c7dd6-addf-4d7f-9801-93f29c7ff33a.jpg	https://luonvuituoi.co/products/ao-thun-ringer-relaxed-fit-yeu-nước-doan-kết-tốt-kỷ-luật-tốt	2025-07-24
Việt Nam Quê Hương	Yêu Nước	Ringer;Thun	https://cdn.shopify.com/s/files/1/0918/5597/8816/files/tr_ngc_dentr_c_b4a52d13-db65-4ea7-9b93-b719bf2aeffc.jpg	https://luonvuituoi.co/products/ao-thun-ringer-relaxed-fit-quyết-chiến-thắng	2026-04-13
Quyết Chiến Thắng	Yêu Nước	Ringer	https://cdn.shopify.com/s/files/1/0918/5597/8816/files/tr_ngc_densau_9530d4a6-eb5f-4c19-8420-2f467574e60f.jpg	https://luonvuituoi.co/products/ao-thun-ringer-relaxed-fit-bầu-trời-thủ-do	2026-06-08
Pho Dac Biet	Yêu Nước	Ringer;Thun	https://cdn.shopify.com/s/files/1/0918/5597/8816/files/tr_ngc_dentr_c_13527f76-0d4c-41d1-bc12-b2029c21ed63.jpg	https://luonvuituoi.co/products/ao-thun-ringer-relaxed-fit-pho-dac-biet	2026-04-13
Relax	Lifey Stuff	Thun	https://cdn.shopify.com/s/files/1/0918/5597/8816/files/RelaxHT0240HTm_ttr_cden_a6075910-426b-4ed3-8ec9-af5cdbe04903.png	https://luonvuituoi.co/products/ao-thun-relax	2026-06-08
Cho Anh Làm Quen	Bóng Rổ	Thun	https://cdn.shopify.com/s/files/1/0918/5597/8816/files/ChoAnhLamQuenHT0239HTm_tsaukem.png	https://luonvuituoi.co/products/ao-thun-cho-anh-lam-quen	2026-06-08
It's Banh Mi Time	Yêu Nước	Ringer;Thun	https://cdn.shopify.com/s/files/1/0918/5597/8816/files/tr_ngc_dentr_c_11381cf8-9175-4aae-81ff-639106a1a105.jpg	https://luonvuituoi.co/products/ao-thun-ringer-relaxed-fit-its-banh-mi-time	2026-04-13
Bầu Trời Việt Nam	Yêu Nước	Ringer;Thun	https://cdn.shopify.com/s/files/1/0918/5597/8816/files/tr_ngc_dentr_c_8969991a-d6f0-4ff6-90d8-298b3fcbaa02.jpg	https://luonvuituoi.co/products/ao-thun-ringer-relaxed-fit-bầu-trời-việt-nam	2026-04-13
Bầu Trời Thủ Đô	Yêu Nước	Ringer;Thun	https://cdn.shopify.com/s/files/1/0918/5597/8816/files/tr_ngc_dentr_c_5f89be8d-a64c-4bba-af4f-161a019447b6.jpg	https://luonvuituoi.co/products/ao-thun-ringer-relaxed-fit-bầu-trời-thủ-do-1	2026-04-13
Anh Iu Nói Gì Cũng Đúng	Couple Goals	Thun	https://cdn.shopify.com/s/files/1/0918/5597/8816/files/AnhIuNoiGiCungDungHN0206HNkemsau.png	https://luonvuituoi.co/products/ao-thun-anh-iu-noi-gi-cung-dung	2026-06-08
Em Iu Nói Gì Cũng Đúng	Couple Goals	Thun	https://cdn.shopify.com/s/files/1/0918/5597/8816/files/EmIuNoiGiCungDungHN0205HNkemsau.png	https://luonvuituoi.co/products/ao-thun-em-iu-noi-gi-cung-dung	2026-06-08
Your Mum Is My Cardio	Chuyện Phòng Gym	Thun	https://cdn.shopify.com/s/files/1/0918/5597/8816/files/YourMumIsMyCardioHN0200HNdensau.png	https://luonvuituoi.co/products/ao-thun-your-mum-is-my-cardio	2026-06-08
Your Dad Is My Cardio	Chuyện Phòng Gym	Thun	https://cdn.shopify.com/s/files/1/0918/5597/8816/files/YourDadIsMyCardioHN0199HNdensau.png	https://luonvuituoi.co/products/ao-thun-your-dad-is-my-cardio	2026-06-08
Wake	Chuyện Phòng Gym	Thun	https://cdn.shopify.com/s/files/1/0918/5597/8816/files/WakeHN0203HNkemsau.png	https://luonvuituoi.co/products/ao-thun-wake	2026-06-08
Need Money For Protein	Chuyện Phòng Gym	Thun	https://cdn.shopify.com/s/files/1/0918/5597/8816/files/NeedMoneyForProteinHN0201HNtr_ngsau.png	https://luonvuituoi.co/products/ao-thun-need-money-for-protein	2026-06-08
Lifting Things	Chuyện Phòng Gym	Thun	https://cdn.shopify.com/s/files/1/0918/5597/8816/files/LiftingThingsHN0204HNd_tr_c.png	https://luonvuituoi.co/products/ao-thun-lifting-things	2026-06-08
Gymrat Lover	Chuyện Phòng Gym	Thun	https://cdn.shopify.com/s/files/1/0918/5597/8816/files/GymratLoverHN0202HNdensau.png	https://luonvuituoi.co/products/ao-thun-gymrat-lover	2026-06-08
Thêm Phát Nữa Đi Em	Chuyện Phòng Gym	Thun	https://cdn.shopify.com/s/files/1/0918/5597/8816/files/ThemPhatN_aDiEmHN0198HNdensau.png	https://luonvuituoi.co/products/ao-thun-them-phat-nữa-di-em	2026-06-06
Không Đau Không Cơ Bắp	Chuyện Phòng Gym	Thun	https://cdn.shopify.com/s/files/1/0918/5597/8816/files/KhongDauKhongC_B_pHN0197HNkemsau.png	https://luonvuituoi.co/products/ao-thun-khong-dau-khong-cơ-bắp	2026-06-06
Tiền Đình	Lifey Stuff	Thun	https://cdn.shopify.com/s/files/1/0918/5597/8816/files/kemsau_cbc5c2be-912c-40ac-8a90-ccedced291c5.png	https://luonvuituoi.co/products/ao-thun-tiền-dinh	2026-06-06
Suy Nghĩ	Lifey Stuff	Thun	https://cdn.shopify.com/s/files/1/0918/5597/8816/files/tr_ngsau_aec7f8df-09b7-44d7-a6e9-30b65b3f75d0.png	https://luonvuituoi.co/products/ao-thun-suy-nghi	2026-06-06
No Girlfriend	Couple Goals	Thun	https://cdn.shopify.com/s/files/1/0918/5597/8816/files/d_tr_c_8aaded4d-b9ed-4fed-8093-48d5aa9c09bb.png	https://luonvuituoi.co/products/ao-thun-no-girlfriend	2026-06-06
No Boyfriend	Couple Goals	Thun	https://cdn.shopify.com/s/files/1/0918/5597/8816/files/kemtr_c_c3beb0fc-c1d5-409a-ae6b-9719369ea29f.png	https://luonvuituoi.co/products/ao-thun-no-boyfriend	2026-06-06
My Girl Friend Dep Vcl	Couple Goals	Thun	https://cdn.shopify.com/s/files/1/0918/5597/8816/files/dentr_c_1307b014-73ce-4dcf-aaa1-172c54760350.png	https://luonvuituoi.co/products/ao-thun-my-girl-friend-dep-vcl	2026-06-06
My Boy Friend Dep Zai Vcl	Couple Goals	Thun	https://cdn.shopify.com/s/files/1/0918/5597/8816/files/h_ngtr_c_dc5edce2-9267-4a31-857c-56addb578c81.png	https://luonvuituoi.co/products/ao-thun-my-boy-friend-dep-zai-vcl	2026-06-06
Top Mạnh Nhất	Đời Game Thủ	Thun	https://cdn.shopify.com/s/files/1/0918/5597/8816/files/navysau_1da1bd60-2604-4154-9c49-e78ca7440208.png	https://luonvuituoi.co/products/ao-thun-top-mạnh-nhất	2026-06-06
Nốt Ván Rồi Đi Ngủ	Đời Game Thủ	Thun	https://cdn.shopify.com/s/files/1/0918/5597/8816/files/densau_30b771cc-b15d-4549-baff-0879bf00ec27.png	https://luonvuituoi.co/products/ao-thun-nốt-van-rồi-di-ngủ	2026-06-06
Bot Mạnh Nhất	Đời Game Thủ	Thun	https://cdn.shopify.com/s/files/1/0918/5597/8816/files/densau_40d3b4bf-aa4a-43c8-abe4-713249140f67.png	https://luonvuituoi.co/products/ao-thun-bot-mạnh-nhất	2026-06-06
Mid Mạnh Nhất	Đời Game Thủ	Thun	https://cdn.shopify.com/s/files/1/0918/5597/8816/files/d_sau_bbe36579-70e4-4f02-b210-fdff42dd3e3e.png	https://luonvuituoi.co/products/ao-thun-mid-mạnh-nhất	2026-06-06
Auto Min	Đời Game Thủ	Ringer;Thun	https://cdn.shopify.com/s/files/1/0918/5597/8816/files/denc_tr_ngsau_4303a3f4-c5b6-431d-bf15-2edc9e9f061e.jpg	https://luonvuituoi.co/products/ao-thun-ringer-relaxed-fit-auto-min	2026-04-24
Hở Là Nhắn Chắc Hẳn Là Nhớ	Đũy Mèo	Thun	https://cdn.shopify.com/s/files/1/0918/5597/8816/files/Dentr_c_3f6a199d-3593-4b8d-a91d-5d16f85d235d.png	https://luonvuituoi.co/products/ao-thun-hở-la-nhắn-chắc-hẳn-la-nhớ	2026-06-06
Sung Sức	Fruitland	Ringer;Thun	https://cdn.shopify.com/s/files/1/0918/5597/8816/files/MH2354MHtr_ngc_dentr_c_9d885c53-f7fa-41a9-aad6-1fa05e1c72c9.jpg	https://luonvuituoi.co/products/ao-thun-ringer-relaxed-fit-sung-sức	2026-06-01
Thơm Thor	Fruitland	Ringer;Thun	https://cdn.shopify.com/s/files/1/0918/5597/8816/files/MH3073MHtr_ngc_dentr_c.jpg	https://luonvuituoi.co/products/ao-thun-ringer-relaxed-fit-thơm-thor	2026-06-01
Winner Winner Chicken Dinner	Đời Game Thủ	Ringer;Ba lỗ;Dài tay;Thun	https://cdn.shopify.com/s/files/1/0918/5597/8816/files/MH2319MHdenc_tr_ngsau.jpg	https://luonvuituoi.co/products/ao-thun-ringer-relaxed-fit-winner-winner-chicken-dinner	2025-12-12
Top 1 Winner	Đời Game Thủ	Ringer;Ba lỗ;Dài tay;Thun	https://cdn.shopify.com/s/files/1/0918/5597/8816/files/MH2322MHdenc_tr_ngsau.jpg	https://luonvuituoi.co/products/ao-thun-ringer-relaxed-fit-top-1-winner	2025-12-16
Slay Demacia	Đời Game Thủ	Ringer;Ba lỗ;Thun	https://cdn.shopify.com/s/files/1/0918/5597/8816/files/MH2354MHtr_ngc_dentr_c.jpg	https://luonvuituoi.co/products/ao-thun-ringer-relaxed-fit-slay-demacia	2025-12-26
Slay Boss	Đời Game Thủ	Ringer;Ba lỗ;Thun	https://cdn.shopify.com/s/files/1/0918/5597/8816/files/MH2353MHtr_ngc_dentr_c.jpg	https://luonvuituoi.co/products/ao-thun-ringer-relaxed-fit-slay-boss	2025-12-26
Quấn Quýt	Fruitland	Ringer;Thun	https://cdn.shopify.com/s/files/1/0918/5597/8816/files/MH3083MHtr_ngc_dentr_c.jpg	https://luonvuituoi.co/products/ao-thun-ringer-relaxed-fit-sieu-thu	2026-06-03
Siêu Thú	Đời Game Thủ	Ringer;Ba lỗ;Thun	https://cdn.shopify.com/s/files/1/0918/5597/8816/files/MH2903MHdenc_tr_ngsau_1492c130-f986-4b7f-84fa-bf79d306c7da.jpg	https://luonvuituoi.co/products/ao-thun-ringer-relaxed-fit-sieu-thu-1	2026-04-09
Truyền Matcha	Nhâm Nhi	Thun	https://cdn.shopify.com/s/files/1/0918/5597/8816/files/xamsau_8a79477f-a8db-4484-8bd0-e8a8378a1997.png	https://luonvuituoi.co/products/ao-thun-truyền-matcha	2026-06-05
Phá Đảo	Đời Game Thủ	Ringer;Ba lỗ;Dài tay;Thun	https://cdn.shopify.com/s/files/1/0918/5597/8816/files/MH2321MHtr_ngc_dentr_c_ad073328-44c4-41b3-bb4b-d2b2d54e5524.jpg	https://luonvuituoi.co/products/ao-thun-ringer-relaxed-fit-pha-dảo	2025-12-16
Truyền Cà Phê	Nhâm Nhi	Thun	https://cdn.shopify.com/s/files/1/0918/5597/8816/files/vangsau_661d9884-c9af-4f68-89b6-562bd1b29582.png	https://luonvuituoi.co/products/ao-thun-truyền-ca-phe	2026-06-05
Only Teamfight Tactics	Đời Game Thủ	Ringer;Ba lỗ;Dài tay;Thun	https://cdn.shopify.com/s/files/1/0918/5597/8816/files/MH2351MHtr_ngc_dentr_c.jpg	https://luonvuituoi.co/products/ao-thun-ringer-relaxed-fit-only-teamfight-tactics	2025-12-25
Only League Of Legends	Đời Game Thủ	Ringer;Ba lỗ;Thun	https://cdn.shopify.com/s/files/1/0918/5597/8816/files/MH2350MHtr_ngc_dentr_c.jpg	https://luonvuituoi.co/products/ao-thun-ringer-relaxed-fit-only-league-of-legends	2025-12-25
Only Aram	Đời Game Thủ	Ringer;Ba lỗ;Thun	https://cdn.shopify.com/s/files/1/0918/5597/8816/files/MH2357MHtr_ngc_dentr_c.jpg	https://luonvuituoi.co/products/ao-thun-ringer-relaxed-fit-only-aram	2025-12-31
Need Money For Reroll	Đời Game Thủ	Ringer;Thun	https://cdn.shopify.com/s/files/1/0918/5597/8816/files/MH2902MHdenc_tr_ngsau.jpg	https://luonvuituoi.co/products/ao-thun-ringer-relaxed-fit-need-money-for-reroll	2026-04-09
My Life	Đời Game Thủ	Ringer;Thun	https://cdn.shopify.com/s/files/1/0918/5597/8816/files/MH2555MHtr_ngc_dentr_c.jpg	https://luonvuituoi.co/products/ao-thun-ringer-relaxed-fit-my-life	2026-02-03
Mơ Màng	Fruitland	Ringer;Thun	https://cdn.shopify.com/s/files/1/0918/5597/8816/files/MH3082MHtr_ngc_dentr_c.jpg	https://luonvuituoi.co/products/ao-thun-ringer-relaxed-fit-mơ-mang	2026-06-03
Mít Ướt	Fruitland	Ringer;Thun	https://cdn.shopify.com/s/files/1/0918/5597/8816/files/MH3081MHtr_ngc_dentr_c.jpg	https://luonvuituoi.co/products/ao-thun-ringer-relaxed-fit-mit-ướt	2026-06-03
Mission Passed	Đời Game Thủ	Ringer;Ba lỗ;Thun	https://cdn.shopify.com/s/files/1/0918/5597/8816/files/MH2833MHtr_ngc_dentr_c.jpg	https://luonvuituoi.co/products/ao-thun-ringer-relaxed-fit-mission-passed	2026-03-20
Mecha	Đời Game Thủ	Ringer;Thun	https://cdn.shopify.com/s/files/1/0918/5597/8816/files/MH2904MHdenc_tr_ngsau.jpg	https://luonvuituoi.co/products/ao-thun-ringer-relaxed-fit-mecha	2026-04-10
Mấy Con Gà Thì Biết Gì	Đời Game Thủ	Ringer;Thun	https://cdn.shopify.com/s/files/1/0918/5597/8816/files/MH2253MHdenc_tr_ngsau.jpg	https://luonvuituoi.co/products/ao-thun-ringer-relaxed-fit-mấy-con-ga-thi-biết-gi	2025-11-28
Lựu Đạn	Fruitland	Ringer;Thun	https://cdn.shopify.com/s/files/1/0918/5597/8816/files/MH3080MHtr_ngc_dentr_c.jpg	https://luonvuituoi.co/products/ao-thun-ringer-relaxed-fit-lựu-dạn	2026-06-03
Lũ Ngựa Ép Tôi	Đời Game Thủ	Ringer;Thun	https://cdn.shopify.com/s/files/1/0918/5597/8816/files/MH2897MHtr_ngc_dentr_c.jpg	https://luonvuituoi.co/products/ao-thun-ringer-relaxed-fit-lu-ngựa-ep-toi	2026-04-09
Lê Latte	Fruitland	Ringer	https://cdn.shopify.com/s/files/1/0918/5597/8816/files/MH3078MHtr_ngc_dentr_c.jpg	https://luonvuituoi.co/products/ao-thun-ringer-relaxed-fit-le-latte	2026-06-05
Jungler I Like Bushes	Đời Game Thủ	Ringer;Ba lỗ;Dài tay;Thun	https://cdn.shopify.com/s/files/1/0918/5597/8816/files/MH2336MHdenc_tr_ngsau.jpg	https://luonvuituoi.co/products/ao-thun-ringer-relaxed-fit-jungler-i-like-bushes	2025-12-23
Jinx Quậy Banh Nóc	Đời Game Thủ	Ringer;Thun	https://cdn.shopify.com/s/files/1/0918/5597/8816/files/MH2759MHtr_ngc_dentr_c.jpg	https://luonvuituoi.co/products/ao-thun-ringer-relaxed-fit-jinx-quậy-banh-noc	2026-03-19
GTA Hai Phong City	Đời Game Thủ	Ringer;Ba lỗ;Thun	https://cdn.shopify.com/s/files/1/0918/5597/8816/files/MH2813MHdenc_tr_ngsau.jpg	https://luonvuituoi.co/products/ao-thun-ringer-relaxed-fit-gta-hai-phong-city	2026-03-20
Faker Is Calling	Đời Game Thủ	Ringer;Ba lỗ;Thun	https://cdn.shopify.com/s/files/1/0918/5597/8816/files/MH2486MHtr_ngc_dentr_c.jpg	https://luonvuituoi.co/products/ao-thun-ringer-relaxed-fit-faker-is-calling	2026-01-20
Ez Game	Đời Game Thủ	Ringer;Ba lỗ;Thun	https://cdn.shopify.com/s/files/1/0918/5597/8816/files/MH2364MHtr_ngc_dentr_c.jpg	https://luonvuituoi.co/products/ao-thun-ringer-relaxed-fit-ez-game	2025-12-31
Diệt Khổng Lồ Ánh Sáng	Đời Game Thủ	Ringer;Ba lỗ;Thun	https://cdn.shopify.com/s/files/1/0918/5597/8816/files/MH2485MHtr_ngc_dentr_c.jpg	https://luonvuituoi.co/products/ao-thun-ringer-relaxed-fit-diệt-khổng-lồ-anh-sang	2026-01-20
Đậu Má	Fruitland	Ringer;Thun	https://cdn.shopify.com/s/files/1/0918/5597/8816/files/MH3077MHtr_ngc_dentr_c.jpg	https://luonvuituoi.co/products/ao-thun-ringer-relaxed-fit-dậu-ma	2026-06-03
Cóc Có Tin	Fruitland	Ringer;Thun	https://cdn.shopify.com/s/files/1/0918/5597/8816/files/MH3076MHtr_ngc_dentr_c.jpg	https://luonvuituoi.co/products/ao-thun-ringer-relaxed-fit-coc-co-tin	2026-06-03
Chú Bé Tê Liệt	Đời Game Thủ	Ringer;Ba lỗ;Dài tay;Thun	https://cdn.shopify.com/s/files/1/0918/5597/8816/files/MH2232MHdenc_tr_ngsau.jpg	https://luonvuituoi.co/products/ao-thun-ringer-relaxed-fit-chu-be-te-liệt	2025-11-15
Cái Đồ Óc Chó	Fruitland	Ringer;Thun	https://cdn.shopify.com/s/files/1/0918/5597/8816/files/MH3075MHtr_ngc_dentr_c.jpg	https://luonvuituoi.co/products/ao-thun-ringer-relaxed-fit-cai-dồ-oc-cho	2026-06-03
Best Yasuo	Đời Game Thủ	Ringer;Ba lỗ;Thun	https://cdn.shopify.com/s/files/1/0918/5597/8816/files/MH2363MHdenc_tr_ngsau.jpg	https://luonvuituoi.co/products/ao-thun-ringer-relaxed-fit-best-yasuo	2025-12-31
Bầu Đuồi	Fruitland	Ringer;Thun	https://cdn.shopify.com/s/files/1/0918/5597/8816/files/MH3074MHtr_ngc_dentr_c.jpg	https://luonvuituoi.co/products/ao-thun-ringer-relaxed-fit-bầu-duồi	2026-06-03
Aram Is My Ranked	Đời Game Thủ	Ringer;Ba lỗ;Dài tay;Thun	https://cdn.shopify.com/s/files/1/0918/5597/8816/files/MH2317MHtr_ngc_densau.jpg	https://luonvuituoi.co/products/ao-thun-ringer-relaxed-fit-aram-is-my-ranked	2025-12-12
You High	Nhả Khói	Ringer;Ba lỗ;Thun	https://cdn.shopify.com/s/files/1/0918/5597/8816/files/tr_ngc_dentr_c_f2abe9b1-ccb0-41e3-9c6f-27826c0aeb37.jpg	https://luonvuituoi.co/products/ao-thun-ringer-relaxed-fit-you-high	2026-03-07
Xoay Vòng	Nhả Khói	Ringer;Ba lỗ;Thun	https://cdn.shopify.com/s/files/1/0918/5597/8816/files/tr_ngc_dentr_c_a7947c2e-0fcb-4fac-9e8d-7077f10493bb.jpg	https://luonvuituoi.co/products/ao-thun-ringer-relaxed-fit-xoay-vong	2026-04-21
Xì Ke	Nhả Khói	Ringer;Ba lỗ;Thun	https://cdn.shopify.com/s/files/1/0918/5597/8816/files/tr_ngc_dentr_c_cd5998ac-b4bf-4083-aa1b-f9fde8d3e7aa.jpg	https://luonvuituoi.co/products/ao-thun-ringer-relaxed-fit-xi-ke	2025-08-09
Vòng Lặp Phê La	Nhả Khói	Ringer	https://cdn.shopify.com/s/files/1/0918/5597/8816/files/tr_ngc_dentr_c_dce6534c-435a-42f1-94aa-197fabb92ef5.jpg	https://luonvuituoi.co/products/ao-thun-ringer-relaxed-fit-vong-lặp-phe-la	2026-06-05
All Random All Mid	Đời Game Thủ	Ringer;Ba lỗ;Dài tay;Thun	https://cdn.shopify.com/s/files/1/0918/5597/8816/files/MH2316MHtr_ngc_densau.jpg	https://luonvuituoi.co/products/ao-thun-ringer-relaxed-fit-all-random-all-mid	2025-12-12
5 Tiền 3 Sao	Đời Game Thủ	Ringer;Ba lỗ;Thun	https://cdn.shopify.com/s/files/1/0918/5597/8816/files/MH2348MHtr_ngc_densau.jpg	https://luonvuituoi.co/products/ao-thun-ringer-relaxed-fit-5-tiền-3-sao	2025-12-25
3 Vương Miện	Đời Game Thủ	Ringer;Thun	https://cdn.shopify.com/s/files/1/0918/5597/8816/files/MH2901MHtr_ngc_densau.jpg	https://luonvuituoi.co/products/ao-thun-ringer-relaxed-fit-3-vương-miện	2026-04-09
Ah Shit Here We Go Again	Đời Game Thủ	Ringer;Ba lỗ;Thun	https://cdn.shopify.com/s/files/1/0918/5597/8816/files/MH2823MHtr_ngc_densau.jpg	https://luonvuituoi.co/products/ao-thun-ringer-relaxed-fit-ah-shit-here-we-go-again	2026-03-20
Nôn Vào Dày	Nhâm Nhi	Thun	https://cdn.shopify.com/s/files/1/0918/5597/8816/files/NonVaoDayHT0238HTm_ttr_cden.png	https://luonvuituoi.co/products/ao-thun-non-vao-day	2026-06-05
Hội Người Lương Thấp	Job	Thun	https://cdn.shopify.com/s/files/1/0918/5597/8816/files/densau_d8eeb190-8ccc-4ff2-bf10-b1a997b8f0e1.png	https://luonvuituoi.co/products/ao-thun-hội-người-lương-thấp	2026-06-04
Say Đâu	Nhâm Nhi	Thun	https://cdn.shopify.com/s/files/1/0918/5597/8816/files/densau_7bc3ce3e-6cee-441e-ae76-21fc0ef84f2a.png	https://luonvuituoi.co/products/ao-thun-say-dau	2026-06-04
No Drunk No Frined	Nhâm Nhi	Thun	https://cdn.shopify.com/s/files/1/0918/5597/8816/files/tr_ngtr_c_925a66d0-3ba8-4ba8-8f81-5a8b143181d2.png	https://luonvuituoi.co/products/ao-thun-no-drunk-no-frined	2026-06-04
Bơi Hia	Nhâm Nhi	Thun	https://cdn.shopify.com/s/files/1/0918/5597/8816/files/kemtr_c_07671f86-4f2a-420f-92e1-5a750e692f53.png	https://luonvuituoi.co/products/ao-thun-bơi-hia	2026-06-04
Chồng Chất Deadline	Job	Thun	https://cdn.shopify.com/s/files/1/0918/5597/8816/files/Dentr_c_96cd5415-0ca7-4715-bf5d-723e66d1cd77.png	https://luonvuituoi.co/products/ao-thun-chồng-chất-deadline	2026-06-04
She Loves EXO	Băng Đĩa Hải Ngoại	Thun	https://cdn.shopify.com/s/files/1/0918/5597/8816/files/vangsau_76f5ce0b-4362-4332-a884-b57241bdec96.png	https://luonvuituoi.co/products/ao-thun-she-loves-exo	2026-06-04
She Loves Jungkook	Băng Đĩa Hải Ngoại	Thun	https://cdn.shopify.com/s/files/1/0918/5597/8816/files/ghisau_42ed555c-6fd5-4a73-aaf8-24e03d21187c.png	https://luonvuituoi.co/products/ao-thun-she-loves-jungkook	2026-06-04
Vịt Xả Stress	Nhả Khói	Ringer;Ba lỗ;Thun	https://cdn.shopify.com/s/files/1/0918/5597/8816/files/tr_ngc_dentr_c_5f16ebfd-8b08-471b-ac6e-57497aae566a.jpg	https://luonvuituoi.co/products/ao-thun-ringer-relaxed-fit-vịt-xả-stress	2026-04-17
Top Tier Mùa 17	Đời Game Thủ	Ringer;Thun	https://cdn.shopify.com/s/files/1/0918/5597/8816/files/tr_ngc_densau_19336d28-ed4c-4e54-b158-6c1299a60976.jpg	https://luonvuituoi.co/products/ao-thun-ringer-relaxed-fit-top-tier-mua-17	2026-05-20
Top Tier	Đời Game Thủ	Ringer;Ba lỗ;Dài tay;Thun	https://cdn.shopify.com/s/files/1/0918/5597/8816/files/tr_ngc_densau_450c9043-c74f-4364-9d21-8ba4de6110f0.jpg	https://luonvuituoi.co/products/ao-thun-ringer-relaxed-fit-top-tier	2025-12-25
Tom Smoker	Nhả Khói	Ringer;Ba lỗ;Thun	https://cdn.shopify.com/s/files/1/0918/5597/8816/files/tr_ngc_densau_af132f5a-7077-4334-ab5e-c85ccee29cb8.jpg	https://luonvuituoi.co/products/ao-thun-ringer-relaxed-fit-tom-smoker	2026-03-30
Tòa Sao Hiểu Được	Đời Game Thủ	Ringer	https://cdn.shopify.com/s/files/1/0918/5597/8816/files/tr_ngc_densau_9e62bb4f-8532-4cf7-acf4-cab45139e614.jpg	https://luonvuituoi.co/products/ao-thun-ringer-relaxed-fit-toa-sao-hiểu-dược	2026-06-03
Tòa Không Chơi Mùa 17	Đời Game Thủ	Ringer	https://cdn.shopify.com/s/files/1/0918/5597/8816/files/tr_ngc_densau_b0aa67c4-32d1-4af6-81c8-fc08bb3a2ca1.jpg	https://luonvuituoi.co/products/ao-thun-ringer-relaxed-fit-toa-khong-chơi-mua-17	2026-06-03
Time To Go Home	Nhả Khói	Ringer;Thun	https://cdn.shopify.com/s/files/1/0918/5597/8816/files/tr_ngc_dentr_c_75525463-0349-41de-b60b-77e5e18058f3.jpg	https://luonvuituoi.co/products/ao-thun-ringer-relaxed-fit-time-to-go-home	2026-04-25
The Groove	Nhả Khói	Ringer;Thun	https://cdn.shopify.com/s/files/1/0918/5597/8816/files/tr_ngc_dentr_c_90b867b0-33fd-4d24-be34-d886d9bf3c38.jpg	https://luonvuituoi.co/products/ao-thun-ringer-relaxed-fit-the-groove	2026-04-25
Stay Home Get High	Nhả Khói	Ringer;Thun	https://cdn.shopify.com/s/files/1/0918/5597/8816/files/tr_ngc_dentr_c_6f8ecb52-eb31-4be4-8abe-ad18c11a828c.jpg	https://luonvuituoi.co/products/ao-thun-ringer-relaxed-fit-stay-home-get-high	2026-04-25
Stay High	Nhả Khói	Ringer;Thun	https://cdn.shopify.com/s/files/1/0918/5597/8816/files/tr_ngc_dentr_c_a015f0e6-a516-467e-815e-99b3d98b6fe7.jpg	https://luonvuituoi.co/products/ao-thun-ringer-relaxed-fit-stay-high	2026-04-25
Sống Lương Thiện	Nhả Khói;Trơi Bời	Ringer;Ba lỗ;Dài tay;Thun	https://cdn.shopify.com/s/files/1/0918/5597/8816/files/tr_ngc_densau_82393533-1cfc-49c9-b74c-109488d765f4.jpg	https://luonvuituoi.co/products/ao-thun-ringer-relaxed-fit-sống-lương-thiện	2025-07-07
Snoop Dogg THC	Nhả Khói;Trơi Bời	Ringer;Ba lỗ;Thun	https://cdn.shopify.com/s/files/1/0918/5597/8816/files/tr_ngc_dentr_c_f1cd2f85-1383-4596-bea3-0a7e39a24c8c.jpg	https://luonvuituoi.co/products/ao-thun-ringer-relaxed-fit-snoop-dogg-thc	2025-06-20
Người Ngoài Lang Thang	Nhả Khói	Ringer	https://cdn.shopify.com/s/files/1/0918/5597/8816/files/tr_ngc_dentr_c_92ce61f5-730c-44cf-b124-486531305f53.jpg	https://luonvuituoi.co/products/ao-thun-ringer-relaxed-fit-người-ngoai-lang-thang	2026-06-03
Người Nghẹo Thuốc Lào	Nhả Khói	Ringer;Ba lỗ;Thun	https://cdn.shopify.com/s/files/1/0918/5597/8816/files/tr_ngc_densau_fb28cbe0-7b70-40a7-91b9-0c6a6d24f9f8.jpg	https://luonvuituoi.co/products/ao-thun-ringer-relaxed-fit-người-nghẹo-thuốc-lao	2026-04-21
Người Hay Ho	Nhả Khói	Ringer;Ba lỗ;Thun	https://cdn.shopify.com/s/files/1/0918/5597/8816/files/tr_ngc_densau_3d8a3078-1831-4abf-9d26-abd541663044.jpg	https://luonvuituoi.co/products/ao-thun-ringer-relaxed-fit-người-hay-ho	2026-04-17
Người Có Sức Hút Thuốc Lào	Nhả Khói	Ringer;Thun	https://cdn.shopify.com/s/files/1/0918/5597/8816/files/tr_ngc_densau_747c8509-ffa7-4abf-9cda-7ef5458a7d08.jpg	https://luonvuituoi.co/products/ao-thun-ringer-relaxed-fit-người-co-sức-hut-thuốc-lao	2026-05-25
Người Có Sức Hút	Nhả Khói	Ringer;Ba lỗ;Thun	https://cdn.shopify.com/s/files/1/0918/5597/8816/files/tr_ngc_densau_915bb7a6-02c4-41cd-833d-cb80fbb29c62.jpg	https://luonvuituoi.co/products/ao-thun-ringer-relaxed-fit-người-co-sức-hut	2026-04-17
Nghẹo Thủ	Đời Game Thủ	Ringer;Ba lỗ;Dài tay;Thun	https://cdn.shopify.com/s/files/1/0918/5597/8816/files/tr_ngc_densau_33a59173-184a-4434-9765-2c5d30a19b81.jpg	https://luonvuituoi.co/products/ao-thun-ringer-relaxed-fit-nghẹo-thủ-1	2025-12-03
Nghẹo Thủ Mùa 17	Đời Game Thủ	Ringer;Thun	https://cdn.shopify.com/s/files/1/0918/5597/8816/files/tr_ngc_densau_a548649f-5c9a-43c4-ae46-73005e41b35f.jpg	https://luonvuituoi.co/products/ao-thun-ringer-relaxed-fit-nghẹo-thủ-copy	2026-04-22
Marihuanix	Nhả Khói	Ringer;Thun	https://cdn.shopify.com/s/files/1/0918/5597/8816/files/tr_ngc_dentr_c_ef02f0c0-4b7b-42ba-a6b8-0896200d30fe.jpg	https://luonvuituoi.co/products/ao-thun-ringer-relaxed-fit-marihuanix	2026-04-25
I Just Got A Cigarette	Nhả Khói;Túi Tote	Ringer;Tote;Ba lỗ;Thun	https://cdn.shopify.com/s/files/1/0918/5597/8816/files/tr_ngc_dentr_c_9b142f6d-7bbc-4cdc-893c-0b08d25459d5.jpg	https://luonvuituoi.co/products/ao-thun-ringer-relaxed-fit-i-just-got-a-cigarette	2026-04-21
Happy Time	Nhả Khói	Ringer;Ba lỗ;Thun	https://cdn.shopify.com/s/files/1/0918/5597/8816/files/tr_ngc_dentr_c_b97cf61e-3ada-429d-875f-8e6cb0e132db.jpg	https://luonvuituoi.co/products/ao-thun-ringer-relaxed-fit-happy-time	2026-04-17
Bay Cao Dunk Mạnh	Bóng Rổ	Thun	https://cdn.shopify.com/s/files/1/0918/5597/8816/files/BayCaoDunkM_nhHN0183HNdensau.png	https://luonvuituoi.co/products/ao-thun-bay-cao-dunk-mạnh	2026-06-03
Slam Dunk	Bóng Rổ	Thun	https://cdn.shopify.com/s/files/1/0918/5597/8816/files/kemtr_c_d53f7275-41ad-460f-9acd-af140b46b8bf.png	https://luonvuituoi.co/products/ao-thun-slam-dunk	2026-06-03
Gọi Cho Em	Nhả Khói	Ringer;Ba lỗ;Thun	https://cdn.shopify.com/s/files/1/0918/5597/8816/files/tr_ngc_densau_b44d6998-a62d-4214-8aac-7cc0a63cbc38.jpg	https://luonvuituoi.co/products/ao-thun-ringer-relaxed-fit-gọi-cho-em	2026-04-21
Gọi Cho Anh	Nhả Khói;Trơi Bời	Ringer;Ba lỗ;Dài tay;Thun	https://cdn.shopify.com/s/files/1/0918/5597/8816/files/tr_ngc_densau_43f815ce-2e3a-4538-9477-9a5495c90058.jpg	https://luonvuituoi.co/products/ao-thun-ringer-relaxed-fit-gọi-cho-anh	2025-07-11
Dont Panic	Nhả Khói	Ringer;Ba lỗ;Thun	https://cdn.shopify.com/s/files/1/0918/5597/8816/files/tr_ngc_densau_a1b5aca7-6895-4750-9816-780631dfc6a2.jpg	https://luonvuituoi.co/products/ao-thun-ringer-relaxed-fit-dont-panic	2026-04-17
Don't Do Drug	Nhả Khói	Ringer;Ba lỗ;Thun	https://cdn.shopify.com/s/files/1/0918/5597/8816/files/tr_ngc_dentr_c_ea52eecc-0e08-4a7a-b80a-12e15c56c078.jpg	https://luonvuituoi.co/products/ao-thun-ringer-relaxed-fit-dont-do-drug	2025-07-25
Co Ke	Nhả Khói;Trơi Bời	Ringer;Ba lỗ;Dài tay;Thun	https://cdn.shopify.com/s/files/1/0918/5597/8816/files/tr_ngc_dentr_c_7a6e0d3b-bb68-4488-85fa-007265a91760.jpg	https://luonvuituoi.co/products/ao-thun-ringer-relaxed-fit-co-ke	2025-12-11
Chill Long	Nhả Khói	Ringer;Ba lỗ;Thun	https://cdn.shopify.com/s/files/1/0918/5597/8816/files/tr_ngc_densau_e47e5351-2261-4412-9ba2-3231b71cbb15.jpg	https://luonvuituoi.co/products/ao-thun-ringer-relaxed-fit-chill-long	2026-02-07
Bữa Sáng	Nhả Khói	Ringer;Ba lỗ;Thun	https://cdn.shopify.com/s/files/1/0918/5597/8816/files/tr_ngc_dentr_c_67142185-66d4-413e-ae68-27927c7467aa.jpg	https://luonvuituoi.co/products/ao-thun-ringer-relaxed-fit-bữa-sang	2026-04-21
Em Xinh Không Dink	Nhâm Nhi;Túi Tote;Pickleball	Ringer;Tote;Thun	https://cdn.shopify.com/s/files/1/0918/5597/8816/files/tr_ngc_densau_90983bc0-19d8-45ff-921d-95d107fe500b.jpg	https://luonvuituoi.co/products/ao-thun-ringer-relaxed-fit-em-xinh-khong-dink	2026-05-19
Đep Trai Không Drive	Nhâm Nhi	Ringer	https://cdn.shopify.com/s/files/1/0918/5597/8816/files/tr_ngc_densau_7ff4b8b3-78a0-4cdb-93ae-3d5c145d2834.jpg	https://luonvuituoi.co/products/ao-thun-ringer-relaxed-fit-dep-trai-khong-drive	2026-06-03
Sự Nuông Chiều Tạo Ra Kẻ Anh Ơi	Love Bites	Thun;Ringer;Ba lỗ;Dài tay	https://cdn.shopify.com/s/files/1/0918/5597/8816/files/dentr_c_030b3715-fce5-4e7c-ae03-3928ffbcb040.png	https://luonvuituoi.co/products/ao-thun-sự-nuong-chiều-tạo-ra-kẻ-anh-ơi	2026-01-05
Anh Ơi	Love Bites	Thun;Ringer;Ba lỗ;Dài tay	https://cdn.shopify.com/s/files/1/0918/5597/8816/files/dentr_c_57c0b70f-0171-46ad-9ddb-97d02e3da603.png	https://luonvuituoi.co/products/ao-thun-anh-ơi	2026-01-05
Đẹp và dam-dang	Trơi Bời	Thun	https://cdn.shopify.com/s/files/1/0918/5597/8816/files/dentr_c_727eebb9-6468-4120-a9b6-de96e31c07cc.png	https://luonvuituoi.co/products/ao-thun-dẹp-va-dam-dang	2026-06-03
Sống Để Bụng Stress Mang Theo	Lifey Stuff	Thun	https://cdn.shopify.com/s/files/1/0918/5597/8816/files/kemtr_c_51c7d260-5239-4ca1-8cb7-c43f5a6a7d3f.png	https://luonvuituoi.co/products/ao-thun-sống-dể-bụng-stress-mang-theo	2026-06-03
Cỏ Cải Đậu Bưởi	Fruitland	Thun;Ba lỗ;Ringer	https://cdn.shopify.com/s/files/1/0918/5597/8816/files/tr_ngtr_c_8cd41885-e684-408d-8c4b-6d603e391abe.png	https://luonvuituoi.co/products/ao-thun-cỏ-cải-dậu-bưởi	2026-05-13
Chị Ngã Em Nâng	Đũy Mèo	Thun;Ba lỗ;Dài tay	https://cdn.shopify.com/s/files/1/0918/5597/8816/files/Tr_ngtr_c_bf505fdb-5176-4d7e-bd28-98007221c79e.png	https://luonvuituoi.co/products/ao-thun-chị-nga-em-nang	2025-12-24
Xin Em Đừng Lốp	Pickleball	Thun;Ringer;Ba lỗ	https://cdn.shopify.com/s/files/1/0918/5597/8816/files/m_tsaukem_00e69e45-f450-4ac4-9b38-572e4d5c3b86.png	https://luonvuituoi.co/products/ao-thun-xin-em-dừng-lốp	2026-04-18
Xin Anh Đừng Lốp	Pickleball	Thun;Ringer;Ba lỗ	https://cdn.shopify.com/s/files/1/0918/5597/8816/files/m_tsaukem_11c225ee-ae04-445a-b4b7-244c8d055d11.png	https://luonvuituoi.co/products/ao-thun-xin-anh-dừng-lốp-ht0107ht	2026-04-18
Sếp Đã Nói Vậy	Job	Thun	https://cdn.shopify.com/s/files/1/0918/5597/8816/files/saukem_d54dd2b3-7a94-4f05-a34c-d703bdda6c56.png	https://luonvuituoi.co/products/ao-thun-sếp-da-noi-vậy	2026-06-03
Trầm Tính Ít Nói	Lifey Stuff	Thun;Ba lỗ;Ringer;Dài tay	https://cdn.shopify.com/s/files/1/0918/5597/8816/files/kemtr_c_6e4a8630-4bf7-4b9a-bc62-f64872d17122.png	https://luonvuituoi.co/products/ao-thun-trầm-tinh-it-noi	2025-12-23
Lê Late	Fruitland	Thun	https://cdn.shopify.com/s/files/1/0918/5597/8816/files/kemtr_c_3b183530-57d0-41c2-8885-eff305ba6ed3.png	https://luonvuituoi.co/products/ao-thun-le-late	2026-06-03
Airball	Bóng Rổ	Thun	https://cdn.shopify.com/s/files/1/0918/5597/8816/files/AirballHT0235HTm_tsaukem.png	https://luonvuituoi.co/products/ao-thun-airball	2026-06-02
Show Me	Bóng Rổ	Thun	https://cdn.shopify.com/s/files/1/0918/5597/8816/files/ShowMeHT0230HTm_tsaukem.png	https://luonvuituoi.co/products/ao-thun-show-me	2026-06-02
Boy Baller	Bóng Rổ	Thun	https://cdn.shopify.com/s/files/1/0918/5597/8816/files/BoyBallerHT0229HTm_tsaukem.png	https://luonvuituoi.co/products/ao-thun-boy-baller	2026-06-02
Goat Lebron	Bóng Rổ	Thun	https://cdn.shopify.com/s/files/1/0918/5597/8816/files/m_tsauden_0c6b6f39-3a43-4c1b-bd0d-fb3beff79da1.png	https://luonvuituoi.co/products/ao-thun-goat-lebron	2026-06-02
Goat Jordan	Bóng Rổ	Thun	https://cdn.shopify.com/s/files/1/0918/5597/8816/files/m_tsauden_0a9b9e34-1e99-4008-9908-8c7bb41b47b6.png	https://luonvuituoi.co/products/ao-thun-goat-jordan	2026-06-02
Em Ném Đi Đâu Thế	Bóng Rổ	Thun	https://cdn.shopify.com/s/files/1/0918/5597/8816/files/m_tsauden_ea527c65-8f83-4d95-8153-d63a942c5ccc.png	https://luonvuituoi.co/products/ao-thun-em-nem-di-dau-thế	2026-06-02
Vua Ném 3	Bóng Rổ	Thun	https://cdn.shopify.com/s/files/1/0918/5597/8816/files/VuaNem3HT0237HTm_ttr_cden.png	https://luonvuituoi.co/products/ao-thun-vua-nem-3	2026-06-02
Baller Menu	Bóng Rổ	Thun	https://cdn.shopify.com/s/files/1/0918/5597/8816/files/BallerMenuHT0236HTd_tr_c.png	https://luonvuituoi.co/products/ao-thun-baller-menu	2026-06-02
DNA Basketball	Bóng Rổ	Thun	https://cdn.shopify.com/s/files/1/0918/5597/8816/files/DNABasketballHT0234HTm_ttr_cden.png	https://luonvuituoi.co/products/ao-thun-dna-basketball	2026-06-02
Basketball Is My Heartbeat	Bóng Rổ	Thun	https://cdn.shopify.com/s/files/1/0918/5597/8816/files/BasketballIsMyHeartbeatHT0233HTm_ttr_ckem.png	https://luonvuituoi.co/products/ao-thun-basketball-is-my-heartbeat	2026-06-02
Basketball	Bóng Rổ	Thun	https://cdn.shopify.com/s/files/1/0918/5597/8816/files/BasketballHT0232HTm_ttr_ckem.png	https://luonvuituoi.co/products/ao-thun-basketball	2026-06-02
Shoot It To Death	Bóng Rổ	Thun	https://cdn.shopify.com/s/files/1/0918/5597/8816/files/ShootItToDeathHT0231HTm_ttr_cden.png	https://luonvuituoi.co/products/ao-thun-shoot-it-to-death	2026-06-02
Les Parisiens	Bóng Đá	Thun	https://cdn.shopify.com/s/files/1/0918/5597/8816/files/m_tsauden_e20c3e31-bb26-4993-befe-c889722ff95a.png	https://luonvuituoi.co/products/ao-thun-les-parisiens	2026-06-02
Để Mai Tính	Lifey Stuff	Thun	https://cdn.shopify.com/s/files/1/0918/5597/8816/files/vangsau_97213998-f700-40d2-a951-c337b1da83a0.png	https://luonvuituoi.co/products/ao-thun-dể-mai-tinh	2026-06-02
Trụ Cột	Couple Goals	Thun	https://cdn.shopify.com/s/files/1/0918/5597/8816/files/dentr_c_d1db4e7f-ff87-4a81-b236-3f6fb685512b.png	https://luonvuituoi.co/products/ao-thun-trụ-cột	2026-06-02
Somebody Problem	Couple Goals;Love Bites	Thun;Ringer;Dài tay	https://cdn.shopify.com/s/files/1/0918/5597/8816/files/dentr_c_74aeb9db-748e-46db-9743-d609eac4d458.png	https://luonvuituoi.co/products/ao-thun-somebody-problem-1	2026-01-05
Quay Đầu Là Gối	Lifey Stuff	Thun	https://cdn.shopify.com/s/files/1/0918/5597/8816/files/kemtr_c_55a911a5-b235-430c-b535-86b5ce15a05a.png	https://luonvuituoi.co/products/ao-thun-quay-dầu-la-gối	2026-06-02
Somebody	Couple Goals;Love Bites	Thun;Ringer;Dài tay	https://cdn.shopify.com/s/files/1/0918/5597/8816/files/kemtr_c_e9a8a26b-f7b4-49af-aab2-beccb0e11462.png	https://luonvuituoi.co/products/ao-thun-somebody-1	2026-01-05
Sợ Mất Em	Couple Goals;Love Bites	Thun;Dài tay	https://cdn.shopify.com/s/files/1/0918/5597/8816/files/tr_ngsau_2437aa5b-ac49-44b5-83ab-d2646ad0a936.png	https://luonvuituoi.co/products/ao-thun-sợ-mất-em	2025-12-24
Sợ Mất Anh	Couple Goals;Love Bites	Thun;Dài tay	https://cdn.shopify.com/s/files/1/0918/5597/8816/files/densau_588dd0be-7f0d-49ed-a09b-1a3dbd5f35b5.png	https://luonvuituoi.co/products/ao-thun-sợ-mất-anh	2025-12-24
Ông Xã	Couple Goals	Thun	https://cdn.shopify.com/s/files/1/0918/5597/8816/files/m_ttr_cden_50d272fd-7b25-49a4-8034-d2dc61890497.png	https://luonvuituoi.co/products/ao-thun-ong-xa	2026-06-01
Nóc Nhà	Couple Goals	Thun	https://cdn.shopify.com/s/files/1/0918/5597/8816/files/tr_ngtr_c_fa4e411c-ffcb-4155-885a-7bfc4bc718e4.png	https://luonvuituoi.co/products/ao-thun-noc-nha	2026-06-01
Người Nhỏ	Couple Goals	Thun	https://cdn.shopify.com/s/files/1/0918/5597/8816/files/tr_ngtr_c_96176893-fe26-4b1d-a020-fff2bf85f007.png	https://luonvuituoi.co/products/ao-thun-người-nhỏ	2026-06-01
Người Lớn	Couple Goals	Thun	https://cdn.shopify.com/s/files/1/0918/5597/8816/files/tr_ngtr_c_b1d78e55-3e6d-43c8-9f04-83df40a22470.png	https://luonvuituoi.co/products/ao-thun-người-lớn	2026-06-01
My Wife Knows Everything	Couple Goals	Thun	https://cdn.shopify.com/s/files/1/0918/5597/8816/files/tr_ngtr_c_f456a7f2-a7f0-46a3-a6fd-c4a04a32d95c.png	https://luonvuituoi.co/products/ao-thun-my-wife-knows-everything	2026-06-01
My Husband Knows Everything	Couple Goals	Thun	https://cdn.shopify.com/s/files/1/0918/5597/8816/files/dentr_c_d135e224-f33f-4d5f-8229-f303ba40404e.png	https://luonvuituoi.co/products/ao-thun-my-husband-knows-everything	2026-06-01
My Boyfriend	Couple Goals;Love Bites	Thun;Dài tay	https://cdn.shopify.com/s/files/1/0918/5597/8816/files/tr_ngtr_c_2bbb169a-cebf-4d4b-ab38-a0fff0eeb581.png	https://luonvuituoi.co/products/ao-thun-my-boyfriend	2026-01-05
My Girlfriend	Couple Goals;Love Bites	Thun;Ringer;Dài tay	https://cdn.shopify.com/s/files/1/0918/5597/8816/files/tr_ngtr_c_56e20897-8811-4012-9dfd-fc5d9a739a00.png	https://luonvuituoi.co/products/ao-thun-my-girlfriend	2026-01-05
Mother	Couple Goals;Love Bites	Thun;Dài tay	https://cdn.shopify.com/s/files/1/0918/5597/8816/files/dentr_c_165f1b67-737a-41d7-9d3f-55f1a7a30968.png	https://luonvuituoi.co/products/ao-thun-mother	2025-12-26
Mother Fucker	Couple Goals;Love Bites	Thun;Dài tay	https://cdn.shopify.com/s/files/1/0918/5597/8816/files/dentr_c_267d0195-b267-4acf-9fad-95310e3f5ff4.png	https://luonvuituoi.co/products/ao-thun-mother-fucker	2025-12-26
Mình Quay Lại Em Nhé	Couple Goals;Love Bites	Thun;Dài tay	https://cdn.shopify.com/s/files/1/0918/5597/8816/files/dentr_c_cb959a90-a017-4255-98af-efbfac988569.png	https://luonvuituoi.co/products/ao-thun-minh-quay-lại-em-nhe	2026-01-05
Mình Quay Lại Anh Nhé	Couple Goals;Love Bites	Thun;Dài tay	https://cdn.shopify.com/s/files/1/0918/5597/8816/files/dentr_c_3f92b225-bf4a-461f-aae4-23dd68b86fa1.png	https://luonvuituoi.co/products/ao-thun-minh-quay-lại-anh-nhe	2026-01-05
I Come In Peace	Couple Goals	Thun	https://cdn.shopify.com/s/files/1/0918/5597/8816/files/tr_ngtr_c_efb01de9-32c7-4661-bd00-60861e48cf61.png	https://luonvuituoi.co/products/ao-thun-i-come-in-peace	2026-06-01
I Am Peace	Couple Goals	Thun	https://cdn.shopify.com/s/files/1/0918/5597/8816/files/dentr_c_6ce40bf0-edc3-47c1-be1a-f648868a1913.png	https://luonvuituoi.co/products/ao-thun-i-am-peace	2026-06-01
Em Cần Nụ Cười Của Anh	Couple Goals;Love Bites	Thun;Ringer;Dài tay	https://cdn.shopify.com/s/files/1/0918/5597/8816/files/tr_ngsau_c9ba791f-4271-4dde-a5e4-a1666c91bf6e.png	https://luonvuituoi.co/products/ao-thun-em-cần-nụ-cười-của-anh	2025-12-24
Đã Có Vợ	Couple Goals	Thun	https://cdn.shopify.com/s/files/1/0918/5597/8816/files/tr_ngsau_89382dd6-40d0-42ff-8bc5-6711d781bbfb.png	https://luonvuituoi.co/products/ao-thun-da-co-vợ	2026-06-01
Đã Có Chồng	Couple Goals	Thun	https://cdn.shopify.com/s/files/1/0918/5597/8816/files/densau_a88221f7-940c-459d-8e54-468c90788646.png	https://luonvuituoi.co/products/ao-thun-da-co-chồng	2026-06-01
Cứ Chan Đê	Nhâm Nhi;Lifey Stuff	Thun;Ringer;Ba lỗ;Dài tay	https://cdn.shopify.com/s/files/1/0918/5597/8816/files/dentr_c_08adb1cf-9ca1-4bc3-8707-428646b5e7f4.png	https://luonvuituoi.co/products/ao-thun-cứ-chan-de	2026-01-02
Bà Xã	Couple Goals	Thun	https://cdn.shopify.com/s/files/1/0918/5597/8816/files/m_ttr_cden_93894bba-8cfe-4c05-8cbf-329c93f357af.png	https://luonvuituoi.co/products/ao-thun-ba-xa	2026-06-01
Anh Cần Nụ Cười Của Em	Couple Goals;Love Bites	Thun;Ringer;Dài tay	https://cdn.shopify.com/s/files/1/0918/5597/8816/files/densau_58d70562-3c34-45be-a8eb-a56ee0cacf38.png	https://luonvuituoi.co/products/ao-thun-anh-cần-nụ-cười-của-em	2025-12-24
Dink Thôi Em Ơi Pink	Pickleball	Thun;Ringer;Ba lỗ	https://cdn.shopify.com/s/files/1/0918/5597/8816/files/m_tsauden_b115b65c-102f-4262-8008-36e18d05a793.png	https://luonvuituoi.co/products/ao-thun-dink-thoi-em-ơi-pink	2026-04-17
Dink Thôi Em Ơi	Pickleball;Túi Tote	Thun;Tote;Ringer;Ba lỗ	https://cdn.shopify.com/s/files/1/0918/5597/8816/files/m_tsaukem_ef51e0a7-2101-4a39-93dd-02729cc02b12.png	https://luonvuituoi.co/products/ao-thun-dink-thoi-em-ơi	2026-04-17
Dink Thôi Anh Ơi	Pickleball	Thun;Ringer;Ba lỗ	https://cdn.shopify.com/s/files/1/0918/5597/8816/files/m_tsaukem_0ced5482-3981-4247-8624-934a1e261562.png	https://luonvuituoi.co/products/ao-thun-dink-thoi-anh-ơi	2026-04-17
Ước Gì Con Nguời Biết Kệ Mẹ Nhau!	Lifey Stuff	Thun	https://cdn.shopify.com/s/files/1/0918/5597/8816/files/d_m_tsau_ac6fb600-3b02-4ae9-9055-02c49065d6b7.png	https://luonvuituoi.co/products/ao-thun-ước-gi-con-nguời-biết-kệ-mẹ-nhau	2026-06-01
Xinh Và Khó Tán	Couple Goals	Thun	https://cdn.shopify.com/s/files/1/0918/5597/8816/files/m_tsauden_115fb0be-cf21-4ac7-a157-ba74d041fd8e.png	https://luonvuituoi.co/products/ao-thun-xinh-va-kho-tan	2026-06-01
Siêng Và Nhiều Tình	Couple Goals	Thun	https://cdn.shopify.com/s/files/1/0918/5597/8816/files/m_tsaukem_11e96044-2e53-41fd-bb9b-69b89f126570.png	https://luonvuituoi.co/products/ao-thun-sieng-va-nhiều-tinh	2026-06-01
Kệ Mẹ Tao Đi	Đũy Mèo	Thun	https://cdn.shopify.com/s/files/1/0918/5597/8816/files/Dentr_c_436c9311-8687-4f81-93ce-05c88facac99.png	https://luonvuituoi.co/products/ao-thun-kệ-mẹ-tao-di	2026-06-01
Cam Chịu	Fruitland;Lifey Stuff	Thun;Dài tay	https://cdn.shopify.com/s/files/1/0918/5597/8816/files/dentr_c_d6e3ccc2-96e0-4bc0-a119-6cb2edf0b5f0.png	https://luonvuituoi.co/products/ao-thun-cam-chịu-1	2025-10-15
Đủ Rồi Nghỉ Việc Thôi Mèo Công Sở	Đũy Mèo	Thun	https://cdn.shopify.com/s/files/1/0918/5597/8816/files/Tr_ngtr_c_30248c81-637e-4961-bb6e-e36be4846ac5.png	https://luonvuituoi.co/products/ao-thun-dủ-nắng-hoa-sẽ-nở-2	2026-06-01
Sang Và Khó Tính	Couple Goals	Thun	https://cdn.shopify.com/s/files/1/0918/5597/8816/files/m_tsauden_7232487b-1503-45fc-9fa6-c9dfd851a361.png	https://luonvuituoi.co/products/ao-thun-sang-va-kho-tinh	2026-06-01
Đủ Nắng Hoa Sẽ Nở Đủ Rồi Nghỉ Việc Thôi	Job	Thun	https://cdn.shopify.com/s/files/1/0918/5597/8816/files/Tr_ngsau_d8cfd5a2-f87f-4fca-82b1-01c1cd29f694.png	https://luonvuituoi.co/products/ao-thun-dủ-nắng-hoa-sẽ-nở-1	2026-06-01
Người Tình Hợp Lí	Couple Goals;Love Bites	Thun;Ringer	https://cdn.shopify.com/s/files/1/0918/5597/8816/files/m_tsauden_74af73dc-6fd6-48a8-8c23-910618f90139.png	https://luonvuituoi.co/products/ao-thun-người-tinh-hợp-li	2026-05-19
Người Sai Vì Tình	Couple Goals	Thun	https://cdn.shopify.com/s/files/1/0918/5597/8816/files/m_tsauden_a825f8ee-9654-46b0-958e-c0d995b72be5.png	https://luonvuituoi.co/products/ao-thun-người-sai-vi-tinh	2026-06-01
Người Lì Hợp Tính	Couple Goals;Love Bites	Thun;Ringer	https://cdn.shopify.com/s/files/1/0918/5597/8816/files/m_tsauden_e2d0be0d-d4c3-4e78-91d7-ccedebd5fb32.png	https://luonvuituoi.co/products/ao-thun-người-li-hợp-tinh	2026-05-19
Kiêu Và Ham Ăn	Couple Goals	Thun	https://cdn.shopify.com/s/files/1/0918/5597/8816/files/m_tsauden_fa832063-9e75-400b-adc0-a7603b09c194.png	https://luonvuituoi.co/products/ao-thun-kieu-va-ham-an	2026-06-01
Hư Và Vô Tâm	Couple Goals	Thun	https://cdn.shopify.com/s/files/1/0918/5597/8816/files/m_tsauden_089b9807-2193-47c0-b295-5405d108823a.png	https://luonvuituoi.co/products/ao-thun-hư-va-vo-tam	2026-06-01
Hâm Và Vô Tư	Couple Goals	Thun	https://cdn.shopify.com/s/files/1/0918/5597/8816/files/m_tsauden_d7d84e7a-f28c-4d6d-b8d1-8de9a694f4a2.png	https://luonvuituoi.co/products/ao-thun-ham-va-vo-tư	2026-06-01
Căng Và Ham Yêu	Couple Goals	Thun	https://cdn.shopify.com/s/files/1/0918/5597/8816/files/m_tsauden_6d4d6781-726d-45c7-9533-c2ad9e3e95f1.png	https://luonvuituoi.co/products/ao-thun-cang-va-ham-yeu	2026-06-01
Duyên Và Có Tầm	Couple Goals;Trơi Bời	Thun	https://cdn.shopify.com/s/files/1/0918/5597/8816/files/m_tsaukem_b1ce16c1-69b0-4265-9e97-3021687471f3.png	https://luonvuituoi.co/products/ao-thun-duyen-va-co-tầm	2026-04-14
Dâm Và Có Tiền	Couple Goals	Thun	https://cdn.shopify.com/s/files/1/0918/5597/8816/files/m_tsaukem_f6550b73-2e3e-45a8-8299-b0a3c5fb4f3c.png	https://luonvuituoi.co/products/ao-thun-dam-va-co-tiền	2026-05-29
Trộm Vía 2	Đũy Mèo;Vietnamese Culture	Ba lỗ;Thun	https://cdn.shopify.com/s/files/1/0918/5597/8816/files/TL2313TLAoBaL_DenTr_c.jpg	https://luonvuituoi.co/products/ao-ba-lỗ-relaxed-fit-trộm-via-2	2026-03-24
Con Nhà Người Ta	Vietnamese Culture	Ba lỗ;Thun	https://cdn.shopify.com/s/files/1/0918/5597/8816/files/TL2316TLAoBaL_DenTr_c.jpg	https://luonvuituoi.co/products/ao-ba-lỗ-relaxed-fit-con-nha-người-ta	2026-03-24
Con Nhà Mình	Vietnamese Culture	Ba lỗ;Thun	https://cdn.shopify.com/s/files/1/0918/5597/8816/files/TL2413TLAoBaL_DenTr_c.jpg	https://luonvuituoi.co/products/ao-ba-lỗ-relaxed-fit-con-nha-minh	2026-04-17
Người Giàu	Job	Ba lỗ;Dài tay;Thun	https://cdn.shopify.com/s/files/1/0918/5597/8816/files/kemtr_c_7161ffcc-41f0-40c3-8b6b-f83172596ad0.jpg	https://luonvuituoi.co/products/ao-ba-lỗ-relaxed-fit-người-giau	2025-06-18
Mê Sấu	Job;Vietnamese Culture	Ba lỗ;Thun	https://cdn.shopify.com/s/files/1/0918/5597/8816/files/NT108NTAoBaL_DenTr_c.jpg	https://luonvuituoi.co/products/ao-ba-lỗ-relaxed-fit-me-sấu	2025-06-19
Mập Rõ Chứ Không Mập Mờ	Đũy Mèo	Ba lỗ;Ringer;Dài tay;Thun	https://cdn.shopify.com/s/files/1/0918/5597/8816/files/dentr_c_1ab4b5cc-dd69-4e3a-b6f3-9a62524b7e25.jpg	https://luonvuituoi.co/products/ao-ba-lỗ-relaxed-fit-mập-ro-chứ-khong-mập-mờ	2025-09-22
LUONVUITUOI Loa Phường	Job;Vietnamese Culture	Ba lỗ;Thun	https://cdn.shopify.com/s/files/1/0918/5597/8816/files/NT107NTAoBaL_DenTr_c.jpg	https://luonvuituoi.co/products/ao-ba-lỗ-relaxed-fit-luonvuituoi-loa-phường	2025-06-19
Không Được Đánh Khách	Job	Ba lỗ;Ringer;Dài tay;Thun	https://cdn.shopify.com/s/files/1/0918/5597/8816/files/densau_ea0e60ab-b124-40fa-a5f5-c3861edf8ca5.jpg	https://luonvuituoi.co/products/ao-ba-lỗ-relaxed-fit-khong-dược-danh-khach	2026-01-12
Cocai Concec	Lifey Stuff	Ba lỗ;Ringer;Dài tay;Thun	https://cdn.shopify.com/s/files/1/0918/5597/8816/files/dentr_c_8bec5187-12d1-436f-be6e-2597f61df132.jpg	https://luonvuituoi.co/products/ao-ba-lỗ-relaxed-fit-cocai-concec	2025-07-24
Bánh Mỳ Cay	Vietnamese Culture	Ba lỗ;Thun	https://cdn.shopify.com/s/files/1/0918/5597/8816/files/NT734NTAoBaL_Tr_ngTr_c.jpg	https://luonvuituoi.co/products/ao-ba-lỗ-relaxed-fit-banh-mỳ-cay	2025-06-19
Sài Gòn Cực Nóng	Vietnamese Culture	Ba lỗ;Thun	https://cdn.shopify.com/s/files/1/0918/5597/8816/files/MH3048MHAoBaL_Tr_ngTr_c.jpg	https://luonvuituoi.co/products/ao-ba-lỗ-relaxed-fit-sai-gon-cực-nong	2026-05-28
Nóc Nhà Họ Vũ	Vietnamese Culture	Ba lỗ;Dài tay;Thun	https://cdn.shopify.com/s/files/1/0918/5597/8816/files/MH2525MHAoBaL_DenTr_c.jpg	https://luonvuituoi.co/products/ao-ba-lỗ-relaxed-fit-noc-nha-họ-vu	2026-01-29
Nhặt Ngoài Bãi Rác Họ Trần	Vietnamese Culture	Ba lỗ;Dài tay;Thun	https://cdn.shopify.com/s/files/1/0918/5597/8816/files/MH2524MHAoBaL_DenTr_c.jpg	https://luonvuituoi.co/products/ao-ba-lỗ-relaxed-fit-nhặt-ngoai-bai-rac-họ-trần	2026-01-29
Nghịch Tử Số 11 Họ Hà	Vietnamese Culture	Ba lỗ	https://cdn.shopify.com/s/files/1/0918/5597/8816/files/MH2523MHAoBaL_DenTr_c.jpg	https://luonvuituoi.co/products/ao-ba-lỗ-relaxed-fit-nghịch-tử-số-11-họ-ha	2026-05-29
Mãi Dell Thành Công	Vietnamese Culture;Job	Ba lỗ;Thun	https://cdn.shopify.com/s/files/1/0918/5597/8816/files/MH1382MHAoBaL_DenTr_c.jpg	https://luonvuituoi.co/products/ao-ba-lỗ-relaxed-fit-mai-dell-thanh-cong	2025-06-20
Made By Lê Family	Vietnamese Culture	Ba lỗ;Dài tay;Thun	https://cdn.shopify.com/s/files/1/0918/5597/8816/files/MH2522MHAoBaL_DenTr_c.jpg	https://luonvuituoi.co/products/ao-ba-lỗ-relaxed-fit-made-by-le-family	2026-01-29
Hàng Tồn Kho	Vietnamese Culture	Ba lỗ;Dài tay;Thun	https://cdn.shopify.com/s/files/1/0918/5597/8816/files/MH2430MHAoBaL_Tr_ngTr_c.jpg	https://luonvuituoi.co/products/ao-ba-lỗ-relaxed-fit-hang-tồn-kho	2026-01-09
Hàng Nóng	Vietnamese Culture	Ba lỗ;Dài tay;Thun	https://cdn.shopify.com/s/files/1/0918/5597/8816/files/AoBaL_Tr_ngTr_c_91caadae-c898-4246-b898-e9816967be4a.jpg	https://luonvuituoi.co/products/ao-ba-lỗ-relaxed-fit-hang-nong	2026-01-09
Hàng Khủng	Vietnamese Culture	Ba lỗ;Dài tay;Thun	https://cdn.shopify.com/s/files/1/0918/5597/8816/files/MH2427MHAoBaL_Tr_ngTr_c.jpg	https://luonvuituoi.co/products/ao-ba-lỗ-relaxed-fit-hang-khủng	2026-01-09
Hàng Hiếm	Vietnamese Culture	Ba lỗ;Dài tay;Thun	https://cdn.shopify.com/s/files/1/0918/5597/8816/files/MH2426MHAoBaL_Tr_ngTr_c.jpg	https://luonvuituoi.co/products/ao-ba-lỗ-relaxed-fit-hang-hiếm	2026-01-09
Hàng Độc Quyền	Vietnamese Culture	Ba lỗ;Dài tay;Thun	https://cdn.shopify.com/s/files/1/0918/5597/8816/files/MH2425MHAoBaL_Tr_ngTr_c.jpg	https://luonvuituoi.co/products/ao-ba-lỗ-relaxed-fit-hang-dộc-quyền	2026-01-09
Hải Phòng Cực Nóng	Vietnamese Culture	Ba lỗ;Thun	https://cdn.shopify.com/s/files/1/0918/5597/8816/files/MH3047MHAoBaL_Tr_ngTr_c.jpg	https://luonvuituoi.co/products/ao-ba-lỗ-relaxed-fit-hải-phong-cực-nong	2026-05-28
Hà Nội Cực Nóng	Vietnamese Culture	Ba lỗ;Thun	https://cdn.shopify.com/s/files/1/0918/5597/8816/files/MH3046MHAoBaL_Tr_ngTr_c.jpg	https://luonvuituoi.co/products/ao-ba-lỗ-relaxed-fit-ha-nội-cực-nong	2026-05-28
Gen Lặn Nhà Họ Nguyễn	Vietnamese Culture	Ba lỗ;Dài tay;Thun	https://cdn.shopify.com/s/files/1/0918/5597/8816/files/MH2520MHAoBaL_DenTr_c.jpg	https://luonvuituoi.co/products/ao-ba-lỗ-relaxed-fit-gen-lặn-nha-họ-nguyễn	2026-01-29
Đột Biến Gen Họ Hà	Vietnamese Culture	Ba lỗ;Dài tay;Thun	https://cdn.shopify.com/s/files/1/0918/5597/8816/files/MH2518MHAoBaL_Tr_ngTr_c.jpg	https://luonvuituoi.co/products/ao-ba-lỗ-relaxed-fit-dột-biến-gen-họ-ha	2026-01-29
Xạo Hổ Xàm Long	Vietnamese Culture;Animal Circus	Ba lỗ;Dài tay;Thun	https://cdn.shopify.com/s/files/1/0918/5597/8816/files/MH1383MHAoBaL_Tr_ngTr_c.jpg	https://luonvuituoi.co/products/ao-ba-lỗ-relaxed-fit-xạo-hổ-xam-long	2025-06-20
Việt Nam Ăn Vặt	Vietnamese Culture	Ba lỗ;Thun	https://cdn.shopify.com/s/files/1/0918/5597/8816/files/MH2009MHAoBaL_Tr_ngTr_c.jpg	https://luonvuituoi.co/products/ao-ba-lỗ-relaxed-fit-việt-nam-an-vặt	2025-09-24
Em Yêu Mỗi Người Yêu Em	Couple Goals	Thun	https://cdn.shopify.com/s/files/1/0918/5597/8816/files/kemsau_592b63da-8e62-4bca-b29a-0939ede4c66c.png	https://luonvuituoi.co/products/ao-thun-em-yeu-mỗi-người-yeu-em	2026-05-29
Em Yêu Mỗi Chồng Em	Couple Goals	Thun	https://cdn.shopify.com/s/files/1/0918/5597/8816/files/h_ngsau_dfe44ee1-bd85-4784-8e34-54282213932f.png	https://luonvuituoi.co/products/ao-thun-em-yeu-mỗi-chồng-em	2026-05-29
Anh Yêu Mỗi Vợ Anh	Couple Goals	Thun	https://cdn.shopify.com/s/files/1/0918/5597/8816/files/d_sau_a314431e-bc0d-4488-b257-1a9051d8a034.png	https://luonvuituoi.co/products/ao-thun-anh-yeu-mỗi-vợ-anh	2026-05-29
Anh Yêu Mỗi Người Yêu Anh	Couple Goals	Thun	https://cdn.shopify.com/s/files/1/0918/5597/8816/files/tr_ngsau_ff96b9b1-e20a-4014-86a1-71fbe52a628e.png	https://luonvuituoi.co/products/ao-thun-anh-yeu-mỗi-người-yeu-anh	2026-05-29
To My Love	Couple Goals	Thun	https://cdn.shopify.com/s/files/1/0918/5597/8816/files/h_ngsau_b7b30be9-f50e-4fb8-89c6-a6788a1f2cde.png	https://luonvuituoi.co/products/ao-thun-to-my-love	2026-05-29
You Are The	Couple Goals	Thun	https://cdn.shopify.com/s/files/1/0918/5597/8816/files/d_sau_55bf5f85-9181-4325-90cf-0cc50a80137c.png	https://luonvuituoi.co/products/ao-thun-you-are-the	2026-05-29
Việt Nam Ăn Trưa	Vietnamese Culture	Ba lỗ;Thun	https://cdn.shopify.com/s/files/1/0918/5597/8816/files/MH2010MHAoBaL_Tr_ngTr_c.jpg	https://luonvuituoi.co/products/ao-ba-lỗ-relaxed-fit-việt-nam-an-trưa	2025-09-25
Trùm Cuối Nhà Họ Phan	Vietnamese Culture	Ba lỗ;Dài tay;Thun	https://cdn.shopify.com/s/files/1/0918/5597/8816/files/MH2527MHAoBaL_DenTr_c_a243f4bf-583e-4eca-8347-6445c616ab80.jpg	https://luonvuituoi.co/products/ao-ba-lỗ-relaxed-fit-trum-cuối-nha-họ-phan-1	2026-01-29
Tôi Là Bánh Khúc	Vietnamese Culture	Ba lỗ;Thun	https://cdn.shopify.com/s/files/1/0918/5597/8816/files/MH1672MHAoBaL_DenSau.jpg	https://luonvuituoi.co/products/ao-ba-lỗ-relaxed-fit-trum-cuối-nha-họ-phan	2025-07-19
Sản Phẩm Lõi Của Dòng Họ Lê	Vietnamese Culture	Ba lỗ	https://cdn.shopify.com/s/files/1/0918/5597/8816/files/MH2526MHAoBaL_DenTr_c.jpg	https://luonvuituoi.co/products/ao-ba-lỗ-relaxed-fit-sản-phẩm-loi-của-dong-họ-le	2026-05-28
Nước Mía	Vietnamese Culture	Ba lỗ;Thun	https://cdn.shopify.com/s/files/1/0918/5597/8816/files/NT109NTAoBaL_Tr_ngTr_c_6f557b1c-4f45-4ea3-a5de-860adef3fb05.jpg	https://luonvuituoi.co/products/ao-ba-lỗ-relaxed-fit-nước-mia	2025-06-20
Người Việt Gốc Cây	Vietnamese Culture	Ba lỗ;Thun	https://cdn.shopify.com/s/files/1/0918/5597/8816/files/MH1678MHAoBaL_Tr_ngSau.jpg	https://luonvuituoi.co/products/ao-ba-lỗ-relaxed-fit-người-việt-gốc-cay	2025-07-25
Hoa Mắt	Vietnamese Culture;Lifey Stuff	Ba lỗ;Dài tay;Thun	https://cdn.shopify.com/s/files/1/0918/5597/8816/files/MH1199MHAoBaL_Tr_ngSau.jpg	https://luonvuituoi.co/products/ao-ba-lỗ-relaxed-fit-hoa-mắt	2025-06-20
Hàng Việt Nam Chất Lượng Cao	Vietnamese Culture	Ba lỗ;Dài tay;Thun	https://cdn.shopify.com/s/files/1/0918/5597/8816/files/MH2431MHAoBaL_Tr_ngTr_c.jpg	https://luonvuituoi.co/products/ao-ba-lỗ-relaxed-fit-hang-việt-nam-chất-lượng-cao	2026-01-09
Hàng Limited	Vietnamese Culture	Ba lỗ;Dài tay;Thun	https://cdn.shopify.com/s/files/1/0918/5597/8816/files/MH2428MHAoBaL_Tr_ngTr_c.jpg	https://luonvuituoi.co/products/ao-ba-lỗ-relaxed-fit-hang-limited	2026-01-09
Hàng Dễ Vỡ	Vietnamese Culture;Lifey Stuff	Ba lỗ;Dài tay;Thun	https://cdn.shopify.com/s/files/1/0918/5597/8816/files/MH2424MHAoBaL_Tr_ngTr_c.jpg	https://luonvuituoi.co/products/ao-ba-lỗ-relaxed-fit-hang-dễ-vỡ	2025-06-20
Gen Tinh Hoa Đỗ Gia Tộc	Vietnamese Culture	Ba lỗ;Dài tay;Thun	https://cdn.shopify.com/s/files/1/0918/5597/8816/files/MH2521MHAoBaL_DenTr_c.jpg	https://luonvuituoi.co/products/ao-ba-lỗ-relaxed-fit-gen-tinh-hoa-dỗ-gia-tộc	2026-01-29
Gánh Nặng Nhà Họ Ngô	Vietnamese Culture	Ba lỗ	https://cdn.shopify.com/s/files/1/0918/5597/8816/files/MH2519MHAoBaL_DenTr_c.jpg	https://luonvuituoi.co/products/ao-ba-lỗ-relaxed-fit-ganh-nặng-nha-họ-ngo	2026-05-28
Diễn Viên Hề Nhà Họ Nguyễn	Vietnamese Culture	Ba lỗ	https://cdn.shopify.com/s/files/1/0918/5597/8816/files/MH2517MHAoBaL_DenTr_c.jpg	https://luonvuituoi.co/products/ao-ba-lỗ-relaxed-fit-diễn-vien-hề-nha-họ-nguyễn	2026-05-28
Cục Nợ Nhà Họ Trần	Vietnamese Culture	Ba lỗ;Dài tay;Thun	https://cdn.shopify.com/s/files/1/0918/5597/8816/files/MH2516MHAoBaL_DenTr_c.jpg	https://luonvuituoi.co/products/ao-ba-lỗ-relaxed-fit-cục-nợ-nha-họ-trần	2026-01-29
Báo Thủ Họ Phạm	Vietnamese Culture	Ba lỗ;Dài tay;Thun	https://cdn.shopify.com/s/files/1/0918/5597/8816/files/MH2515MHAoBaL_Tr_ngTr_c.jpg	https://luonvuituoi.co/products/ao-ba-lỗ-relaxed-fit-bao-thủ-họ-phạm	2026-01-29
Bánh Mì LUONVUITUOI	Vietnamese Culture	Ba lỗ	https://cdn.shopify.com/s/files/1/0918/5597/8816/files/NT111NTAoBaL_Tr_ngTr_c.jpg	https://luonvuituoi.co/products/ao-ba-lỗ-relaxed-fit-banh-mi-luonvuituoi	2026-05-28
Cafe Luon Vui Tuoi	Vietnamese Culture	Ba lỗ	https://cdn.shopify.com/s/files/1/0918/5597/8816/files/NT105NTAoBaL_Tr_ngTr_c.jpg	https://luonvuituoi.co/products/ao-ba-lỗ-relaxed-fit-cafe-luon-vui-tuoi	2026-05-28
Cơm Mẹ Nấu	Vietnamese Culture	Ba lỗ;Thun	https://cdn.shopify.com/s/files/1/0918/5597/8816/files/NT735NTAoBaL_Tr_ngTr_c.jpg	https://luonvuituoi.co/products/ao-ba-lỗ-relaxed-fit-cơm-mẹ-nấu	2025-06-19
Cơm Nhà	Vietnamese Culture	Ba lỗ;Thun	https://cdn.shopify.com/s/files/1/0918/5597/8816/files/NT736NTAoBaL_Tr_ngTr_c.jpg	https://luonvuituoi.co/products/ao-ba-lỗ-relaxed-fit-cơm-nha	2025-06-19
Cơm Vợ Nấu	Vietnamese Culture	Ba lỗ;Thun	https://cdn.shopify.com/s/files/1/0918/5597/8816/files/NT737NTAoBaL_Tr_ngTr_c.jpg	https://luonvuituoi.co/products/ao-ba-lỗ-relaxed-fit-cơm-vợ-nấu	2025-06-19
Đời Phải LUONVUITUOI	Vietnamese Culture	Ba lỗ;Thun	https://cdn.shopify.com/s/files/1/0918/5597/8816/files/NT106NTAoBaL_Tr_ngTr_c.jpg	https://luonvuituoi.co/products/ao-ba-lỗ-relaxed-fit-dời-phải-luonvuituoi	2025-06-19
Hảo Hán	Vietnamese Culture	Ba lỗ;Thun	https://cdn.shopify.com/s/files/1/0918/5597/8816/files/NT738NTAoBaL_Tr_ngTr_c.jpg	https://luonvuituoi.co/products/ao-ba-lỗ-relaxed-fit-hảo-han	2025-06-19
Lót Dép Hóng	Vietnamese Culture	Ba lỗ;Dài tay;Thun	https://cdn.shopify.com/s/files/1/0918/5597/8816/files/NT039NTAoBaL_Tr_ngTr_c.jpg	https://luonvuituoi.co/products/ao-ba-lỗ-relaxed-fit-lot-dep-hong	2025-06-20
Luon VuiTuoi Cafe	Vietnamese Culture	Ba lỗ;Dài tay;Thun	https://cdn.shopify.com/s/files/1/0918/5597/8816/files/NT040NTAoBaL_Tr_ngTr_c.jpg	https://luonvuituoi.co/products/ao-ba-lỗ-relaxed-fit-luon-vuituoi-cafe	2025-06-20
Phê Sỉu	Vietnamese Culture	Ba lỗ;Thun	https://cdn.shopify.com/s/files/1/0918/5597/8816/files/NT110NTAoBaL_Tr_ngTr_c.jpg	https://luonvuituoi.co/products/ao-ba-lỗ-relaxed-fit-phe-sỉu	2025-06-20
Trà Tắc Bánh Tráng Trộn	Vietnamese Culture	Ba lỗ;Thun	https://cdn.shopify.com/s/files/1/0918/5597/8816/files/NT112NTAoBaL_Tr_ngTr_c.jpg	https://luonvuituoi.co/products/ao-ba-lỗ-relaxed-fit-tra-tắc-banh-trang-trộn	2025-06-20
Việt Nam Sáng Ăn Gì	Vietnamese Culture	Ba lỗ;Ringer;Dài tay;Thun	https://cdn.shopify.com/s/files/1/0918/5597/8816/files/NT7421NTAoBaL_Tr_ngTr_c.jpg	https://luonvuituoi.co/products/ao-ba-lỗ-relaxed-fit-việt-nam-sang-an-gi	2025-06-20
Xíu Mại	Vietnamese Culture	Ba lỗ;Thun	https://cdn.shopify.com/s/files/1/0918/5597/8816/files/NT745NTAoBaL_Tr_ngTr_c.jpg	https://luonvuituoi.co/products/ao-ba-lỗ-relaxed-fit-xiu-mại	2025-06-20
Trộm Vía	Vietnamese Culture	Ba lỗ;Thun	https://cdn.shopify.com/s/files/1/0918/5597/8816/files/TL2312TLAoBaL_DenTr_c.jpg	https://luonvuituoi.co/products/ao-ba-lỗ-relaxed-fit-trộm-via	2026-03-24
Gần Mực Thì Bia	Vietnamese Culture	Ba lỗ;Dài tay;Thun	https://cdn.shopify.com/s/files/1/0918/5597/8816/files/TL1026TLAoBaL_DenTr_c.jpg	https://luonvuituoi.co/products/ao-ba-lỗ-relaxed-fit-gần-mực-thi-bia	2025-06-19
Sợ Không Có Đối Thủ	Đũy Mèo	Thun	https://cdn.shopify.com/s/files/1/0918/5597/8816/files/dentr_c_5ed31129-bf98-421d-82f1-bb7a86082923.png	https://luonvuituoi.co/products/ao-thun-sợ-khong-co-dối-thủ	2026-05-28
Mùa Hè 2026	Thèm Đi Biển	Thun	https://cdn.shopify.com/s/files/1/0918/5597/8816/files/dentr_c_f1f7efdd-4bf9-48e4-9305-d675abbcdcad.png	https://luonvuituoi.co/products/ao-thun-mua-he-2026	2026-05-28
Nam Châm Hút Gái	Love Bites	Thun	https://cdn.shopify.com/s/files/1/0918/5597/8816/files/Den_63c8b1cc-1ca1-42f4-81e1-cdb77b01657d.png	https://luonvuituoi.co/products/nam-cham-hut-gai	2026-05-28
Thứ Tao Cần Nhất Lúc Này	Lifey Stuff	Thun	https://cdn.shopify.com/s/files/1/0918/5597/8816/files/Dentr_c_19d18a8c-0770-4ee4-b2ff-3866f1e7da51.png	https://luonvuituoi.co/products/ao-thun-thứ-tao-cần-nhất-luc-nay	2026-05-28
Đủ Nắng Hoa Sẽ Nở Đủ Rồi Đẻ Tao Yên Mèo Hoa	Đũy Mèo	Thun	https://cdn.shopify.com/s/files/1/0918/5597/8816/files/Dentr_c_30ab2854-73e0-4fa9-a5e5-b9bb2b46919d.png	https://luonvuituoi.co/products/ao-thun-dủ-nắng-hoa-sẽ-nở	2026-05-28
Đã Có Chồng Chồng Chất Nỗi Đau	Love Bites	Thun	https://cdn.shopify.com/s/files/1/0918/5597/8816/files/Dentr_c_1a1aa7ef-d443-41d0-b435-3bbda2b8c611.png	https://luonvuituoi.co/products/ao-thun-da-co-chồng-chồng-chất-nỗi-dau	2026-05-27
Bật Khóc Chứ Không Bật Khách	Job	Thun	https://cdn.shopify.com/s/files/1/0918/5597/8816/files/denm_tsau.png	https://luonvuituoi.co/products/ao-thun-bật-khoc-chứ-khong-bật-khach-1	2026-04-22
Đi Làm Thật Tuyệt	Job	Thun	https://cdn.shopify.com/s/files/1/0918/5597/8816/files/kemm_ttr_c.png	https://luonvuituoi.co/products/ao-thun-di-lam-thật-tuyệt	2026-05-27
Gâu Gâu Cute	Couple Goals	Thun	https://cdn.shopify.com/s/files/1/0918/5597/8816/files/dentr_c_ff62b0d4-bdb4-4ea7-a595-4b78a4fc1871.png	https://luonvuituoi.co/products/ao-thun-gau-gau-cute	2026-05-27
Chó Nó Iu	Couple Goals	Thun	https://cdn.shopify.com/s/files/1/0918/5597/8816/files/h_ngtr_c_de2721a0-f34e-44b9-be7c-4f7200ec1f08.png	https://luonvuituoi.co/products/ao-thun-cho-no-iu	2026-05-27
Đơn Xin Nghỉ Việc Meme Sư Muội	Job	Thun	https://cdn.shopify.com/s/files/1/0918/5597/8816/files/h_ngtr_c_20d6c7c4-58af-4fea-9343-3c334aef8ce0.png	https://luonvuituoi.co/products/ao-thun-dơn-xin-nghỉ-việc-meme-sư-muội	2026-05-27
Đơn Xin Nghỉ Việc Meme Sư Huynh	Job	Thun	https://cdn.shopify.com/s/files/1/0918/5597/8816/files/kemtr_c_64d1324f-be02-4e6b-8ce9-33ad767b534d.png	https://luonvuituoi.co/products/ao-thun-dơn-xin-nghỉ-việc-meme-sư-huynh	2026-05-27
Hội Yêu Điếu	Nhả Khói	Thun	https://cdn.shopify.com/s/files/1/0918/5597/8816/files/tr_ngtr_c_a27d807e-d0b2-4b87-a3a0-cd782595559e.png	https://luonvuituoi.co/products/ao-thun-hội-yeu-diếu	2026-05-26
Điều Hòa	Lifey Stuff	Thun	https://cdn.shopify.com/s/files/1/0918/5597/8816/files/Di_uHoaHT0214HTm_ttr_cden.png	https://luonvuituoi.co/products/ao-thun-diều-hoa	2026-05-26
Em Phải Là Của Anh	Couple Goals	Thun	https://cdn.shopify.com/s/files/1/0918/5597/8816/files/kemsau_14998ceb-a1af-4c6f-8bd6-fe7ef9862db0.png	https://luonvuituoi.co/products/ao-thun-em-phải-la-của-anh	2026-05-26
Anh Phải Là Của Em	Couple Goals	Thun	https://cdn.shopify.com/s/files/1/0918/5597/8816/files/kemsau_39f3e8ad-2861-49ce-a2d2-4395823f3797.png	https://luonvuituoi.co/products/ao-thun-anh-phải-la-của-em	2026-05-26
Thẩm Âm Hộ Cho	Love Bites	Thun	https://cdn.shopify.com/s/files/1/0918/5597/8816/files/kemsau_e62cc2d7-7214-40fc-b3e1-c4f7e1636fd7.png	https://luonvuituoi.co/products/ao-thun-thẩm-am-hộ-cho	2026-05-26
Bia Hơi Kèm Lạc	Nhâm Nhi	Ringer;Thun	https://cdn.shopify.com/s/files/1/0918/5597/8816/files/TL2396TLtr_ngc_densau.jpg	https://luonvuituoi.co/products/ao-thun-ringer-relaxed-fit-bia-hơi-kem-lạc	2026-04-14
Uống Tiếp Đi Em	Nhâm Nhi	Ringer;Thun	https://cdn.shopify.com/s/files/1/0918/5597/8816/files/HT0057HTtr_ngc_dentr_c.jpg	https://luonvuituoi.co/products/ao-thun-ringer-relaxed-fit-uống-tiếp-di-em	2026-04-01
Nhấp Môi Thôi Em	Nhâm Nhi	Ringer;Ba lỗ;Thun	https://cdn.shopify.com/s/files/1/0918/5597/8816/files/HT0052HTtr_ngc_dentr_c.jpg	https://luonvuituoi.co/products/ao-thun-ringer-relaxed-fit-nhấp-moi-thoi-em	2026-04-01
Nhấp Môi Thôi Anh	Nhâm Nhi	Ringer;Thun	https://cdn.shopify.com/s/files/1/0918/5597/8816/files/HT0053HTtr_ngc_dentr_c.jpg	https://luonvuituoi.co/products/ao-thun-ringer-relaxed-fit-nhấp-moi-thoi-anh	2026-04-01
World Cup Germany	Bóng Đá	Thun	https://cdn.shopify.com/s/files/1/0918/5597/8816/files/WorldCupGermanyHT0213HTm_tsauden.png	https://luonvuituoi.co/products/ao-thun-world-cup-germany	2026-05-25
On Off	Nhâm Nhi	Ringer;Thun	https://cdn.shopify.com/s/files/1/0918/5597/8816/files/MH0043HTtr_ngc_dentr_c.jpg	https://luonvuituoi.co/products/ao-thun-ringer-relaxed-fit-on-off	2026-03-31
Người Nghẹo Matcha	Nhâm Nhi	Ringer;Ba lỗ;Thun	https://cdn.shopify.com/s/files/1/0918/5597/8816/files/MH2880MHtr_ngc_densau.jpg	https://luonvuituoi.co/products/ao-thun-ringer-relaxed-fit-người-nghẹo-matcha	2026-04-04
MorningFuel	Nhâm Nhi	Ringer;Thun	https://cdn.shopify.com/s/files/1/0918/5597/8816/files/MH0047HTtr_ngc_dentr_c.jpg	https://luonvuituoi.co/products/ao-thun-ringer-relaxed-fit-morningfuel	2026-03-31
Lord Of The Drinks	Nhâm Nhi	Ringer;Ba lỗ;Thun	https://cdn.shopify.com/s/files/1/0918/5597/8816/files/MH0054HTtr_ngc_dentr_c.jpg	https://luonvuituoi.co/products/ao-thun-ringer-relaxed-fit-lord-of-the-drinks	2026-04-01
Expresso Patronum	Nhâm Nhi	Ringer	https://cdn.shopify.com/s/files/1/0918/5597/8816/files/MH0048HTtr_ngc_dentr_c.jpg	https://luonvuituoi.co/products/ao-thun-ringer-relaxed-fit-expresso-patronum	2026-05-25
Coffee X Milk	Nhâm Nhi	Ringer;Thun	https://cdn.shopify.com/s/files/1/0918/5597/8816/files/MH0045HTtr_ngc_dentr_c.jpg	https://luonvuituoi.co/products/ao-thun-ringer-relaxed-fit-coffee-x-milk	2026-03-31
Thèm Rượu Khát Bia	Nhâm Nhi	Ringer;Ba lỗ;Thun	https://cdn.shopify.com/s/files/1/0918/5597/8816/files/MH2874MHtr_ngc_densau.jpg	https://luonvuituoi.co/products/ao-thun-ringer-relaxed-fit-them-rượu-khat-bia	2026-04-01
Nói Không Với Rượu Bia	Nhâm Nhi	Ringer;Ba lỗ;Thun	https://cdn.shopify.com/s/files/1/0918/5597/8816/files/MH2873MHtr_ngc_dentr_c.jpg	https://luonvuituoi.co/products/ao-thun-ringer-relaxed-fit-noi-khong-với-rượu-bia	2026-04-01
Nhậu Hong	Nhâm Nhi	Ringer;Ba lỗ;Thun	https://cdn.shopify.com/s/files/1/0918/5597/8816/files/MH2872MHtr_ngc_dentr_c.jpg	https://luonvuituoi.co/products/ao-thun-ringer-relaxed-fit-nhậu-hong	2026-04-01
Người Nghẹo Cà Phê	Nhâm Nhi;Túi Tote	Ringer;Tote;Ba lỗ;Thun	https://cdn.shopify.com/s/files/1/0918/5597/8816/files/MH2870MHtr_ngc_densau.jpg	https://luonvuituoi.co/products/ao-thun-ringer-relaxed-fit-người-nghẹo-ca-phe	2026-04-01
Long Thư Giãn	Nhâm Nhi	Ringer;Ba lỗ;Thun	https://cdn.shopify.com/s/files/1/0918/5597/8816/files/MH2637MHtr_ngc_dentr_c.jpg	https://luonvuituoi.co/products/ao-thun-ringer-relaxed-fit-long-thư-gian	2026-02-07
Cà Vào Chỗ Phê	Nhâm Nhi	Ringer;Ba lỗ;Thun	https://cdn.shopify.com/s/files/1/0918/5597/8816/files/MH2867MHtr_ngc_densau.jpg	https://luonvuituoi.co/products/ao-thun-ringer-relaxed-fit-ca-vao-chỗ-phe	2026-04-01
Cà Phê Mèo	Nhâm Nhi	Ringer;Ba lỗ;Thun	https://cdn.shopify.com/s/files/1/0918/5597/8816/files/MH2932MHtr_ngc_densau.jpg	https://luonvuituoi.co/products/ao-thun-ringer-relaxed-fit-ca-phe-meo	2026-04-17
Ca Fe	Nhâm Nhi	Ringer;Ba lỗ;Thun	https://cdn.shopify.com/s/files/1/0918/5597/8816/files/MH0044HTtr_ngc_dentr_c.jpg	https://luonvuituoi.co/products/ao-thun-ringer-relaxed-fit-ca-fe	2026-03-31
Bỏ Nhậu Rồi	Nhâm Nhi	Ringer;Ba lỗ;Thun	https://cdn.shopify.com/s/files/1/0918/5597/8816/files/MH2866MHdenc_tr_ngtr_c.jpg	https://luonvuituoi.co/products/ao-thun-ringer-relaxed-fit-bỏ-nhậu-rồi	2026-04-01
Anti Rượu Bia	Nhâm Nhi	Ringer;Ba lỗ;Thun	https://cdn.shopify.com/s/files/1/0918/5597/8816/files/MH2554MHdenc_tr_ngsau.jpg	https://luonvuituoi.co/products/ao-thun-ringer-relaxed-fit-anti-rượu-bia	2026-02-03
Ai Rồi Cũng Khát	Nhâm Nhi	Ringer;Ba lỗ;Thun	https://cdn.shopify.com/s/files/1/0918/5597/8816/files/MH2865MHdenc_tr_ngtr_c.jpg	https://luonvuituoi.co/products/ao-thun-ringer-relaxed-fit-ai-rồi-cung-khat	2026-04-01
Em Chưa Say Mà	Nhâm Nhi	Ringer;Ba lỗ;Thun	https://cdn.shopify.com/s/files/1/0918/5597/8816/files/HT0055HTdenc_tr_ngsau.jpg	https://luonvuituoi.co/products/ao-thun-ringer-relaxed-fit-em-chưa-say-ma	2026-04-01
Anh Chưa Say Mà	Nhâm Nhi	Ringer;Ba lỗ;Thun	https://cdn.shopify.com/s/files/1/0918/5597/8816/files/HT0056HTdenc_tr_ngsau.jpg	https://luonvuituoi.co/products/ao-thun-ringer-relaxed-fit-anh-chưa-say-ma	2026-04-01
Đốn Tim Nàng	Couple Goals	Thun	https://cdn.shopify.com/s/files/1/0918/5597/8816/files/m_tsauden_34f11a2a-75ff-463f-b8e7-3cd229819444.png	https://luonvuituoi.co/products/ao-thun-dốn-tim-nang	2026-05-25
Đốn Tim Chàng	Couple Goals;Túi Tote	Thun;Tote	https://cdn.shopify.com/s/files/1/0918/5597/8816/files/m_tsauden_ab06365d-36d8-46d8-b4f4-3b47478b9785.png	https://luonvuituoi.co/products/ao-thun-dốn-tim-chang	2026-05-25
Pickleball Therapy	Túi Tote	Tote	https://cdn.shopify.com/s/files/1/0918/5597/8816/files/m_ttr_cden_a6ed82d9-964f-4bd5-9061-739a400cc2a4.png	https://luonvuituoi.co/products/tui-tote-pickleball-therapy	2026-05-25
Pickleball Girl Aesthetic	Túi Tote	Tote	https://cdn.shopify.com/s/files/1/0918/5597/8816/files/m_ttr_cden_b5e63dea-9fe3-459b-a66e-cc4fef65f63d.png	https://luonvuituoi.co/products/tui-tote-pickleball-girl-aesthetic	2026-05-25
Nốt Sec Em Về	Túi Tote;Pickleball	Tote;Ringer;Ba lỗ;Thun	https://cdn.shopify.com/s/files/1/0918/5597/8816/files/m_ttr_cden_ee358802-eda7-4bf8-9a74-c4a89371e463.png	https://luonvuituoi.co/products/tui-tote-nốt-sec-em-về	2026-04-02
Người Hay Ho Thuốc Lào	Nhả Khói	Thun	https://cdn.shopify.com/s/files/1/0918/5597/8816/files/d_sau_50c3ab19-00b8-415b-b158-b041cd80e756.png	https://luonvuituoi.co/products/ao-thun-người-hay-ho-thuốc-lao	2026-05-25
Việc Cần Làm Hôm Nay	Lifey Stuff	Thun	https://cdn.shopify.com/s/files/1/0918/5597/8816/files/densau_475250be-e46d-4d35-bd37-0946565d14bb.png	https://luonvuituoi.co/products/ao-thun-việc-cần-lam-hom-nay	2026-05-23
Phiên Dịch Du Lịch Trung-Việt	Việt Nam Du Hí	Thun	https://cdn.shopify.com/s/files/1/0918/5597/8816/files/vangtr_c_52519bdd-e7fe-481b-81ea-d0b0b81dfb47.png	https://luonvuituoi.co/products/ao-thun-phien-dịch-du-lịch-trung-việt	2026-05-23
Phiên Dịch Du Lịch Nhật-Việt	Việt Nam Du Hí	Thun	https://cdn.shopify.com/s/files/1/0918/5597/8816/files/h_ngtr_c_06e64be4-a44c-4d23-93ba-60baf0009def.png	https://luonvuituoi.co/products/ao-thun-phien-dịch-du-lịch-nhật-việt	2026-05-23
Phiên Dịch Du Lịch Hàn-Việt	Việt Nam Du Hí	Thun	https://cdn.shopify.com/s/files/1/0918/5597/8816/files/ghitr_c_e86725bb-67a1-4666-9a73-6069ecbf25b9.png	https://luonvuituoi.co/products/ao-thun-phien-dịch-du-lịch-han-việt	2026-05-23
Phiên Dịch Du Lịch Anh-Việt	Việt Nam Du Hí	Thun	https://cdn.shopify.com/s/files/1/0918/5597/8816/files/tr_ngtr_c_8278591e-864f-4f2c-a03c-7d284b878a14.png	https://luonvuituoi.co/products/ao-thun-phien-dịch-du-lịch-anh-việt	2026-05-23
Cô Nàng Nổi Loạn	Lifey Stuff	Thun	https://cdn.shopify.com/s/files/1/0918/5597/8816/files/vangtr_c_6a179cc2-44b6-4da1-819d-e6a3cca6b5a5.png	https://luonvuituoi.co/products/ao-thun-co-nang-nổi-loạn	2026-05-23
Bỏ Việc Ra Biển	Túi Tote;Thèm Đi Biển	Tote;Ringer;Thun	https://cdn.shopify.com/s/files/1/0918/5597/8816/files/m_ttr_ckem_721d2668-9ef2-42cc-bb5d-734c1c6f39af.png	https://luonvuituoi.co/products/tui-tote-bỏ-việc-ra-biển	2026-04-28
Mày Làm Đúng Rồi Đấy	Lifey Stuff	Thun	https://cdn.shopify.com/s/files/1/0918/5597/8816/files/navycopy_2b4e5f82-ad6d-4771-8582-342b46418066.png	https://luonvuituoi.co/products/ao-thun-may-lam-dung-rồi-dấy	2026-05-23
Trẻ Người Nonstop	Túi Tote;Trơi Bời	Tote;Ringer;Ba lỗ;Dài tay;Thun	https://cdn.shopify.com/s/files/1/0918/5597/8816/files/tuikemtr_c_28d3bb78-bc2f-43f4-9008-01255d473a2b.png	https://luonvuituoi.co/products/tui-canvas-trẻ-người-nonstop	2025-06-20
Single By Choice	Túi Tote;Love Bites	Tote;Ringer;Dài tay;Thun	https://cdn.shopify.com/s/files/1/0918/5597/8816/files/tuikemtr_c_f310305f-9733-4994-89ed-8b7df1cf018f.png	https://luonvuituoi.co/products/tui-canvas-single-by-choice	2025-09-10
Sick My Duck	Túi Tote;Animal Circus;Lifey Stuff	Tote;Ringer;Thun;Dài tay	https://cdn.shopify.com/s/files/1/0918/5597/8816/files/tuidentr_c_f1321a44-edd1-4f9a-90a0-d79b8be1a133.png	https://luonvuituoi.co/products/tui-canvas-sick-my-duck	2025-06-20
Kẻ Cắp Trái Tym	Love Bites	Ringer;Thun	https://cdn.shopify.com/s/files/1/0918/5597/8816/files/TL2315TLtr_ngc_dentr_c.jpg	https://luonvuituoi.co/products/ao-thun-ringer-relaxed-fit-kẻ-cắp-trai-tym	2026-03-24
I Told My Mom About U	Love Bites	Ringer;Thun	https://cdn.shopify.com/s/files/1/0918/5597/8816/files/TL2409TLtr_ngc_densau.jpg	https://luonvuituoi.co/products/ao-thun-ringer-relaxed-fit-i-told-my-mom-about-u	2026-04-16
Hàng Éo Vỡ	Love Bites	Ringer;Dài tay;Thun	https://cdn.shopify.com/s/files/1/0918/5597/8816/files/TL1523TLtr_ngc_dentr_c.jpg	https://luonvuituoi.co/products/ao-thun-ringer-relaxed-fit-hang-eo-vỡ	2025-06-20
Gọi Anh Là Nông Trại Vì Anh Toàn Dê Với Lừa	Love Bites	Ringer;Dài tay;Thun	https://cdn.shopify.com/s/files/1/0918/5597/8816/files/TL1853TLtr_ngc_densau.jpg	https://luonvuituoi.co/products/ao-thun-ringer-relaxed-fit-gọi-anh-la-nong-trại-vi-anh-toan-de-với-lừa	2025-10-18
Đẹp Gái Làm Ơn Đừng Có Bồ	Love Bites	Ringer;Dài tay;Thun	https://cdn.shopify.com/s/files/1/0918/5597/8816/files/TL1946TLtr_ngc_navysau.jpg	https://luonvuituoi.co/products/ao-thun-ringer-relaxed-fit-dẹp-gai-lam-ơn-dừng-co-bồ	2025-12-02
Anh Là Sách	Love Bites	Ringer;Thun	https://cdn.shopify.com/s/files/1/0918/5597/8816/files/MH2813MHtr_ngc_dentr_c.jpg	https://luonvuituoi.co/products/ao-thun-ringer-relaxed-fit-anh-la-sach	2026-03-19
Chẳng Còn Đón Đưa	Love Bites	Ringer;Thun	https://cdn.shopify.com/s/files/1/0918/5597/8816/files/MH2964MHtr_ngc_densau.jpg	https://luonvuituoi.co/products/ao-thun-ringer-relaxed-fit-chẳng-con-don-dưa	2026-04-29
Crush Hãm	Love Bites	Ringer;Dài tay;Thun	https://cdn.shopify.com/s/files/1/0918/5597/8816/files/MH1640MHtr_ngc_dentr_c.jpg	https://luonvuituoi.co/products/ao-thun-ringer-relaxed-fit-crush-ham	2025-07-11
Doggy Style	Love Bites	Ringer;Thun	https://cdn.shopify.com/s/files/1/0918/5597/8816/files/MH2999MHdenc_tr_ngsau.jpg	https://luonvuituoi.co/products/ao-thun-ringer-relaxed-fit-doggy-style	2026-05-18
Đừng Kệ	Love Bites	Ringer;Thun	https://cdn.shopify.com/s/files/1/0918/5597/8816/files/MH0015NQdenc_tr_ngtr_c.jpg	https://luonvuituoi.co/products/ao-thun-ringer-relaxed-fit-dung-người-thi-dộc-lạ-copy	2026-03-27
Đúng Người Thì Độc Lạ	Love Bites	Ringer;Thun	https://cdn.shopify.com/s/files/1/0918/5597/8816/files/MH2627MHdenc_tr_ngsau.jpg	https://luonvuituoi.co/products/ao-thun-ringer-relaxed-fit-dung-người-thi-dộc-lạ	2026-02-07
I Love NTR	Love Bites	Ringer;Dài tay;Thun	https://cdn.shopify.com/s/files/1/0918/5597/8816/files/MH2335MHdenc_tr_ngtr_c_c44d9d14-efaa-4815-b448-e4d1140bb9ec.jpg	https://luonvuituoi.co/products/ao-thun-ringer-relaxed-fit-i-love-ntr	2025-12-23
I Told Gemini About You	Love Bites	Ringer;Thun	https://cdn.shopify.com/s/files/1/0918/5597/8816/files/MH2832MHtr_ngc_densau.jpg	https://luonvuituoi.co/products/ao-thun-ringer-relaxed-fit-i-told-gemini-about-you	2026-03-20
Khoai To Thì Cho Làm Quen	Love Bites	Ringer;Thun	https://cdn.shopify.com/s/files/1/0918/5597/8816/files/MH2636MHtr_ngc_dentr_c.jpg	https://luonvuituoi.co/products/ao-thun-ringer-relaxed-fit-khoai-to-thi-cho-lam-quen	2026-02-07
Mông To Thì Cho Làm Quen	Love Bites	Ringer;Thun	https://cdn.shopify.com/s/files/1/0918/5597/8816/files/MH2639MHtr_ngc_dentr_c.jpg	https://luonvuituoi.co/products/ao-thun-ringer-relaxed-fit-mong-to-thi-cho-lam-quen	2026-02-07
Người Cùng Bám Kính	Love Bites	Ringer	https://cdn.shopify.com/s/files/1/0918/5597/8816/files/MH2961MHtr_ngc_densau.jpg	https://luonvuituoi.co/products/ao-thun-ringer-relaxed-fit-người-cung-bam-kinh	2026-05-22
Show Me Your Books	Love Bites	Ringer;Thun	https://cdn.shopify.com/s/files/1/0918/5597/8816/files/MH2335MHtr_ngc_dentr_c.jpg	https://luonvuituoi.co/products/ao-thun-ringer-relaxed-fit-show-me-your-books	2026-03-03
Từng Chơi Trần	Love Bites	Ringer;Thun	https://cdn.shopify.com/s/files/1/0918/5597/8816/files/MH2963MHtr_ngc_densau.jpg	https://luonvuituoi.co/products/ao-thun-ringer-relaxed-fit-từng-chơi-trần	2026-04-29
Yêu Nhiều Khó Tính	Love Bites	Ringer;Thun	https://cdn.shopify.com/s/files/1/0918/5597/8816/files/HT0084HTtr_ngc_densau.jpg	https://luonvuituoi.co/products/ao-thun-ringer-relaxed-fit-yeu-nhiều-kho-tinh	2026-04-10
Tinh Nhiều Khó Yếu	Love Bites	Ringer;Thun	https://cdn.shopify.com/s/files/1/0918/5597/8816/files/HT0085HTtr_ngc_densau.jpg	https://luonvuituoi.co/products/ao-thun-ringer-relaxed-fit-tinh-nhiều-kho-yếu	2026-04-10
I Think I Love	Love Bites	Ringer;Thun	https://cdn.shopify.com/s/files/1/0918/5597/8816/files/HT0081HTtr_ngc_densau.jpg	https://luonvuituoi.co/products/ao-thun-ringer-relaxed-fit-i-think-i-love	2026-04-10
Đau Trên Đường Tình	Love Bites	Ringer;Thun	https://cdn.shopify.com/s/files/1/0918/5597/8816/files/HT000078HTtr_ngc_densau.jpg	https://luonvuituoi.co/products/ao-thun-ringer-relaxed-fit-dau-tren-dường-tinh	2026-04-10
Con Cá Phải Trả Gió	Love Bites	Ringer;Thun	https://cdn.shopify.com/s/files/1/0918/5597/8816/files/HT0093HTtr_ngc_densau.jpg	https://luonvuituoi.co/products/ao-thun-ringer-relaxed-fit-con-ca-phải-trả-gio	2026-04-10
Cục Nợ	Love Bites	Ringer;Thun	https://cdn.shopify.com/s/files/1/0918/5597/8816/files/HN0117HNtr_ngc_densau.jpg	https://luonvuituoi.co/products/ao-thun-ringer-relaxed-fit-cục-nợ	2026-05-21
Lời Đường Mật	Love Bites	Ringer;Dài tay;Thun	https://cdn.shopify.com/s/files/1/0918/5597/8816/files/NT069NTtr_ngc_dentr_c.jpg	https://luonvuituoi.co/products/ao-thun-ringer-relaxed-fit-lời-dường-mật	2025-06-18
Gọi Em Là Đồng Nát	Love Bites	Ringer;Dài tay;Thun	https://cdn.shopify.com/s/files/1/0918/5597/8816/files/NT056NTtr_ngc_dentr_c.jpg	https://luonvuituoi.co/products/ao-thun-ringer-relaxed-fit-gọi-em-la-dồng-nat	2025-06-18
Tập Làm Cô Tấm - Tấm Quan Đeo	Love Bites	Ringer;Thun	https://cdn.shopify.com/s/files/1/0918/5597/8816/files/NT3270296NTtr_ngc_densau.jpg	https://luonvuituoi.co/products/ao-thun-ringer-relaxed-fit-tập-lam-co-tấm-tấm-quan-deo	2025-12-04
I Dont Need Chat Gpt My Hubby Knows Everthing	Love Bites	Ringer	https://cdn.shopify.com/s/files/1/0918/5597/8816/files/NT31370NTtr_ngc_densau.jpg	https://luonvuituoi.co/products/ao-thun-ringer-relaxed-fit-i-dont-need-chat-gpt-my-hubby-knows-everthing	2026-05-22
Gọi Anh Là Đồ Đồng Nát	Love Bites	Ringer;Dài tay;Thun	https://cdn.shopify.com/s/files/1/0918/5597/8816/files/NT055NTtr_ngc_dentr_c.jpg	https://luonvuituoi.co/products/ao-thun-ringer-relaxed-fit-gọi-anh-la-dồ-dồng-nat	2025-06-18
Gái Ngoan	Love Bites	Ringer;Thun	https://cdn.shopify.com/s/files/1/0918/5597/8816/files/NT31511NTdenc_tr_ngtr_c.jpg	https://luonvuituoi.co/products/ao-thun-ringer-relaxed-fit-gai-ngoan	2026-03-30
Thích Con Gái	Lifey Stuff	Thun	https://cdn.shopify.com/s/files/1/0918/5597/8816/files/kemtr_c_98222a5d-7003-41e5-bf75-bdf7808f79b8.png	https://luonvuituoi.co/products/ao-thun-thich-con-gai	2026-05-22
Sống Stress Có Nhau	Lifey Stuff	Thun	https://cdn.shopify.com/s/files/1/0918/5597/8816/files/vangtr_c_a74fcce9-4163-4a5e-8253-9e6c39676c54.png	https://luonvuituoi.co/products/ao-thun-sống-stress-co-nhau	2026-05-22
Work For Tiền-đồ	Trơi Bời	Thun	https://cdn.shopify.com/s/files/1/0918/5597/8816/files/tr_ngtr_c_498080ff-7d64-40e8-8bc4-652cced66cbd.png	https://luonvuituoi.co/products/ao-thun-work-for-tiền-dồ	2026-05-22
Cổ điển & Tôn trọng	Lifey Stuff	Thun	https://cdn.shopify.com/s/files/1/0918/5597/8816/files/dentr_c_3a26370b-aa66-4dc3-bfaf-749e4e40cd93.png	https://luonvuituoi.co/products/ao-thun-cổ-diển-ton-trọng-1	2026-05-22
Do July Me	Love Bites	Ringer;Thun	https://cdn.shopify.com/s/files/1/0918/5597/8816/files/TL2420TLdenc_tr_ngsau_ae7a6b06-8d05-4291-8385-a858f16ecaf4.jpg	https://luonvuituoi.co/products/ao-thun-ringer-relaxed-fit-do-july-me-1	2026-04-20
Bad Choices Good Stories	Love Bites	Ringer;Thun	https://cdn.shopify.com/s/files/1/0918/5597/8816/files/TL2115TLtr_ngc_dentr_c.jpg	https://luonvuituoi.co/products/ao-thun-ringer-relaxed-fit-do-july-me	2026-02-26
Don't Need Chatgpt	Love Bites	Ringer;Dài tay;Thun	https://cdn.shopify.com/s/files/1/0918/5597/8816/files/TL2001TLdenc_tr_ngtr_c.jpg	https://luonvuituoi.co/products/ao-thun-ringer-relaxed-fit-dont-need-chatgpt	2025-12-30
Eyeline You	Love Bites	Ringer;Thun	https://cdn.shopify.com/s/files/1/0918/5597/8816/files/TL2421TLdenc_tr_ngsau.jpg	https://luonvuituoi.co/products/ao-thun-ringer-relaxed-fit-eyeline-you	2026-04-20
I'm So Sexy That Even Life Gets Hard	Love Bites	Ringer;Thun	https://cdn.shopify.com/s/files/1/0918/5597/8816/files/TL2116TLtr_ngc_dentr_c.jpg	https://luonvuituoi.co/products/ao-thun-ringer-relaxed-fit-im-so-sexy-that-even-life-gets-hard	2026-02-26
Một Hai Bông Hoa	Love Bites	Ringer;Thun	https://cdn.shopify.com/s/files/1/0918/5597/8816/files/TL2289TLdenc_tr_ngsau.jpg	https://luonvuituoi.co/products/ao-thun-ringer-relaxed-fit-một-hai-bong-hoa	2026-03-13
Please Do Not Touch	Love Bites	Ringer;Thun	https://cdn.shopify.com/s/files/1/0918/5597/8816/files/TL2114TLtr_ngc_dentr_c.jpg	https://luonvuituoi.co/products/ao-thun-ringer-relaxed-fit-please-do-not-touch	2026-02-26
Tiền Âm Thì Nhiều Tình Yêu Thì Nhầm	Love Bites	Ringer;Dài tay;Thun	https://cdn.shopify.com/s/files/1/0918/5597/8816/files/TL1942TLtr_ngc_dentr_c.jpg	https://luonvuituoi.co/products/ao-thun-ringer-relaxed-fit-bad-choices-good-stories	2025-12-02
Why I Am Single	Love Bites	Ringer;Thun	https://cdn.shopify.com/s/files/1/0918/5597/8816/files/MH2651MHtr_ngc_dentr_c.jpg	https://luonvuituoi.co/products/ao-thun-ringer-relaxed-fit-why-i-am-single	2026-02-07
Ủa Người Đẹp	Love Bites	Ringer;Thun	https://cdn.shopify.com/s/files/1/0918/5597/8816/files/MH2818MHtr_ngc_dentr_c.jpg	https://luonvuituoi.co/products/ao-thun-ringer-relaxed-fit-ủa-người-dẹp	2026-03-19
Too Pretty To Single	Love Bites	Ringer;Thun	https://cdn.shopify.com/s/files/1/0918/5597/8816/files/MH2648MHtr_ngc_dentr_c.jpg	https://luonvuituoi.co/products/ao-thun-ringer-relaxed-fit-too-pretty-to-single	2026-02-07
Tình Iu Vĩnh Cửu	Love Bites	Ringer;Dài tay;Thun	https://cdn.shopify.com/s/files/1/0918/5597/8816/files/MH1679MHtr_ngc_dentr_c.jpg	https://luonvuituoi.co/products/ao-thun-ringer-relaxed-fit-my-heart-says-yes-copy	2025-07-25
My Heart Says Yes	Love Bites	Ringer;Thun	https://cdn.shopify.com/s/files/1/0918/5597/8816/files/MH2689MHtr_ngc_dentr_c.jpg	https://luonvuituoi.co/products/ao-thun-ringer-relaxed-fit-my-ex-is-my-biggest-fan-copy	2026-03-03
My Ex Is My Biggest Fan	Love Bites	Ringer;Thun	https://cdn.shopify.com/s/files/1/0918/5597/8816/files/MH2640MHtr_ngc_dentr_c.jpg	https://luonvuituoi.co/products/ao-thun-ringer-relaxed-fit-my-ex-is-my-biggest-fan	2026-02-07
Mặt Anh Ngu	Love Bites	Ringer;Thun	https://cdn.shopify.com/s/files/1/0918/5597/8816/files/MH2815MHtr_ngc_dentr_c.jpg	https://luonvuituoi.co/products/ao-thun-ringer-relaxed-fit-mặt-anh-ngu	2026-03-19
Iphone Thì Có	Love Bites	Ringer;Thun	https://cdn.shopify.com/s/files/1/0918/5597/8816/files/MH2814MHtr_ngc_dentr_c.jpg	https://luonvuituoi.co/products/ao-thun-ringer-relaxed-fit-iphone-thi-co	2026-03-19
Im Gonna Cum	Love Bites	Ringer;Thun	https://cdn.shopify.com/s/files/1/0918/5597/8816/files/MH2688MHtr_ngc_dentr_c.jpg	https://luonvuituoi.co/products/ao-thun-ringer-relaxed-fit-im-gonna-cum	2026-03-03
I Love Me	Love Bites	Ringer;Thun	https://cdn.shopify.com/s/files/1/0918/5597/8816/files/MH0016NQtr_ngc_dentr_c.jpg	https://luonvuituoi.co/products/ao-thun-ringer-relaxed-fit-i-love-me	2026-03-27
Đã Có Con	Love Bites	Ringer;Thun	https://cdn.shopify.com/s/files/1/0918/5597/8816/files/MH2654MHtr_ngc_dentr_c_637402d0-684d-4cf3-973c-7b70e4ae1675.jpg	https://luonvuituoi.co/products/ao-thun-relaxed-fit-da-co-con	2026-02-07
Công Thức Tình Iu	Love Bites	Ringer;Dài tay;Thun	https://cdn.shopify.com/s/files/1/0918/5597/8816/files/MH1692MHtr_ngc_densau.jpg	https://luonvuituoi.co/products/ao-thun-ringer-relaxed-fit-chuc-mừng-mất-trinh-copy	2025-07-26
Chúc Mừng Mất Trinh	Love Bites	Ringer;Dài tay;Thun	https://cdn.shopify.com/s/files/1/0918/5597/8816/files/MH1724MHdenc_tr_ngsau.jpg	https://luonvuituoi.co/products/ao-thun-ringer-relaxed-fit-chuc-mừng-mất-trinh	2025-08-05
Tấm Chân Tình	Love Bites	Ringer;Dài tay;Thun	https://cdn.shopify.com/s/files/1/0918/5597/8816/files/MH1636MHtr_ngc_densau.jpg	https://luonvuituoi.co/products/ao-thun-ringer-relaxed-fit-tấm-chan-tinh	2025-07-09
Người Từng Cùng Đót Ghi	Love Bites	Ringer	https://cdn.shopify.com/s/files/1/0918/5597/8816/files/MH3005MHtr_ngc_densau_ac175296-4f8c-4c50-baad-35698551189b.jpg	https://luonvuituoi.co/products/ao-thun-ringer-relaxed-fit-người-từng-cung-dot-ghi	2026-05-21
Người Từng Bắn Trong	Love Bites	Ringer;Thun	https://cdn.shopify.com/s/files/1/0918/5597/8816/files/MH3005MHdenc_tr_ngsau.jpg	https://luonvuituoi.co/products/ao-thun-ringer-relaxed-fit-người-từng-bắn-trong	2026-05-18
Không Tin Đàn Ông - Tồi Thì Tin	Love Bites	Ringer;Thun	https://cdn.shopify.com/s/files/1/0918/5597/8816/files/MH2337MHdenc_tr_ngsau.jpg	https://luonvuituoi.co/products/ao-thun-ringer-relaxed-fit-khong-tin-dan-ong-tồi-thi-tin	2025-12-23
Gái Đẹp	Love Bites	Ringer;Dài tay;Thun	https://cdn.shopify.com/s/files/1/0918/5597/8816/files/MH1776MHtr_ngc_dentr_c.jpg	https://luonvuituoi.co/products/ao-thun-ringer-relaxed-fit-gai-dẹp	2025-08-18
Do You Love Me	Love Bites	Ringer;Thun	https://cdn.shopify.com/s/files/1/0918/5597/8816/files/MH0022HTtr_ngc_dentr_c.jpg	https://luonvuituoi.co/products/ao-thun-ringer-relaxed-fit-do-you-love-me	2026-03-26
Break Limits	Love Bites	Ringer;Thun	https://cdn.shopify.com/s/files/1/0918/5597/8816/files/MH2706MHdenc_tr_ngsau.jpg	https://luonvuituoi.co/products/ao-thun-ringer-relaxed-fit-break-limits	2026-03-07
Green Flag	Love Bites	Ringer;Thun	https://cdn.shopify.com/s/files/1/0918/5597/8816/files/MH2687MHtr_ngc_dentr_c.jpg	https://luonvuituoi.co/products/ao-thun-ringer-relaxed-fit-green-flag	2026-03-03
Sói Cô Độc	Love Bites;Lifey Stuff	Ringer;Dài tay;Thun	https://cdn.shopify.com/s/files/1/0918/5597/8816/files/NT32596NTtr_ngc_dentr_c.jpg	https://luonvuituoi.co/products/ao-thun-ringer-relaxed-fit-soi-co-dộc	2025-10-21
Không NYC	Love Bites	Ringer;Dài tay;Thun	https://cdn.shopify.com/s/files/1/0918/5597/8816/files/NT038NTtr_ngc_dentr_c.jpg	https://luonvuituoi.co/products/ao-thun-ringer-relaxed-fit-khong-nyc	2025-06-20
Khóa Cửa Trái Tym	Love Bites	Ringer;Dài tay;Thun	https://cdn.shopify.com/s/files/1/0918/5597/8816/files/NT068NTtr_ngc_dentr_c_26323a61-1454-4f12-9d1b-8e5fa2eb943c.jpg	https://luonvuituoi.co/products/ao-thun-ringer-relaxed-fit-khoa-cửa-trai-tym	2025-06-18
I Don't Need Chat Gpt, My Wife Knows Everything	Love Bites	Ringer;Thun	https://cdn.shopify.com/s/files/1/0918/5597/8816/files/NT31369NTtr_ngc_densau.jpg	https://luonvuituoi.co/products/ao-thun-ringer-relaxed-fit-i-dont-need-chat-gpt-my-wife-knows-everything	2026-03-04
Muốn Nhanh Đến Vạch Đích	Lifey Stuff	Thun	https://cdn.shopify.com/s/files/1/0918/5597/8816/files/kemtr_c_0b620134-2da0-4c32-a8d1-b885c985afa9.png	https://luonvuituoi.co/products/ao-thun-muốn-nhanh-dến-vạch-dich	2026-05-20
Gâu Gâu	Love Bites	Ringer;Dài tay;Thun	https://cdn.shopify.com/s/files/1/0918/5597/8816/files/NT31115NTdenc_tr_ngtr_c.jpg	https://luonvuituoi.co/products/ao-thun-ringer-relaxed-fit-gau-gau	2025-12-24
Em Đừng Có Mà Dụ Tôi	Love Bites	Ringer;Dài tay;Thun	https://cdn.shopify.com/s/files/1/0918/5597/8816/files/NT3270295NTdenc_tr_ngtr_c.jpg	https://luonvuituoi.co/products/ao-thun-ringer-relaxed-fit-em-dừng-co-ma-dụ-toi	2025-12-04
Em Cho Tôi Một Kí Ức	Love Bites	Ringer	https://cdn.shopify.com/s/files/1/0918/5597/8816/files/NT327030NTtr_ngc_densau.jpg	https://luonvuituoi.co/products/ao-thun-ringer-relaxed-fit-em-cho-toi-một-ki-ức	2026-05-20
Đừng Làm Trái Tim Anh Đau	Love Bites	Ringer;Thun	https://cdn.shopify.com/s/files/1/0918/5597/8816/files/NT054NTtr_ngc_dentr_c.jpg	https://luonvuituoi.co/products/ao-thun-ringer-relaxed-fit-dừng-lam-trai-tim-anh-dau	2025-06-18
Dị Ứng Với Hải Sản	Love Bites	Ringer;Dài tay;Thun	https://cdn.shopify.com/s/files/1/0918/5597/8816/files/NT32471NTdenc_tr_ngsau.jpg	https://luonvuituoi.co/products/ao-thun-ringer-relaxed-fit-dị-ứng-với-hải-sản	2025-09-18
Big Cu - Bạn Đã Thử Chưa	Love Bites	Ringer;Thun	https://cdn.shopify.com/s/files/1/0918/5597/8816/files/NT31512NTdenc_tr_ngtr_c.jpg	https://luonvuituoi.co/products/ao-thun-ringer-relaxed-fit-big-cu-bạn-da-thử-chưa	2026-04-15
Trai Ngoan	Love Bites	Ringer;Thun	https://cdn.shopify.com/s/files/1/0918/5597/8816/files/NT31510NTdenc_tr_ngtr_c.jpg	https://luonvuituoi.co/products/ao-thun-ringer-relaxed-fit-uống-bia-nhưng-say-em-copy	2026-03-30
Uống Bia Nhưng Say Em	Love Bites	Ringer;Dài tay;Thun	https://cdn.shopify.com/s/files/1/0918/5597/8816/files/NT74215NTdenc_tr_ngsau.jpg	https://luonvuituoi.co/products/ao-thun-ringer-relaxed-fit-uống-bia-nhưng-say-em	2025-07-08
Vodka Did	Love Bites	Ringer;Dài tay;Thun	https://cdn.shopify.com/s/files/1/0918/5597/8816/files/TL1992TLTL1992Tldenc_tr_ngsau.jpg	https://luonvuituoi.co/products/ao-thun-ringer-relaxed-fit-vodka-did	2025-12-26
Mở Cửa Trái Tim	Love Bites	Ringer	https://cdn.shopify.com/s/files/1/0918/5597/8816/files/TL1705TLTL1705TLtr_ngc_dentr_c.jpg	https://luonvuituoi.co/products/ao-thun-ringer-relaxed-fit-mở-cửa-trai-tim	2026-05-20
Khóa Cửa Trái Tim	Love Bites	Ringer	https://cdn.shopify.com/s/files/1/0918/5597/8816/files/TL1706TLtr_ngc_dentr_c.jpg	https://luonvuituoi.co/products/ao-thun-ringer-relaxed-fit-khoa-cửa-trai-tim	2026-05-20
The Gunner	Bóng Đá	Thun	https://cdn.shopify.com/s/files/1/0918/5597/8816/files/TheGunnerHT0181HTm_tsaukem.png	https://luonvuituoi.co/products/ao-thun-the-gunner	2026-05-20
I Told The Sunset About You	Love Bites	Ringer;Thun	https://cdn.shopify.com/s/files/1/0918/5597/8816/files/TL2209TLtr_ngc_densau.jpg	https://luonvuituoi.co/products/ao-thun-ringer-relaxed-fit-i-told-the-sunset-about-you	2026-02-28
The Wait Is Over	Bóng Đá	Thun	https://cdn.shopify.com/s/files/1/0918/5597/8816/files/TheWaitIsOverHN0116HNd_sau.png	https://luonvuituoi.co/products/ao-thun-the-wait-is-over	2026-05-20
I Prefer Vodka	Love Bites	Ringer;Dài tay;Thun	https://cdn.shopify.com/s/files/1/0918/5597/8816/files/TL1991TLdenc_tr_ngtr_c.jpg	https://luonvuituoi.co/products/ao-thun-ringer-relaxed-fit-i-prefer-vodka	2025-12-26
Gì Cũng Có Nhưng Không Có Em	Love Bites	Ringer;Dài tay;Thun	https://cdn.shopify.com/s/files/1/0918/5597/8816/files/TTL1706TLdenc_tr_ngsau.jpg	https://luonvuituoi.co/products/ao-thun-ringer-relaxed-fit-gi-cung-co-nhưng-khong-co-em	2025-12-02
Free & Available	Love Bites	Ringer;Dài tay;Thun	https://cdn.shopify.com/s/files/1/0918/5597/8816/files/TL1859TLdenc_tr_ngtr_c.jpg	https://luonvuituoi.co/products/ao-thun-ringer-relaxed-fit-free-available	2025-10-20
Đẹp Và Tàn Nhẫn	Love Bites	Ringer;Dài tay;Thun	https://cdn.shopify.com/s/files/1/0918/5597/8816/files/denc_tr_ngtr_c_0067adda-0fa4-4f48-bd20-073fb9c715f7.jpg	https://luonvuituoi.co/products/ao-thun-ringer-relaxed-fit-dẹp-va-tan-nhẫn	2025-12-02
Sáng Nhớ Chiều Sang	Love Bites	Ringer;Thun	https://cdn.shopify.com/s/files/1/0918/5597/8816/files/HT0086HTdenc_tr_ngsau.jpg	https://luonvuituoi.co/products/ao-thun-ringer-relaxed-fit-sang-nhớ-chiều-sang	2026-04-10
Làm Tí Lúa Mạch Hông Cưng	Lifey Stuff	Thun	https://cdn.shopify.com/s/files/1/0918/5597/8816/files/kemtr_c_5991c47c-e8ce-45e9-b1af-447472c08bc1.png	https://luonvuituoi.co/products/ao-thun-lam-ti-lua-mạch-hong-cưng	2026-05-20
Trạng Thái Của Tôi	Lifey Stuff	Thun	https://cdn.shopify.com/s/files/1/0918/5597/8816/files/ghitr_c_0c3cb92c-3fe5-4d5f-bde7-74e1e193ebb9.png	https://luonvuituoi.co/products/ao-thun-trạng-thai-của-toi	2026-05-20
Dân Anh Chị	Lifey Stuff	Thun	https://cdn.shopify.com/s/files/1/0918/5597/8816/files/h_ngtr_c_5b85ec75-64ba-4230-8f2e-19d30a005fb8.png	https://luonvuituoi.co/products/ao-thun-dan-anh-chị	2026-05-20
Làm Tí Mát Mẻ Hông Cưng	Lifey Stuff	Thun	https://cdn.shopify.com/s/files/1/0918/5597/8816/files/dentr_c_0e5d40a9-edc4-4ed5-9491-76ebbd44e8f3.png	https://luonvuituoi.co/products/ao-thun-lam-ti-mat-mẻ-hong-cưng	2026-05-20
Đẹp Trai Không Drive	Pickleball	Thun	https://cdn.shopify.com/s/files/1/0918/5597/8816/files/D_pTraiKhongDriveHT0169HTm_tsauden.png	https://luonvuituoi.co/products/ao-thun-dẹp-trai-khong-drive	2026-05-19
Không Phận Sự Xin Đừng Vào	Love Bites	Ringer;Dài tay;Thun	https://cdn.shopify.com/s/files/1/0918/5597/8816/files/TL1526TLtr_ngc_dentr_c.jpg	https://luonvuituoi.co/products/ao-thun-ringer-relaxed-fit-khong-phận-sự-xin-dừng-vao	2025-06-20
Người Vui Vẻ - Tim Sứt Mẻ	Love Bites	Ringer;Dài tay;Thun	https://cdn.shopify.com/s/files/1/0918/5597/8816/files/TL1854TLtr_ngc_dentr_c.jpg	https://luonvuituoi.co/products/ao-thun-ringer-relaxed-fit-người-vui-vẻ-tim-sứt-mẻ	2025-10-18
Hey Siri	Love Bites	Ringer;Dài tay;Thun	https://cdn.shopify.com/s/files/1/0918/5597/8816/files/TL1064TLtr_ngc_dentr_c.jpg	https://luonvuituoi.co/products/ao-thun-ringer-relaxed-fit-hey-siri	2025-06-19
Chúng Mình Có Nhau	Love Bites	Ringer;Dài tay;Thun	https://cdn.shopify.com/s/files/1/0918/5597/8816/files/NT053NTNT053NTtr_ngc_dentr_c_c1e1f484-b887-4725-90ec-bd949e33eaaa.jpg	https://luonvuituoi.co/products/ao-thun-ringer-relaxed-fit-chung-minh-co-nhau	2025-06-18
Em Bé	Love Bites	Ringer;Dài tay;Thun	https://cdn.shopify.com/s/files/1/0918/5597/8816/files/NT3270284NTdenc_tr_ngtr_c_1680fe49-effd-43d5-a7c0-2537adb1885a.jpg	https://luonvuituoi.co/products/ao-thun-ringer-relaxed-fit-em-be	2025-12-24
Giọng Em Ngọt Như Chè - Chè Không Nịch	Love Bites	Ringer;Thun	https://cdn.shopify.com/s/files/1/0918/5597/8816/files/NT31451NTdenc_tr_ngsau.jpg	https://luonvuituoi.co/products/ao-thun-ringer-relaxed-fit-giọng-em-ngọt-như-che-che-khong-nịch	2026-03-18
I Trust Chat GPT Than I Trust You	Love Bites	Ringer;Dài tay;Thun	https://cdn.shopify.com/s/files/1/0918/5597/8816/files/NT31150NTtr_ngc_densau_fe609ce7-3483-4cf6-9363-fe7e09903542.jpg	https://luonvuituoi.co/products/ao-thun-ringer-relaxed-fit-i-trust-chat-gpt-than-i-trust-you	2025-12-24
Tình Mình Chấm Hết	Love Bites	Ringer;Dài tay;Thun	https://cdn.shopify.com/s/files/1/0918/5597/8816/files/NT74214NTdenc_tr_ngsau_84f9812f-6bd7-4f2c-afef-985bf4857132.jpg	https://luonvuituoi.co/products/ao-thun-ringer-relaxed-fit-tinh-minh-chấm-hết	2025-07-08
Red Flag	Love Bites	Ringer;Thun	https://cdn.shopify.com/s/files/1/0918/5597/8816/files/MH2690MHtr_ngc_dentr_c.jpg	https://luonvuituoi.co/products/ao-thun-ringer-relaxed-fit-red-flag	2026-03-03
Chó Nó Yêu	Love Bites	Ringer;Dài tay;Thun	https://cdn.shopify.com/s/files/1/0918/5597/8816/files/NT327037NTNT327037NTdenc_tr_ngtr_c.jpg	https://luonvuituoi.co/products/ao-thun-ringer-relaxed-fit-cho-no-yeu	2025-11-27
Con Chó	Love Bites	Ringer;Dài tay;Thun	https://cdn.shopify.com/s/files/1/0918/5597/8816/files/NT327038NTdenc_tr_ngtr_c.jpg	https://luonvuituoi.co/products/ao-thun-ringer-relaxed-fit-con-cho	2025-11-27
Yêu Một Người	Love Bites	Ringer;Dài tay;Thun	https://cdn.shopify.com/s/files/1/0918/5597/8816/files/MH1738MHdenc_tr_ngsau.jpg	https://luonvuituoi.co/products/ao-thun-ringer-relaxed-fit-yeu-một-người	2025-08-09
Tự Hào Sợ Vợ	Love Bites	Ringer;Thun	https://cdn.shopify.com/s/files/1/0918/5597/8816/files/MH0012NQdenc_tr_ngtr_c.jpg	https://luonvuituoi.co/products/ao-thun-ringer-relaxed-fit-tự-hao-sợ-vợ	2026-03-25
Tán 7 Em	Love Bites	Ringer;Dài tay;Thun	https://cdn.shopify.com/s/files/1/0918/5597/8816/files/MH1637MHdenc_tr_ngsau.jpg	https://luonvuituoi.co/products/ao-thun-ringer-relaxed-fit-tan-7-em	2025-07-09
Lốp Trưởng	Love Bites	Ringer;Dài tay;Thun	https://cdn.shopify.com/s/files/1/0918/5597/8816/files/MH1669MHdenc_tr_ngsau.jpg	https://luonvuituoi.co/products/ao-thun-ringer-relaxed-fit-lốp-trưởng	2025-07-19
Good In Bed	Love Bites	Ringer;Dài tay;Thun	https://cdn.shopify.com/s/files/1/0918/5597/8816/files/MH1643MHnavyc_tr_ngtr_c.jpg	https://luonvuituoi.co/products/ao-thun-ringer-relaxed-fit-good-in-bed	2025-07-11
Big Dick King	Love Bites	Ringer;Dài tay;Thun	https://cdn.shopify.com/s/files/1/0918/5597/8816/files/MH1216MHdenc_tr_ngtr_c.jpg	https://luonvuituoi.co/products/ao-thun-ringer-relaxed-fit-big-dick-king	2025-06-20
Anh Qua Em Nha	Love Bites	Ringer;Dài tay;Thun	https://cdn.shopify.com/s/files/1/0918/5597/8816/files/MH2334MHdenc_tr_ngtr_c.jpg	https://luonvuituoi.co/products/ao-thun-ringer-relaxed-fit-anh-qua-em-nha	2025-12-23
Don't Smash My Head	Cầu Lông	Ringer	https://cdn.shopify.com/s/files/1/0918/5597/8816/files/navyc_tr_ngsau_7f786db3-579d-4a03-900a-94b489877051.jpg	https://luonvuituoi.co/products/ao-ringer-relaxed-fit-dont-smash-my-head	2026-05-19
Don't Smash Into My Head	Cầu Lông	Thun	https://cdn.shopify.com/s/files/1/0918/5597/8816/files/m_tsaunavy_448aae2e-24d2-4360-8389-39eba5d7c3a8.png	https://luonvuituoi.co/products/ao-thun-dont-smash-into-my-head	2026-05-19
Tequila Did	Love Bites	Ringer;Ba lỗ;Dài tay;Thun	https://cdn.shopify.com/s/files/1/0918/5597/8816/files/denc_tr_ngsau_8764328c-0c4f-4438-8193-601dd8733a95.jpg	https://luonvuituoi.co/products/ao-thun-ringer-relaxed-fit-tequila-did	2025-12-26
Làm Lành Chữa Tình	Love Bites	Ringer;Ba lỗ;Dài tay;Thun	https://cdn.shopify.com/s/files/1/0918/5597/8816/files/MH23670MHtr_ngc_dentr_c.jpg	https://luonvuituoi.co/products/ao-thun-ringer-relaxed-fit-lam-lanh-chữa-tinh	2025-12-31
Sát Vợ Tao Rồi	Love Bites;Couple Goals	Ringer;Ba lỗ;Dài tay;Thun	https://cdn.shopify.com/s/files/1/0918/5597/8816/files/MH1630MHtr_ngc_dentr_c.jpg	https://luonvuituoi.co/products/ao-thun-ringer-relaxed-fit-sat-vợ-tao-rồi	2025-07-07
Sát Chồng Tao Rồi	Love Bites;Couple Goals	Ringer;Ba lỗ;Dài tay;Thun	https://cdn.shopify.com/s/files/1/0918/5597/8816/files/MH1629MHtr_ngc_dentr_c.jpg	https://luonvuituoi.co/products/ao-thun-ringer-relaxed-fit-sat-chồng-tao-rồi	2025-07-07
Thương Bạn Trai	Couple Goals	Thun	https://cdn.shopify.com/s/files/1/0918/5597/8816/files/Th_ngB_nTraiHT0168HTm_tsauden.png	https://luonvuituoi.co/products/ao-thun-thương-bạn-trai	2026-05-18
Thương Bạn Gái	Couple Goals	Thun	https://cdn.shopify.com/s/files/1/0918/5597/8816/files/Th_ngB_nGaiHT0167HTm_tsauden.png	https://luonvuituoi.co/products/ao-thun-thương-bạn-gai	2026-05-18
Ân Oán Sân Cầu	Cầu Lông	Thun	https://cdn.shopify.com/s/files/1/0918/5597/8816/files/AnOanSanC_uHT0166HTd_sau.png	https://luonvuituoi.co/products/ao-thun-an-oan-san-cầu	2026-05-18
Phụ Nữ Đẹp Nhất	Love Bites	Ringer;Ba lỗ;Thun	https://cdn.shopify.com/s/files/1/0918/5597/8816/files/MH2693MHtr_ngc_densau.jpg	https://luonvuituoi.co/products/ao-thun-ringer-relaxed-fit-phụ-nữ-dẹp-nhất	2026-03-03
Em Yêu Tất Cả Các Anh	Love Bites	Ringer	https://cdn.shopify.com/s/files/1/0918/5597/8816/files/MH2150MHAORINGERSAU-Recoveredcopy.jpg	https://luonvuituoi.co/products/ao-thun-ringer-relaxed-fit-em-yeu-tất-cả-cac-anh	2026-05-18
Đi Yêu Nghề Về Iu Vợ	Love Bites;Job;Couple Goals	Ringer;Ba lỗ;Dài tay;Sweater;Thun	https://cdn.shopify.com/s/files/1/0918/5597/8816/files/MH2294MHtr_ngc_dentr_c.jpg	https://luonvuituoi.co/products/ao-thun-ringer-relaxed-fit-di-yeu-nghề-về-iu-vợ	2025-12-05
Đi Yêu Nghề Về Iu Chồng	Love Bites;Couple Goals	Ringer;Thun	https://cdn.shopify.com/s/files/1/0918/5597/8816/files/MH2686MHtr_ngc_dentr_c.jpg	https://luonvuituoi.co/products/ao-thun-ringer-relaxed-fit-di-yeu-nghề-về-iu-chồng	2026-03-03
Đàn Ông Đẹp Nhất	Love Bites	Ringer;Ba lỗ;Thun	https://cdn.shopify.com/s/files/1/0918/5597/8816/files/MH2692MHtr_ngc_densau.jpg	https://luonvuituoi.co/products/mh2692mh	2026-03-03
Where Did All Your Money	Cầu Lông	Ringer;Thun	https://cdn.shopify.com/s/files/1/0918/5597/8816/files/tr_ngc_dentr_c_decb73ce-2a30-467c-9f1f-8d761b07d1db.jpg	https://luonvuituoi.co/products/ao-thun-ringer-relaxed-fit-dan-ong-dẹp-nhất	2026-05-06
I Eat Kids	Lifey Stuff	Thun	https://cdn.shopify.com/s/files/1/0918/5597/8816/files/dentr_c_a57a5b0c-2c2f-4bc6-8710-625fdf5ae283.png	https://luonvuituoi.co/products/ao-thun-i-eat-kids	2026-05-18
Thể Hình Gặp Thể Hiện	Chuyện Phòng Gym	Thun	https://cdn.shopify.com/s/files/1/0918/5597/8816/files/ghisau_2c4adbd9-bc02-4856-84ee-fa2d1d2a8f5b.png	https://luonvuituoi.co/products/ao-thun-thể-hinh-gặp-thể-hiện	2026-05-18
My Wife	Couple Goals	Thun	https://cdn.shopify.com/s/files/1/0918/5597/8816/files/d_sau_a8bdbdc1-bd38-474b-a1b1-cab540c7f768.png	https://luonvuituoi.co/products/ao-thun-my-wife	2026-05-18
My Husband	Couple Goals	Thun	https://cdn.shopify.com/s/files/1/0918/5597/8816/files/vangsau_1a906729-c175-4229-9291-66246055b3d8.png	https://luonvuituoi.co/products/ao-thun-my-husband	2026-05-18
Ai Hỏi	Lifey Stuff	Thun	https://cdn.shopify.com/s/files/1/0918/5597/8816/files/vangtr_c_7112f72d-1ce7-4535-972a-91c1a7128a70.png	https://luonvuituoi.co/products/ao-thun-ai-hỏi	2026-05-18
Tôi Yêu Phụ Nữ	Love Bites	Ringer;Ba lỗ;Dài tay;Thun	https://cdn.shopify.com/s/files/1/0918/5597/8816/files/tr_ngc_dentr_c_1592cba4-bc97-4d3d-b3ae-d35a54605e2d.jpg	https://luonvuituoi.co/products/ao-thun-ringer-relaxed-fit-toi-yeu-phụ-nữ	2025-07-08
Nghiện Em	Love Bites	Ringer;Dài tay;Thun	https://cdn.shopify.com/s/files/1/0918/5597/8816/files/denc_tr_ngtr_c_054a4b21-eefd-4898-896c-30d4e6025165.jpg	https://luonvuituoi.co/products/ao-thun-ringer-relaxed-fit-nghiện-em	2025-07-08
Hate First Love Later	Love Bites	Ringer;Ba lỗ;Dài tay;Thun	https://cdn.shopify.com/s/files/1/0918/5597/8816/files/denc_tr_ngtr_c_a5451bd0-a09e-4e99-8c77-f3bfa47e3665.jpg	https://luonvuituoi.co/products/ao-thun-ringer-relaxed-fit-hate-first-love-later	2025-06-20
Hứa Cho Lắm Tắm Cũng Trôi	Love Bites	Ringer;Ba lỗ;Dài tay;Thun	https://cdn.shopify.com/s/files/1/0918/5597/8816/files/tr_ngc_densau_9b271dc3-b943-4997-9f14-2457d6df382f.jpg	https://luonvuituoi.co/products/ao-thun-ringer-relaxed-fit-hứa-cho-lắm-tắm-cung-troi	2025-12-02
Vui Lòng Không Dẫm Lên Trái Tim	Love Bites	Ringer	https://cdn.shopify.com/s/files/1/0918/5597/8816/files/denc_tr_ngtr_c_2dace7b0-718f-4870-af13-867138e83a90.jpg	https://luonvuituoi.co/products/ao-thun-ringer-relaxed-fit-vui-long-khong-dẫm-len-trai-tim	2026-05-18
I Told Chat GPT About Us	Love Bites	Ringer;Thun	https://cdn.shopify.com/s/files/1/0918/5597/8816/files/tr_ngc_densau_aac5d41b-aa90-4f5a-963a-43711223a5d6.jpg	https://luonvuituoi.co/products/ao-thun-ringer-relaxed-fit-i-told-chat-gpt-about-us-1	2026-04-17
I Told Chat GPT About U	Love Bites	Ringer;Thun	https://cdn.shopify.com/s/files/1/0918/5597/8816/files/tr_ngc_densau_23c866b2-87f4-4752-a649-63de113aece2.jpg	https://luonvuituoi.co/products/ao-thun-ringer-relaxed-fit-i-told-chat-gpt-about-us	2025-11-27
I'm Boring Baby	Love Bites	Ringer;Ba lỗ;Dài tay;Thun	https://cdn.shopify.com/s/files/1/0918/5597/8816/files/tr_ngc_dentr_c_716b4f25-4339-4454-a4ac-406fca86d117.jpg	https://luonvuituoi.co/products/ao-thun-ringer-relaxed-fit-im-boring-baby	2025-12-26
Tớ Cảm Ơn	Love Bites	Ringer;Ba lỗ;Dài tay;Thun	https://cdn.shopify.com/s/files/1/0918/5597/8816/files/denc_tr_ngsau_bc682709-4371-438d-9af1-d1fbe99849c2.jpg	https://luonvuituoi.co/products/ao-thun-ringer-relaxed-fit-tớ-cảm-ơn	2025-12-18
Tớ Thích Cậu	Love Bites	Ringer;Ba lỗ;Dài tay;Thun	https://cdn.shopify.com/s/files/1/0918/5597/8816/files/denc_tr_ngsau_a0cdae60-08a0-4503-87eb-90a7e44812d2.jpg	https://luonvuituoi.co/products/ao-thun-ringer-relaxed-fit-tớ-thich-cậu	2025-12-18
Trời Tính	Lifey Stuff	Thun	https://cdn.shopify.com/s/files/1/0918/5597/8816/files/vangtr_c_60d61a10-42a7-4df5-9444-f1b6cd8cd1a0.png	https://luonvuituoi.co/products/ao-thun-trời-tinh	2026-05-16
Mai Tính	Lifey Stuff	Thun	https://cdn.shopify.com/s/files/1/0918/5597/8816/files/kemtr_c_a431ba89-6950-4693-9117-e9f5aa8c76bb.png	https://luonvuituoi.co/products/ao-thun-mai-tinh	2026-05-16
I Love Badminton	Cầu Lông	Ringer;Thun	https://cdn.shopify.com/s/files/1/0918/5597/8816/files/denc_tr_ngtr_c_748da177-92d7-4aae-bd82-caef54b97aec.jpg	https://luonvuituoi.co/products/ao-thun-ringer-relaxed-fit-i-love-badminton	2026-05-09
Fire Badminton	Cầu Lông	Ringer;Thun	https://cdn.shopify.com/s/files/1/0918/5597/8816/files/denc_tr_ngtr_c_2e6a733a-970e-4313-887d-c2ed1d5302ad.jpg	https://luonvuituoi.co/products/ao-thun-ringer-relaxed-fit-fire-badminton	2026-05-09
Mất Cái Em Ơi	Billiard	Thun	https://cdn.shopify.com/s/files/1/0918/5597/8816/files/h_ngsau_628a6a30-ba08-4f0a-bfec-08f5982d6e26.png	https://luonvuituoi.co/products/ao-thun-mất-cai-em-ơi	2026-05-16
Chạy Đạn Đi Anh	Billiard	Thun	https://cdn.shopify.com/s/files/1/0918/5597/8816/files/d_sau_cbda7781-6c77-4f9c-8eb7-e4309005ef19.png	https://luonvuituoi.co/products/ao-thun-chạy-dạn-di-anh	2026-05-16
Câu Bi Anh Ơi	Billiard	Thun	https://cdn.shopify.com/s/files/1/0918/5597/8816/files/ghisau_4babe970-4d8a-4ce0-8160-9e3b93ccd1a4.png	https://luonvuituoi.co/products/ao-thun-cau-bi-anh-ơi	2026-05-16
Chặt Cầu	Cầu Lông	Ringer;Thun	https://cdn.shopify.com/s/files/1/0918/5597/8816/files/denc_tr_ngtr_c_2b7ac46d-d1a1-49d3-9e19-a1497225da2b.jpg	https://luonvuituoi.co/products/ao-thun-ringer-relaxed-fit-chặt-cầu	2026-05-06
Cầu Out Hay In	Cầu Lông	Ringer;Thun	https://cdn.shopify.com/s/files/1/0918/5597/8816/files/tr_ngc_dentr_c_e88d7cfb-5cbd-423b-bbd3-7db330066dfc.jpg	https://luonvuituoi.co/products/ao-thun-ringer-relaxed-fit-cầu-out-hay-in	2026-05-05
Cầu Lông Club	Cầu Lông	Ringer;Thun	https://cdn.shopify.com/s/files/1/0918/5597/8816/files/denc_tr_ngtr_c_7242a8bc-cfc2-4392-9df8-4a3581646f90.jpg	https://luonvuituoi.co/products/ao-thun-ringer-relaxed-fit-cầu-long-club	2026-05-06
Badminton	Cầu Lông	Ringer;Thun	https://cdn.shopify.com/s/files/1/0918/5597/8816/files/denc_tr_ngtr_c_2309a93b-93d6-4d52-a1f9-9126385af36d.jpg	https://luonvuituoi.co/products/ao-thun-ringer-relaxed-fit-badminton	2026-05-05
Ăn Ngủ Cầu Lông	Cầu Lông	Ringer;Thun	https://cdn.shopify.com/s/files/1/0918/5597/8816/files/navyc_tr_ngtr_c_91edb38f-14f0-484f-9394-778609d550fd.jpg	https://luonvuituoi.co/products/ao-thun-ringer-relaxed-fit-an-ngủ-cầu-long	2026-05-05
Will You badminton	Cầu Lông	Ringer	https://cdn.shopify.com/s/files/1/0918/5597/8816/files/denc_tr_ngtr_c_fafa5665-7851-46c9-b31b-36f7470a6a0d.jpg	https://luonvuituoi.co/products/ao-ringer-relaxed-fit-will-you-badminton	2026-05-15
Let's Play Badminton	Cầu Lông	Ringer;Thun	https://cdn.shopify.com/s/files/1/0918/5597/8816/files/denc_tr_ngsau_e3a91824-a164-4ee5-a170-985ee323b0ef.jpg	https://luonvuituoi.co/products/ao-ringer-relaxed-fit-lets-play-badminton	2026-05-05
Làm Tí Kèo Nước	Cầu Lông	Ringer;Thun	https://cdn.shopify.com/s/files/1/0918/5597/8816/files/denc_tr_ngtr_c_9200a226-7ab1-433b-8a67-589ac80bc57d.jpg	https://luonvuituoi.co/products/ao-ringer-relaxed-fit-lam-ti-keo-nước	2026-05-06
Kiếp Ve Cầu	Cầu Lông	Ringer;Thun	https://cdn.shopify.com/s/files/1/0918/5597/8816/files/AORINGERSAU-Recoveredcopy_0ec3beb8-11ea-4d15-be05-0bc47b8ff263.jpg	https://luonvuituoi.co/products/ao-ringer-relaxed-fit-kiếp-ve-cầu	2026-05-05
Giỏi Thì Vào Đánh	Cầu Lông	Ringer;Thun	https://cdn.shopify.com/s/files/1/0918/5597/8816/files/AORINGERSAU-Recoveredcopy_b529b736-d4b6-438c-9d78-ee4d282ef6d7.jpg	https://luonvuituoi.co/products/ao-ringer-relaxed-fit-giỏi-thi-vao-danh	2026-05-09
Evolution Badminton	Cầu Lông	Ringer;Thun	https://cdn.shopify.com/s/files/1/0918/5597/8816/files/tr_ngc_h_ngtr_c_f13898c0-6a35-40fd-af4e-f2b20e0ab943.jpg	https://luonvuituoi.co/products/ao-ringer-relaxed-fit-evolution-badminton	2026-05-09
Đừng Smash	Cầu Lông	Ringer;Thun	https://cdn.shopify.com/s/files/1/0918/5597/8816/files/denc_tr_ngsau_e5aabd01-d3c7-4918-9c44-c3319169a34b.jpg	https://luonvuituoi.co/products/ao-ringer-relaxed-fit-dừng-smash	2026-05-05
Đừng Phông Em Ơi	Cầu Lông	Ringer;Thun	https://cdn.shopify.com/s/files/1/0918/5597/8816/files/denc_tr_ngsau_69699c52-2ec5-4ec6-9082-89d8c05591f0.jpg	https://luonvuituoi.co/products/ao-ringer-relaxed-fit-dừng-phong-em-ơi	2026-05-05
Duckinton	Cầu Lông	Ringer;Thun	https://cdn.shopify.com/s/files/1/0918/5597/8816/files/denc_tr_ngtr_c_7a9eb9aa-82d6-4b28-9e27-04553aa76a7f.jpg	https://luonvuituoi.co/products/ao-ringer-relaxed-fit-duckinton	2026-05-05
Catminton	Cầu Lông	Ringer;Thun	https://cdn.shopify.com/s/files/1/0918/5597/8816/files/denc_tr_ngtr_c_5108871e-1d96-4509-a6ff-2e71ba31677a.jpg	https://luonvuituoi.co/products/ao-ringer-relaxed-fit-catminton	2026-05-05
Capynton	Cầu Lông	Ringer;Thun	https://cdn.shopify.com/s/files/1/0918/5597/8816/files/denc_tr_ngtr_c_1d4b4647-fece-4920-9e6f-b4714558c92c.jpg	https://luonvuituoi.co/products/ao-ringer-relaxed-fit-capynton	2026-05-05
Bỏ Nhỏ Thôi Em	Cầu Lông	Ringer;Thun	https://cdn.shopify.com/s/files/1/0918/5597/8816/files/navyc_tr_ngtr_c_089594cd-6370-4547-a0d7-7d117fbd4b7e.jpg	https://luonvuituoi.co/products/ao-ringer-relaxed-fit-bỏ-nhỏ-thoi-em	2026-05-05
Badminton Skill	Cầu Lông	Ringer;Thun	https://cdn.shopify.com/s/files/1/0918/5597/8816/files/tr_ngc_dentr_c_89705236-8886-4ffb-8750-8de727e90e6a.jpg	https://luonvuituoi.co/products/ao-ringer-relaxed-fit-badminton-skill	2026-05-05
Badminton Calling	Cầu Lông	Ringer;Thun	https://cdn.shopify.com/s/files/1/0918/5597/8816/files/tr_ngc_dentr_c_8a392403-8eb3-494f-bc71-312c1de91d6a.jpg	https://luonvuituoi.co/products/ao-ringer-relaxed-fit-badminton-calling	2026-05-06
Aesthetic Badminton	Cầu Lông	Ringer;Thun	https://cdn.shopify.com/s/files/1/0918/5597/8816/files/tr_ngc_dentr_c_03377bf9-0760-479d-8e04-c958fda2c9d3.jpg	https://luonvuituoi.co/products/ao-ringer-relaxed-fit-aesthetic-badminton	2026-05-05
Ông Giời Có Mắt	Billiard	Thun	https://cdn.shopify.com/s/files/1/0918/5597/8816/files/kemsau_91945466-35f6-4762-a5a4-a5b1ba09c1c3.png	https://luonvuituoi.co/products/ao-thun-ong-giời-co-mắt	2026-05-15
Mất Cái Anh Ơi	Billiard	Thun	https://cdn.shopify.com/s/files/1/0918/5597/8816/files/h_ngsau_ffc46028-3302-40d6-a88d-f57d0b413f17.png	https://luonvuituoi.co/products/ao-thun-mất-cai-anh-ơi	2026-05-15
Câu Bi Em Ơi	Billiard	Thun	https://cdn.shopify.com/s/files/1/0918/5597/8816/files/d_sau_08e9c1a2-08fe-46f9-a6c8-8796752e00e7.png	https://luonvuituoi.co/products/ao-thun-cau-bi-em-ơi	2026-05-15
Billiard Thể Lực	Billiard	Thun	https://cdn.shopify.com/s/files/1/0918/5597/8816/files/h_ngsau_33b55dd9-92e2-4d6e-bd82-ee87efb9f493.png	https://luonvuituoi.co/products/ao-thun-billiard-thể-lực	2026-05-15
Billiard Mềm Mại	Billiard	Thun	https://cdn.shopify.com/s/files/1/0918/5597/8816/files/h_ngsau_8dc44e81-63ec-4a16-aa5a-60adeb8ebd63.png	https://luonvuituoi.co/products/ao-thun-billiard-mềm-mại	2026-05-15
Ba Lén Đi Bi-a	Billiard	Thun	https://cdn.shopify.com/s/files/1/0918/5597/8816/files/tr_ngsau_1eee5f4f-a522-4a74-b874-e3f4f22e0f50.png	https://luonvuituoi.co/products/ao-thun-ba-len-di-bi-a	2026-05-15
Một Chấm Sành Điệu	Billiard	Thun	https://cdn.shopify.com/s/files/1/0918/5597/8816/files/m_ttr_cden_f7f3d433-11e2-4e12-b92b-2b7e8b4728b8.png	https://luonvuituoi.co/products/ao-thun-một-chấm-sanh-diệu	2026-05-14
Vua Chốt 9	Billiard	Thun	https://cdn.shopify.com/s/files/1/0918/5597/8816/files/m_tsauden_a9a46901-a12a-4154-a53f-49bbce6a0a22.png	https://luonvuituoi.co/products/ao-thun-vua-chốt-9	2026-05-14
Bôi Lơ Em Ơi	Billiard	Thun	https://cdn.shopify.com/s/files/1/0918/5597/8816/files/m_tsauden_4a74378b-8c10-403a-8768-ba828471ee31.png	https://luonvuituoi.co/products/ao-thun-boi-lơ-em-ơi	2026-05-14
Hở Là Hết	Billiard	Thun	https://cdn.shopify.com/s/files/1/0918/5597/8816/files/m_tsauden_4e6d3348-bd54-4dab-8ba7-0c05d418c224.png	https://luonvuituoi.co/products/ao-thun-hở-la-hết	2026-05-14
Đẹp Đẽ Điệu Đà	Trơi Bời	Thun	https://cdn.shopify.com/s/files/1/0918/5597/8816/files/d_tr_c_2ab552a8-6356-4d5e-8137-71621db31648.png	https://luonvuituoi.co/products/ao-thun-dẹp-dẽ-diệu-da	2026-05-14
Tái Hai Chanh	Pickleball	Ringer;Ba lỗ;Thun	https://cdn.shopify.com/s/files/1/0918/5597/8816/files/denc_tr_ngsau_e016471d-7a67-4be1-b1b4-d4b769ce209a.jpg	https://luonvuituoi.co/products/ao-ringer-relaxed-fit-tai-hai-chanh	2026-04-15
Smash	Pickleball	Ringer;Ba lỗ;Thun	https://cdn.shopify.com/s/files/1/0918/5597/8816/files/AORINGERSAU-Recoveredcopy_e523707b-f0dd-452b-b10c-8bc9d7624a77.jpg	https://luonvuituoi.co/products/ao-ringer-relaxed-fit-smash	2026-04-03
Điệu Đà	Trơi Bời	Thun	https://cdn.shopify.com/s/files/1/0918/5597/8816/files/vangtr_c_d16278b8-964d-4576-a78e-6daf9829d8d5.png	https://luonvuituoi.co/products/ao-thun-diệu-da	2026-05-14
Pickleball	Pickleball	Ringer;Ba lỗ;Thun	https://cdn.shopify.com/s/files/1/0918/5597/8816/files/AORINGERSAU-Recoveredcopy_77dd0c99-4b88-4dc9-b480-dd75cca4daf3.jpg	https://luonvuituoi.co/products/ao-ringer-relaxed-fit-pickleball	2026-04-02
Pickleball Addicted	Pickleball	Ringer	https://cdn.shopify.com/s/files/1/0918/5597/8816/files/AORINGERSAU-Recoveredcopy_4218e256-4da3-4353-9e86-b1096134cdae.jpg	https://luonvuituoi.co/products/ao-ringer-relaxed-fit-pickleball-addicted	2026-05-14
Nốt Sec Anh Về	Pickleball	Ringer;Ba lỗ;Thun	https://cdn.shopify.com/s/files/1/0918/5597/8816/files/AORINGERSAU-Recoveredcopy_23e22d5a-cd0f-4fcb-803e-a7a687f1289c.jpg	https://luonvuituoi.co/products/ao-ringer-relaxed-fit-nốt-sec-anh-về	2026-04-02
No Drink Just Drive	Pickleball	Ringer	https://cdn.shopify.com/s/files/1/0918/5597/8816/files/denc_tr_ngsau_a89db2fc-5444-48a8-9a44-e7b901311cd9.jpg	https://luonvuituoi.co/products/ao-ringer-relaxed-fit-no-drink-just-drive	2026-05-14
Love At First Serve	Pickleball	Ringer;Ba lỗ;Thun	https://cdn.shopify.com/s/files/1/0918/5597/8816/files/tr_ngc_dentr_c_3fad36a5-0193-415e-ae6c-636f3b294e82.jpg	https://luonvuituoi.co/products/ao-ringer-relaxed-fit-love-at-first-serve	2026-04-03
Less Drive More Dink	Pickleball	Ringer;Ba lỗ;Thun	https://cdn.shopify.com/s/files/1/0918/5597/8816/files/AORINGERSAU-Recoveredcopy_0b8469bc-71cf-4029-b414-06ecc4e8435d.jpg	https://luonvuituoi.co/products/ao-ringer-relaxed-fit-less-drive-more-dink	2026-04-04
Lên Bếp Em Ơi	Pickleball	Ringer;Ba lỗ;Thun	https://cdn.shopify.com/s/files/1/0918/5597/8816/files/AORINGERSAU-Recovered-Recoveredcopy_c833c465-8a30-4563-8812-e99514972571.jpg	https://luonvuituoi.co/products/ao-ringer-relaxed-fit-len-bếp-em-ơi	2026-04-02
Drive To Die	Pickleball	Ringer;Ba lỗ;Thun	https://cdn.shopify.com/s/files/1/0918/5597/8816/files/AORINGERSAU-Recoveredcopy_322944f0-9988-4f3b-a802-8a48ec314ef9.jpg	https://luonvuituoi.co/products/ao-ringer-relaxed-fit-drive-to-die	2026-04-20
Drive Nhẹ Tay Thôi Em	Pickleball	Ringer	https://cdn.shopify.com/s/files/1/0918/5597/8816/files/AORINGERSAU-Recovered-Recoveredcopy.jpg	https://luonvuituoi.co/products/ao-ringer-relaxed-fit-drive-nhẹ-tay-thoi-em	2026-05-14
Drink To Die	Pickleball	Ringer	https://cdn.shopify.com/s/files/1/0918/5597/8816/files/AORINGERSAU-Recoveredcopy_4636bfcd-9f99-4053-b36c-9080614d4df7.jpg	https://luonvuituoi.co/products/ao-ringer-relaxed-fit-drink-to-die	2026-05-14
Dinking Bad	Pickleball	Ringer;Ba lỗ;Thun	https://cdn.shopify.com/s/files/1/0918/5597/8816/files/denc_tr_ngsau_5e485faa-0af7-47f4-91ad-b987e389eb88.jpg	https://luonvuituoi.co/products/ao-ringer-relaxed-fit-dinking-bad	2026-04-04
Bóng Out Anh Ơi	Pickleball	Ringer;Ba lỗ;Thun	https://cdn.shopify.com/s/files/1/0918/5597/8816/files/denc_tr_ngsau_0c4dc3ae-dbf0-41cd-9cf8-55964ba1adac.jpg	https://luonvuituoi.co/products/ao-ringer-relaxed-fit-bong-out-anh-ơi	2026-04-03
Ăn Ngủ Pickleball	Pickleball	Ringer;Ba lỗ;Thun	https://cdn.shopify.com/s/files/1/0918/5597/8816/files/denc_tr_ngtr_c_0590ecdd-e267-4a7f-877f-a2ad5064c1a7.jpg	https://luonvuituoi.co/products/ao-ringer-relaxed-fit-an-ngủ-pickleball	2026-04-15
Every Time I Lose A Game	Pickleball	Ringer;Ba lỗ;Thun	https://cdn.shopify.com/s/files/1/0918/5597/8816/files/AORINGERSAU-Recoveredcopy_1fea3e46-94d4-42ab-9f0a-cf5a510acf50.jpg	https://luonvuituoi.co/products/ao-ringer-relaxed-every-time-i-lose-a-game	2026-04-02
ATP	Pickleball	Ringer;Thun	https://cdn.shopify.com/s/files/1/0918/5597/8816/files/AORINGERSAU-Recoveredcopy_1a6a08ff-79f3-4c81-9c2b-378f80d66312.jpg	https://luonvuituoi.co/products/ao-ringer-relaxed-atp	2026-04-23
Thần Cơ Thì Ít Thần Rùa Thì Nhiều	Billiard	Thun	https://cdn.shopify.com/s/files/1/0918/5597/8816/files/d_sau_35a9469f-380d-4c95-9dae-59a606f050de.png	https://luonvuituoi.co/products/ao-thun-thần-cơ-thi-it-thần-rua-thi-nhiều	2026-05-14
No Safety Run Out Always	Billiard	Thun	https://cdn.shopify.com/s/files/1/0918/5597/8816/files/h_ngsau_26fbe989-c9f9-483a-951e-21e6ac82c4d8.png	https://luonvuituoi.co/products/ao-thun-no-safety-run-out-always	2026-05-14
Ngã Ở Đâu Gấp Đôi Ở Đấy	Billiard	Thun	https://cdn.shopify.com/s/files/1/0918/5597/8816/files/h_ngsau_d0cc4ad1-0428-43e2-a961-6d2d5c86ff1b.png	https://luonvuituoi.co/products/ao-thun-nga-ở-dau-gấp-doi-ở-dấy	2026-05-14
Đưa Hết Tiền Đây	Billiard	Thun	https://cdn.shopify.com/s/files/1/0918/5597/8816/files/densau_9140056d-a528-4b87-9e63-c47e6c51eeb7.png	https://luonvuituoi.co/products/ao-thun-dưa-hết-tiền-day	2026-05-14
Cơ Thủ Tiến Hóa	Billiard	Thun	https://cdn.shopify.com/s/files/1/0918/5597/8816/files/ghitr_c_881de1ba-59b0-4667-be9e-872de5762c9f.png	https://luonvuituoi.co/products/ao-thun-cơ-thủ-tiến-hoa	2026-05-14
Được Chưa Anh Em	Billiard	Thun	https://cdn.shopify.com/s/files/1/0918/5597/8816/files/m_tsaukem_90f969f5-c31b-4fd1-b98a-e7f2ee82b02d.png	https://luonvuituoi.co/products/ao-thun-dược-chưa-anh-em	2026-05-14
Sống Nay Stress Mai	Lifey Stuff	Ringer;Ba lỗ;Dài tay;Thun	https://cdn.shopify.com/s/files/1/0918/5597/8816/files/tr_ngc_dentr_c_17018306-3983-458f-b5b0-d0362f8cd0d3.jpg	https://luonvuituoi.co/products/ao-ringer-relaxed-fit-sống-nay-stress-mai	2025-06-17
Niceboy	Lifey Stuff	Ringer;Ba lỗ;Dài tay;Thun	https://cdn.shopify.com/s/files/1/0918/5597/8816/files/denc_tr_ngtr_c_88703994-8849-4762-afef-b9c05e370fa7.jpg	https://luonvuituoi.co/products/ao-ringer-relaxed-fit-niceboy	2025-06-18
I'm Not Antisocial	Đũy Mèo	Ringer;Ba lỗ;Dài tay;Thun	https://cdn.shopify.com/s/files/1/0918/5597/8816/files/denc_tr_ngtr_c_f68ea751-7f47-44b5-bae4-5ce0802caff1.jpg	https://luonvuituoi.co/products/ao-ringer-relaxed-fit-im-not-antisocial	2025-06-19
Méo Gì Thế	Đũy Mèo	Ringer;Dài tay;Thun	https://cdn.shopify.com/s/files/1/0918/5597/8816/files/denc_tr_ngtr_c_1e681e19-b7b2-4c2a-b57e-4d00be04f2eb.jpg	https://luonvuituoi.co/products/ao-ringer-relaxed-fit-meo-gi-thế	2025-07-19
Không Tin Đàn Ông	Love Bites	Ringer;Ba lỗ;Dài tay;Thun	https://cdn.shopify.com/s/files/1/0918/5597/8816/files/denc_tr_ngsau_5cc66ec9-7913-4c47-8728-573ae06cc458.jpg	https://luonvuituoi.co/products/ao-ringer-relaxed-fit-khong-tin-dan-ong-dẹp-trai-thi-tin	2025-08-09
Không Tin Đàn Bà Xinh Gái Thì Tin	Love Bites	Ringer	https://cdn.shopify.com/s/files/1/0918/5597/8816/files/denc_tr_ngc_n_8457334b-7f78-4a7f-870e-1919de582959.jpg	https://luonvuituoi.co/products/ao-ringer-relaxed-fit-khong-tin-dan-ba-xinh-gai-thi-tin	2026-05-13
Thủ Đi Đừng Công	Billiard	Thun	https://cdn.shopify.com/s/files/1/0918/5597/8816/files/vangsau_ff934b85-cfa2-48f0-a540-8a40938a3cd0.png	https://luonvuituoi.co/products/ao-thun-thủ-di-dừng-cong	2026-05-13
Làm Mâm Đền Em Ơi	Billiard	Thun	https://cdn.shopify.com/s/files/1/0918/5597/8816/files/h_ngsau_5a87ed5b-e935-4785-810f-454eb6b4b446.png	https://luonvuituoi.co/products/ao-thun-lam-mam-dền-em-ơi	2026-05-13
Clear Nốt Bàn Này Rồi Anh Về	Billiard	Thun	https://cdn.shopify.com/s/files/1/0918/5597/8816/files/densau_b0c90e46-1154-46ca-9ed6-3b9a540a1471.png	https://luonvuituoi.co/products/ao-thun-clear-nốt-ban-nay-rồi-anh-về	2026-05-13
Chạy Đạn Đi Em	Billiard	Thun	https://cdn.shopify.com/s/files/1/0918/5597/8816/files/kemsau_231b8d1c-d108-4e7e-9a5c-88da355ad62d.png	https://luonvuituoi.co/products/ao-thun-chạy-dạn-di-em	2026-05-13
Billiards Đỏ Ăn Tất	Billiard	Thun	https://cdn.shopify.com/s/files/1/0918/5597/8816/files/d_sau_ee478144-2e9f-4f31-a405-4bb91ae51bad.png	https://luonvuituoi.co/products/ao-thun-billiards-dỏ-an-tất	2026-05-13
Bi Cho Anh Em Ơi	Billiard	Thun	https://cdn.shopify.com/s/files/1/0918/5597/8816/files/ghisau_f1bffe2c-d15c-46a9-b61e-ab3eb73065df.png	https://luonvuituoi.co/products/ao-thun-bi-cho-anh-em-ơi	2026-05-13
Gần Nhạc Thì Dance	Trơi Bời	Ringer;Ba lỗ;Dài tay;Thun	https://cdn.shopify.com/s/files/1/0918/5597/8816/files/AORINGERSAUcopy_a2680a72-4f5c-4ccb-a601-4d1922ed2925.jpg	https://luonvuituoi.co/products/ao-ringer-relaxed-fit-gần-nhạc-thi-dance	2025-07-19
Anh Yeu Tat Ca Cac Em	Love Bites	Ringer	https://cdn.shopify.com/s/files/1/0918/5597/8816/files/denc_tr_ngsau_c9335d61-944a-4631-b200-65cb941f9a63.jpg	https://luonvuituoi.co/products/ao-ringer-relaxed-fit-anh-yeu-tat-ca-cac-em	2026-05-13
Anh Em Mình Cứ Thế Thôi Hẹ Hẹ	Lifey Stuff	Ringer	https://cdn.shopify.com/s/files/1/0918/5597/8816/files/denc_tr_ngtr_c_8d1f92f7-bc36-4335-81f4-6fa56ad8b9ea.jpg	https://luonvuituoi.co/products/ao-ringer-relaxed-fit-anh-em-minh-cứ-thế-thoi-hẹ-hẹ	2026-05-13
AQUAEMNHA	Lifey Stuff	Ringer;Ba lỗ;Thun	https://cdn.shopify.com/s/files/1/0918/5597/8816/files/navyc_tr_ngtr_c_43af8d48-b7d6-40c0-9481-fd173319618d.jpg	https://luonvuituoi.co/products/ao-ringer-relaxed-fit-aquaemnha	2026-03-04
Chó Là Bạn Hông Phải Tôi	Animal Circus	Ringer	https://cdn.shopify.com/s/files/1/0918/5597/8816/files/denc_tr_ngsau_a674d538-6c4a-4fd9-ad3a-0c91b468e907.jpg	https://luonvuituoi.co/products/ao-ringer-relaxed-fit-cho-la-bạn-hong-phải-toi	2026-05-13
Con Mèo Điên Đầu	Đũy Mèo	Ringer;Ba lỗ;Dài tay;Thun	https://cdn.shopify.com/s/files/1/0918/5597/8816/files/denc_tr_ngtr_c_482fbff6-025b-4683-89de-19111af7e44e.jpg	https://luonvuituoi.co/products/ao-ringer-relaxed-fit-con-meo-dien-dầu	2025-09-18
Duck You	Animal Circus	Ringer;Dài tay;Thun	https://cdn.shopify.com/s/files/1/0918/5597/8816/files/denc_tr_ngtr_c_42b1fe32-1f7a-47dc-82b7-c60b400ce5a1.jpg	https://luonvuituoi.co/products/ao-ringer-relaxed-fit-duck-you	2025-06-18
Người Có Vợ	Job	Ringer;Ba lỗ;Dài tay;Thun	https://cdn.shopify.com/s/files/1/0918/5597/8816/files/navyc_tr_ngtr_c_65833c52-7f73-4722-9aaf-d37b49ce3512.jpg	https://luonvuituoi.co/products/ao-ringer-relaxed-fit-người-giau-tinh-cảm-copy	2025-07-05
Người Giàu Tình Cảm	Job	Ringer	https://cdn.shopify.com/s/files/1/0918/5597/8816/files/tr_ngc_h_ngtr_c_f5f35737-48b5-44ae-bf41-922d77309cc9.jpg	https://luonvuituoi.co/products/ao-ringer-relaxed-fit-rất-tiếc-bạn-da-bị-con-meo	2026-05-12
Kệ Hết Đi	Lifey Stuff	Thun	https://cdn.shopify.com/s/files/1/0918/5597/8816/files/kemsau_1f0343c5-03ab-43b3-ab0d-547a0109f833.png	https://luonvuituoi.co/products/ao-thun-kệ-hết-di	2026-05-08
Sếp Đừng Gọi Em Nữa - Đợi Em Ra Chỗ Có Sóng	Thèm Đi Biển	Thun	https://cdn.shopify.com/s/files/1/0918/5597/8816/files/vangtr_c_0e5ba3af-7993-496b-9618-aa84ec0d29c5.png	https://luonvuituoi.co/products/ao-thun-sếp-dừng-gọi-em-nữa-dợi-em-ra-chỗ-co-song	2026-05-08
Đéo Tin	Lifey Stuff	Thun	https://cdn.shopify.com/s/files/1/0918/5597/8816/files/dentr_c_ec67af26-a582-4ac6-96f2-f6e9d8525ce2.png	https://luonvuituoi.co/products/ao-thun-deo-tin	2026-05-08
Adidaphat	Lifey Stuff	Thun	https://cdn.shopify.com/s/files/1/0918/5597/8816/files/dentr_c_225bee78-9f7a-4034-88d3-498ffa9c9aa3.png	https://luonvuituoi.co/products/ao-thun-adidaphat	2026-05-08
Theo Dòng Hải Lưu	Thèm Đi Biển	Ringer;Thun	https://cdn.shopify.com/s/files/1/0918/5597/8816/files/tr_ngc_h_ngtr_c_0fffc42e-6110-4b32-9def-3cef36965a22.png	https://luonvuituoi.co/products/ao-thun-ringer-relaxed-fit-theo-dong-hải-lưu	2026-04-29
Vũ Điệu Đại Dương	Thèm Đi Biển	Ringer;Thun	https://cdn.shopify.com/s/files/1/0918/5597/8816/files/tr_ngc_h_ngtr_c_4d37ec19-26c0-4f88-be23-e5633d62ba94.png	https://luonvuituoi.co/products/ao-thun-ringer-relaxed-vu-diệu-dại-dương	2026-04-29
Vỏ Sò	Thèm Đi Biển	Ringer;Thun	https://cdn.shopify.com/s/files/1/0918/5597/8816/files/tr_ngc_h_ngtr_c_ce819e2c-74d8-452a-ae01-bcd7a97d705e.png	https://luonvuituoi.co/products/ao-thun-ringer-relaxed-fit-vỏ-so	2026-04-29
Thèm Ghẹ	Thèm Đi Biển	Ringer;Thun	https://cdn.shopify.com/s/files/1/0918/5597/8816/files/tr_ngc_h_ngtr_c_3b963a64-2659-4f3a-a432-552f88c3fcad.png	https://luonvuituoi.co/products/ao-thun-ringer-relaxed-fit-them-ghẹ-1	2026-04-23
Mấy Con Cá Phải Trả Gió	Thèm Đi Biển;Animal Circus	Ringer;Dài tay;Thun	https://cdn.shopify.com/s/files/1/0918/5597/8816/files/tr_ngc_h_ngtr_c_20184d75-d08b-4bf7-abee-3c99abfff391.png	https://luonvuituoi.co/products/ao-thun-ringer-relaxed-fit-mấy-con-ca-phải-trả-gio	2025-10-06
Đi Tắm Biển Một Mình	Thèm Đi Biển;Lifey Stuff	Ringer;Dài tay;Thun	https://cdn.shopify.com/s/files/1/0918/5597/8816/files/tr_ngc_h_ngtr_c_39fd4453-a2ba-48fb-a88b-d27b489701fa.png	https://luonvuituoi.co/products/ao-thun-ringer-relaxed-fit-di-tắm-biển-một-minh	2026-02-23
Đi Tắm Biển Hai Mình	Thèm Đi Biển;Lifey Stuff	Ringer;Dài tay;Thun	https://cdn.shopify.com/s/files/1/0918/5597/8816/files/tr_ngc_h_ngtr_c_e9ca35b6-e67f-4190-8f9e-380a6622d4bc.png	https://luonvuituoi.co/products/ao-thun-ringer-relaxed-fit-di-tắm-biển-hai-minh	2026-03-05
Thèm Đi Biển Lắm Rồi	Thèm Đi Biển	Ringer;Thun	https://cdn.shopify.com/s/files/1/0918/5597/8816/files/tr_ngc_h_ngtr_c_60e0677f-44aa-416b-8eca-fc42baea8261.png	https://luonvuituoi.co/products/ao-thun-ringer-relaxed-fit-them-di-biển-lắm-rồi	2026-04-23
Cảm Thấy Ốm Yếu Cần Truyền Nước Biển	Thèm Đi Biển	Ringer;Thun	https://cdn.shopify.com/s/files/1/0918/5597/8816/files/tr_ngc_h_ngtr_c_e30c4814-a2ab-4678-a562-18529609eb3d.png	https://luonvuituoi.co/products/ao-thun-ringer-relaxed-fit-cảm-thấy-ốm-yếu-cần-truyền-nước-biển	2026-04-23
Sóng Đánh Tụt Quần	Thèm Đi Biển	Ringer;Thun	https://cdn.shopify.com/s/files/1/0918/5597/8816/files/tr_ngc_h_ngtr_c_ce4950c4-a175-40e0-81f1-8578936f8fdd.png	https://luonvuituoi.co/products/ao-thun-ringer-relaxed-fit-song-danh-tụt-quần	2026-04-28
I Need Vitamin Sea	Thèm Đi Biển	Ringer;Thun	https://cdn.shopify.com/s/files/1/0918/5597/8816/files/tr_ngc_h_ngtr_c_f5e7c6a0-8cee-4962-a3b8-fa71240a766d.png	https://luonvuituoi.co/products/ao-thun-ringer-relaxed-fit-them-di-biển	2026-04-29
Đang Cực Bận	Thèm Đi Biển	Ringer;Thun	https://cdn.shopify.com/s/files/1/0918/5597/8816/files/tr_ngc_h_ngtr_c_f5cb322f-b8fa-4b36-86e8-56839cf7c0d3.png	https://luonvuituoi.co/products/ao-thun-ringer-relaxed-fit-dang-cực-bận	2026-04-29
Người Đam Mê Lặn Biển	Thèm Đi Biển	Ringer	https://cdn.shopify.com/s/files/1/0918/5597/8816/files/tr_ngc_h_ngtr_c_60585801-691c-465d-9072-9041d9716d71.png	https://luonvuituoi.co/products/ao-thun-ringer-relaxed-fit-người-dam-me-lặn-biển	2026-05-07
Người Con Của Biển	Thèm Đi Biển	Ringer;Thun	https://cdn.shopify.com/s/files/1/0918/5597/8816/files/tr_ngc_h_ngtr_c_b4f99b4e-9718-4098-bd0a-f6f72f106d45.png	https://luonvuituoi.co/products/ao-thun-ringer-relaxed-fit-người-con-của-biển	2026-04-29
Lên Thuyền	Thèm Đi Biển	Ringer;Thun	https://cdn.shopify.com/s/files/1/0918/5597/8816/files/tr_ngc_h_ngtr_c_c4cb6535-0ad8-4eeb-b98f-1b84e92a80f5.png	https://luonvuituoi.co/products/ao-thun-ringer-relaxed-fit-len-thuyền	2026-04-28
Tiên Cá Quay Trở Lại Biển Tiên Cá Quay Trở Lại Biển	Thèm Đi Biển	Ringer	https://cdn.shopify.com/s/files/1/0918/5597/8816/files/tr_ngc_h_ngtr_c_b76ac83c-13a9-4cb4-b432-545ad15369b7.png	https://luonvuituoi.co/products/ao-thun-ringer-relaxed-fit-tien-ca-quay-trở-lại-biển-tien-ca-quay-trở-lại-biển	2026-05-07
Hè Về Rồi	Thèm Đi Biển	Ringer;Thun	https://cdn.shopify.com/s/files/1/0918/5597/8816/files/tr_ngc_h_ngtr_c_d252b8dc-0313-49c2-bd43-ab2c2f1996b5.png	https://luonvuituoi.co/products/ao-thun-ringer-relaxed-fit-he-về-rồi	2026-04-29
Trong Cái Xã Hội Này	Lifey Stuff	Thun	https://cdn.shopify.com/s/files/1/0918/5597/8816/files/tr_ngsau_767c6dbc-f99f-46eb-9077-dedd2d2590e0.png	https://luonvuituoi.co/products/ao-thun-trong-cai-xa-hội-nay	2026-05-06
Người Đẳng Cấp Không Chấp Kẻ Tầm Thường Chú Chó DuBai	Lifey Stuff	Thun	https://cdn.shopify.com/s/files/1/0918/5597/8816/files/tr_ngsau_1408fa9d-608c-4c18-afe8-c03d07ef0fee.png	https://luonvuituoi.co/products/ao-thun-người-dẳng-cấp-khong-chấp-kẻ-tầm-thường-chu-cho-dubai	2026-05-06
Đời Công Nhân	Lifey Stuff	Thun	https://cdn.shopify.com/s/files/1/0918/5597/8816/files/tr_ngtr_c_0a69ac96-c9f3-4237-a0e3-8efd5bb8bef7.png	https://luonvuituoi.co/products/ao-thun-dời-cong-nhan	2026-05-06
You & Me	Lifey Stuff	Thun	https://cdn.shopify.com/s/files/1/0918/5597/8816/files/tr_ngtr_c_b965b70e-e026-4e9c-8a41-bd3cef298030.png	https://luonvuituoi.co/products/ao-thun-you-me	2026-05-06
Slay	Lifey Stuff	Thun	https://cdn.shopify.com/s/files/1/0918/5597/8816/files/kemtr_c_de53c13d-0a8b-46d1-ba7f-faf81693938b.png	https://luonvuituoi.co/products/ao-thun-slay	2026-05-06
Sexsi	Lifey Stuff;Trơi Bời	Thun;Dài tay	https://cdn.shopify.com/s/files/1/0918/5597/8816/files/tr_ngtr_c_410903bb-08a8-44cd-84e1-cbb682e2bf2c.png	https://luonvuituoi.co/products/ao-thun-sexsi-1	2025-12-11
Tốt Nghiệp Bằng Claude	Tuổi Ăn Học	Thun	https://cdn.shopify.com/s/files/1/0918/5597/8816/files/dentr_c_1514da85-f776-4986-b39c-0b434897250b.png	https://luonvuituoi.co/products/ao-thun-tốt-nghiệp-bằng-claude-1	2026-05-06
Tốt Nghiệp Bằng Gemini	Tuổi Ăn Học	Thun	https://cdn.shopify.com/s/files/1/0918/5597/8816/files/dentr_c_1af12a28-e354-4083-a356-c3c128452991.png	https://luonvuituoi.co/products/ao-thun-tốt-nghiệp-bằng-gemini-1	2026-05-06
Thợ Săn Học Bổng	Tuổi Ăn Học	Thun	https://cdn.shopify.com/s/files/1/0918/5597/8816/files/kemsau_84f10d64-bac3-4642-9bac-eb4a2bc953eb.png	https://luonvuituoi.co/products/ao-thun-thợ-san-học-bổng	2026-05-06
Tý Ra Cổng Trường Gặp Tao	Tuổi Ăn Học	Thun	https://cdn.shopify.com/s/files/1/0918/5597/8816/files/dentr_c_3f0f82d9-613d-41f6-978e-166d4a4864e9.png	https://luonvuituoi.co/products/ao-thun-ty-ra-cổng-trường-gặp-tao	2026-05-06
Quyết Tâm Đổi Đời	Tuổi Ăn Học	Thun	https://cdn.shopify.com/s/files/1/0918/5597/8816/files/vangtr_c_bd607dfb-8448-4408-9de0-a5aa02b9e5b1.png	https://luonvuituoi.co/products/ao-thun-quyết-tam-dổi-dời	2026-05-06
Đi Học Đúng Giờ	Tuổi Ăn Học	Thun	https://cdn.shopify.com/s/files/1/0918/5597/8816/files/kemtr_c_613cca6e-3365-4b96-ac4a-82010bcd8bde.png	https://luonvuituoi.co/products/ao-thun-di-học-dung-giờ	2026-05-06
Cho Tao Chép Bài Với	Tuổi Ăn Học	Thun	https://cdn.shopify.com/s/files/1/0918/5597/8816/files/dentr_c_4909dff3-1cde-4c6e-b4e8-f662c2bff531.png	https://luonvuituoi.co/products/ao-thun-cho-tao-chep-bai-với	2026-05-06
Kiểm Tra Bài Cũ	Tuổi Ăn Học	Thun	https://cdn.shopify.com/s/files/1/0918/5597/8816/files/tr_ngtr_c_0e4d2476-ca22-4f37-82ae-67058fa844be.png	https://luonvuituoi.co/products/ao-thun-kiểm-tra-bai-cu	2026-05-06
Khi Nào Cần May Áo Giáp	Tuổi Ăn Học	Thun	https://cdn.shopify.com/s/files/1/0918/5597/8816/files/kemtr_c_1ca6cfa9-fc14-46f4-a7b3-fe7fa12d58c8.png	https://luonvuituoi.co/products/ao-thun-khi-nao-cần-may-ao-giap	2026-05-06
Cho 2 Lọ Mất Nhãn	Tuổi Ăn Học	Thun	https://cdn.shopify.com/s/files/1/0918/5597/8816/files/dentr_c_11e2e816-2b4e-407f-85c4-5bc5485f7d7d.png	https://luonvuituoi.co/products/ao-thun-cho-2-lọ-mất-nhan	2026-05-06
Áo Ba Lỗ Kitty Post Malone	Băng Đĩa Hải Ngoại	Ba lỗ	https://cdn.shopify.com/s/files/1/0918/5597/8816/files/kemtr_c_38573892-9e51-429f-9f00-7ae5ccb0bd3d.jpg	https://luonvuituoi.co/products/ao-ba-lỗ-kitty-post-malone-1	2026-05-05
Áo Ba Lỗ Long Ca	Băng Đĩa Hải Ngoại	Ba lỗ	https://cdn.shopify.com/s/files/1/0918/5597/8816/files/dentr_c_ac16a98b-ff7f-4a37-9b89-e783d45a8155.jpg	https://luonvuituoi.co/products/ao-ba-lỗ-long-ca	2026-05-05
Tuấn Cùi	Băng Đĩa Hải Ngoại	Ba lỗ;Dài tay;Thun	https://cdn.shopify.com/s/files/1/0918/5597/8816/files/dentr_c_419d0941-1f9e-461e-9424-60ceb3c77c78.jpg	https://luonvuituoi.co/products/ao-ba-lỗ-relaxed-fit-tuấn-cui	2025-09-03
Không Phải Sơn Tùng	Băng Đĩa Hải Ngoại	Ba lỗ;Thun	https://cdn.shopify.com/s/files/1/0918/5597/8816/files/dentr_c_ee4e4384-40a2-46a3-87ac-396f568d7415.jpg	https://luonvuituoi.co/products/ao-ba-lỗ-kitty-post-malone	2026-04-25
Xì Gà Nhỏ Sau Giới Tính	Băng Đĩa Hải Ngoại	Ba lỗ;Dài tay;Thun	https://cdn.shopify.com/s/files/1/0918/5597/8816/files/navytr_c_6ec1b3e6-7949-4f64-bb8d-f59403eb6baa.jpg	https://luonvuituoi.co/products/ao-ba-lỗ-relaxed-fit-xi-ga-nhỏ-sau-giới-tinh	2025-09-05
Hắc Hường	Băng Đĩa Hải Ngoại	Ba lỗ;Dài tay;Thun	https://cdn.shopify.com/s/files/1/0918/5597/8816/files/tr_ngtr_c_083089e7-1a48-479e-8958-0d7a94ef52e8.jpg	https://luonvuituoi.co/products/ao-ba-lỗ-relaxed-fit-hắc-hường	2025-09-05
Anh Long	Băng Đĩa Hải Ngoại	Ba lỗ;Dài tay;Thun	https://cdn.shopify.com/s/files/1/0918/5597/8816/files/dentr_c_65868207-728e-4ca9-a456-0202538db6b5.jpg	https://luonvuituoi.co/products/ao-ba-lỗ-relaxed-fit-anh-long	2025-09-18
Giao Hưởng Tân Thời	Băng Đĩa Hải Ngoại	Ba lỗ;Dài tay;Thun	https://cdn.shopify.com/s/files/1/0918/5597/8816/files/kemtr_c_5f560069-2926-4cb6-b213-1e1949ad2db0.jpg	https://luonvuituoi.co/products/ao-ba-lỗ-relaxed-fit-giao-hưởng-tan-thời	2025-08-25
Tốt Nghiệp Bằng ChatGPT	Tuổi Ăn Học	Thun	https://cdn.shopify.com/s/files/1/0918/5597/8816/files/dentr_c_aaa1f339-764f-4c0a-82a6-6a510a36a0e0.png	https://luonvuituoi.co/products/ao-thun-tốt-nghiệp-bằng-chatgpt	2026-05-05
Studying	Tuổi Ăn Học	Thun	https://cdn.shopify.com/s/files/1/0918/5597/8816/files/dentr_c_139eb63b-fb69-4672-8119-19c254d90a4b.png	https://luonvuituoi.co/products/ao-thun-studying	2026-05-05
Mới Ra Trường	Tuổi Ăn Học	Thun	https://cdn.shopify.com/s/files/1/0918/5597/8816/files/dentr_c_ed32a89c-6ae7-414b-bbb5-22aeaef4bea5.png	https://luonvuituoi.co/products/ao-thun-mới-ra-trường	2026-05-05
Làm Nửa Đề Giải Tích Thôi	Tuổi Ăn Học	Thun	https://cdn.shopify.com/s/files/1/0918/5597/8816/files/dentr_c_41d12bff-f315-4747-94ba-d2e154c35a97.png	https://luonvuituoi.co/products/ao-thun-lam-nửa-dề-giải-tich-thoi	2026-05-05
Kiểm Tra Miệng	Tuổi Ăn Học	Thun	https://cdn.shopify.com/s/files/1/0918/5597/8816/files/kemtr_c_4d60903f-53ca-4ac1-bb40-47f2d582d154.png	https://luonvuituoi.co/products/ao-thun-kiểm-tra-miệng	2026-05-05
Eat Study Sleep Repeat	Tuổi Ăn Học	Thun	https://cdn.shopify.com/s/files/1/0918/5597/8816/files/kemsau_745efa45-e306-40da-adda-8c242e0e8039.png	https://luonvuituoi.co/products/ao-thun-eat-study-sleep-repeat	2026-05-05
Will You Play Badminton	Cầu Lông	Thun	https://cdn.shopify.com/s/files/1/0918/5597/8816/files/m_ttr_cnavy_07f07b3a-f271-4b08-a819-f2884008c963.png	https://luonvuituoi.co/products/ao-thun-will-you-play-badminton	2026-05-05
Đéo Muốn Đi Học	Tuổi Ăn Học	Thun	https://cdn.shopify.com/s/files/1/0918/5597/8816/files/dentr_c_b25d316a-7541-4831-8750-3355dd6a7d0b.png	https://luonvuituoi.co/products/ao-thun-deo-muốn-di-học	2026-05-02
Đang Bận Ôn Thi	Tuổi Ăn Học	Thun	https://cdn.shopify.com/s/files/1/0918/5597/8816/files/kemtr_c_3d7e6458-62af-4c59-b40e-ea40a3e6ecf1.png	https://luonvuituoi.co/products/ao-thun-dang-bận-on-thi	2026-05-02
7 Hàng Đẳng Thức Đáng Nhớ	Tuổi Ăn Học	Thun	https://cdn.shopify.com/s/files/1/0918/5597/8816/files/densau_c6d6bd45-2f06-4b2d-897b-d0587cc0dc90.png	https://luonvuituoi.co/products/ao-thun-7-hang-dẳng-thức-dang-nhớ	2026-05-02
WTF Day	Job	Ba lỗ;Thun	https://cdn.shopify.com/s/files/1/0918/5597/8816/files/tr_ngsau_61ad8b8e-7724-4335-a82b-9e5c408ac2a8.jpg	https://luonvuituoi.co/products/ao-ba-lỗ-relaxed-fit-wtf-day	2026-02-03
Đi Làm Vì Tiền Đồ	Job	Thun	https://cdn.shopify.com/s/files/1/0918/5597/8816/files/densau_8d548a9e-2eee-458d-8d9b-d76a5a94207e.png	https://luonvuituoi.co/products/ao-thun-di-lam-vi-tiền-dồ	2026-04-29
Toi Dam Lam	Trơi Bời	Thun	https://cdn.shopify.com/s/files/1/0918/5597/8816/files/densau_4c2de243-4fac-4b00-b8af-a0a367c51462.png	https://luonvuituoi.co/products/ao-thun-toi-dam-lam	2026-04-29
Cuộc Sống Áp Lực	Trơi Bời	Thun	https://cdn.shopify.com/s/files/1/0918/5597/8816/files/densau_5d53d41b-2ddc-4057-a2cc-11d7ff469a8b.png	https://luonvuituoi.co/products/ao-thun-cuộc-sống-ap-lực	2026-04-29
Vẹo Sống Lưng	Job	Ba lỗ;Dài tay;Thun	https://cdn.shopify.com/s/files/1/0918/5597/8816/files/dentr_c_6e842c0a-d361-4a84-aa9f-7ebdcd51716c.jpg	https://luonvuituoi.co/products/ao-ba-lỗ-relaxed-fit-vẹo-sống-lưng	2025-10-15
Saler	Job	Ba lỗ;Dài tay;Thun	https://cdn.shopify.com/s/files/1/0918/5597/8816/files/tr_ngtr_c_1ffeada9-6903-4042-8741-e989fa4b034b.jpg	https://luonvuituoi.co/products/ao-ba-lỗ-relaxed-fit-saler	2025-07-19
Meme Chú Vịt Xin Đừng Làm Phiền	Job	Ba lỗ;Dài tay;Thun	https://cdn.shopify.com/s/files/1/0918/5597/8816/files/kemtr_c_81777d6d-d52d-4353-a3f7-b8e07acda360.jpg	https://luonvuituoi.co/products/ao-ba-lỗ-relaxed-fit-meme-chu-vịt-xin-dừng-lam-phiền	2025-09-29
Chê Thì Vào Mà Làm	Job	Ba lỗ;Dài tay;Thun	https://cdn.shopify.com/s/files/1/0918/5597/8816/files/dentr_c_7a74104b-c7ee-4d02-8c35-659335be4acd.jpg	https://luonvuituoi.co/products/ao-ba-lỗ-relaxed-fit-che-thi-vao-ma-lam	2025-12-31
Việc Nhẹ Volt Cao	Job	Ba lỗ;Dài tay;Thun	https://cdn.shopify.com/s/files/1/0918/5597/8816/files/navytr_c_deef5b4e-ed10-48aa-9b4f-8f1de11cccdb.jpg	https://luonvuituoi.co/products/ao-ba-lỗ-relaxed-fit-việc-nhẹ-volt-cao	2025-06-20
Ủa Anh	Job	Ba lỗ;Dài tay;Thun	https://cdn.shopify.com/s/files/1/0918/5597/8816/files/kemtr_c_85f52117-c9e4-4db5-a957-86f20bf20a5a.jpg	https://luonvuituoi.co/products/ao-ba-lỗ-relaxed-fit-ủa-anh	2025-11-17
Thấy Dễ Thì Vào Mà Làm	Job	Ba lỗ;Dài tay;Thun	https://cdn.shopify.com/s/files/1/0918/5597/8816/files/densau_6e8a767b-ca60-43a1-aa94-59b7de63792e.jpg	https://luonvuituoi.co/products/ao-ba-lỗ-relaxed-fit-thấy-dễ-thi-vao-ma-lam	2025-12-31
Sếp Nói Gì Cũng Đúng Đúng Đúng	Job	Ba lỗ;Thun	https://cdn.shopify.com/s/files/1/0918/5597/8816/files/densau_d9df3229-8489-4209-a75b-5a34ce995940.jpg	https://luonvuituoi.co/products/ao-ba-lỗ-relaxed-fit-sếp-noi-gi-cung-dung-dung-dung	2026-03-03
Photographer Nhiếp Ảnh Gia	Job	Ba lỗ;Thun	https://cdn.shopify.com/s/files/1/0918/5597/8816/files/kemtr_c_72d330fe-a47d-434f-9eac-7648fc77ce1c.jpg	https://luonvuituoi.co/products/ao-ba-lỗ-relaxed-fit-photographer-nhiếp-ảnh-gia	2025-06-18
Người Hài Hước	Job	Ba lỗ;Thun	https://cdn.shopify.com/s/files/1/0918/5597/8816/files/tr_ngtr_c_8d474ffd-a1f0-4340-ac65-19812bac61e5.jpg	https://luonvuituoi.co/products/ao-ba-lỗ-relaxed-fit-người-hai-hước	2025-07-07
Người Có Mọi Thứ	Job	Ba lỗ;Dài tay;Thun	https://cdn.shopify.com/s/files/1/0918/5597/8816/files/kemtr_c_85718481-5875-4a84-b514-d91658f23b84.jpg	https://luonvuituoi.co/products/ao-ba-lỗ-relaxed-fit-người-co-mọi-thứ	2025-07-05
Meme Chú Vịt Yes It_s Monday	Job	Ba lỗ;Dài tay;Thun	https://cdn.shopify.com/s/files/1/0918/5597/8816/files/tr_ngtr_c_f8ad1200-fe34-4ec4-99aa-7890a4884e42.jpg	https://luonvuituoi.co/products/ao-ba-lỗ-relaxed-fit-meme-chu-vịt-yes-it_s-monday	2025-09-29
Meme Chú Vịt Cột Sống Bất Ổn	Job	Ba lỗ;Dài tay;Thun	https://cdn.shopify.com/s/files/1/0918/5597/8816/files/kemtr_c_cf80cebf-9024-4a73-bdbe-0e8f6723cb5b.jpg	https://luonvuituoi.co/products/ao-ba-lỗ-relaxed-fit-meme-chu-vịt-cột-sống-bất-ổn	2025-09-29
Khách Thật Quá Đáng - Đáng Để Iu	Job	Ba lỗ;Thun	https://cdn.shopify.com/s/files/1/0918/5597/8816/files/densau_a329cb3f-9fcf-4272-bf44-b036b70d75d3.jpg	https://luonvuituoi.co/products/ao-ba-lỗ-relaxed-fit-khach-thật-qua-dang-dang-dể-iu	2026-03-03
Giục Nữa Thì Vào Mà Làm	Job	Ba lỗ;Dài tay;Thun	https://cdn.shopify.com/s/files/1/0918/5597/8816/files/kemtr_c_0d4209cf-ef3d-4318-8007-fe912471c87b.jpg	https://luonvuituoi.co/products/ao-ba-lỗ-relaxed-fit-giục-nữa-thi-vao-ma-lam	2025-12-31
Final Photoshop	Job	Ba lỗ;Dài tay;Thun	https://cdn.shopify.com/s/files/1/0918/5597/8816/files/navytr_c_cec14cf2-8412-4406-b0e3-75513fdad1d6.jpg	https://luonvuituoi.co/products/ao-ba-lỗ-relaxed-fit-final-photoshop	2025-08-05
DUCK TRÍ	Job	Ba lỗ;Thun	https://cdn.shopify.com/s/files/1/0918/5597/8816/files/kemtr_c_baa6b056-7d2e-400a-91b7-a967aaceee27.jpg	https://luonvuituoi.co/products/ao-ba-lỗ-relaxed-fit-duck-tri	2025-06-20
Developer Lập Trình Điên	Job	Ba lỗ;Thun	https://cdn.shopify.com/s/files/1/0918/5597/8816/files/kemtr_c_877af33f-dfca-4b9b-8122-e81a13dab1a0.jpg	https://luonvuituoi.co/products/ao-ba-lỗ-relaxed-fit-developer-lập-trinh-dien	2025-06-17
Cột Sống Văn Phòng	Job	Ba lỗ;Dài tay;Thun	https://cdn.shopify.com/s/files/1/0918/5597/8816/files/densau_d4c03af5-404e-4ced-a39c-8524ed44215f.jpg	https://luonvuituoi.co/products/ao-ba-lỗ-relaxed-fit-cột-sống-van-phong	2025-09-18
Cột Sống Editor	Job	Ba lỗ;Dài tay;Thun	https://cdn.shopify.com/s/files/1/0918/5597/8816/files/densau_71c61f99-cc3d-4529-be5a-be525ce54f3f.jpg	https://luonvuituoi.co/products/ao-ba-lỗ-relaxed-fit-cột-sống-editor	2025-09-18
Coder	Job	Ba lỗ;Thun	https://cdn.shopify.com/s/files/1/0918/5597/8816/files/kemtr_c_1a386d5e-0c9c-4c02-81e0-6b019454c97d.jpg	https://luonvuituoi.co/products/ao-ba-lỗ-relaxed-fit-coder	2025-06-17
Thèm Đi Biển	Thèm Đi Biển	Thun	https://cdn.shopify.com/s/files/1/0918/5597/8816/files/tr_ngtr_c_5c8e1151-3ae9-460e-ae8d-02c5f48a79b6.png	https://luonvuituoi.co/products/ao-thun-them-di-biển	2026-04-29
Đam Mê Lặn Biển	Thèm Đi Biển	Thun	https://cdn.shopify.com/s/files/1/0918/5597/8816/files/navytr_c_10d5aafb-b752-4d1a-9b31-1c46b91a5aea.png	https://luonvuituoi.co/products/ao-thun-dam-me-lặn-biển	2026-04-29
Cần Lắm Hè Về	Thèm Đi Biển	Thun	https://cdn.shopify.com/s/files/1/0918/5597/8816/files/dentr_c_7161780d-0748-44cb-bd82-3ae4909e6bfe.png	https://luonvuituoi.co/products/ao-thun-cần-lắm-he-về	2026-04-29
Ba Hoa	Thèm Đi Biển	Thun	https://cdn.shopify.com/s/files/1/0918/5597/8816/files/dentr_c_2ec65d63-d80f-4bd2-adc4-074ac1fda913.png	https://luonvuituoi.co/products/ao-thun-ba-hoa	2026-04-29
Nghỉ Mát	Thèm Đi Biển	Thun	https://cdn.shopify.com/s/files/1/0918/5597/8816/files/densau_27bf1796-8f40-427a-bbb2-47eac1d4ecf6.png	https://luonvuituoi.co/products/ao-thun-nghỉ-mat	2026-04-29
Thèm Đi Biển Cá	Thèm Đi Biển	Thun	https://cdn.shopify.com/s/files/1/0918/5597/8816/files/densau_5a078918-04c6-495b-9a85-6a61d3cfe3d1.png	https://luonvuituoi.co/products/ao-thun-them-di-biển-ca	2026-04-29
Felling Beachy	Thèm Đi Biển	Thun	https://cdn.shopify.com/s/files/1/0918/5597/8816/files/m_ttr_cden_011b8858-e8ad-495a-ba49-fddcf00b7334.png	https://luonvuituoi.co/products/ao-thun-felling-beachy	2026-04-28
Toà Không Chơi Mùa 17	Đời Game Thủ	Ba lỗ;Thun	https://cdn.shopify.com/s/files/1/0918/5597/8816/files/tr_ngsau_2a5549bd-ba12-4894-b85f-94d40fc9e736.jpg	https://luonvuituoi.co/products/ao-ba-lỗ-relaxed-fit-toa-khong-chơi-mua-17	2026-04-22
Toà Sao Hiểu Được	Đời Game Thủ	Ba lỗ;Dài tay;Thun	https://cdn.shopify.com/s/files/1/0918/5597/8816/files/densau_41382f42-3bd0-411b-9c22-0a45462e93b7.jpg	https://luonvuituoi.co/products/ao-ba-lỗ-relaxed-fit-toa-sao-hiểu-dược	2025-12-12
Mấy Con Gà Thì Biết Cái Gì	Đời Game Thủ	Ba lỗ;Dài tay;Thun	https://cdn.shopify.com/s/files/1/0918/5597/8816/files/densau_6ee38d15-0bf1-4478-9207-bb276286d66e.jpg	https://luonvuituoi.co/products/ao-ba-lỗ-relaxed-fit-mấy-con-ga-thi-biết-cai-gi	2025-11-28
Luận Văn Tốt Nghiệp	Job	Thun	https://cdn.shopify.com/s/files/1/0918/5597/8816/files/m_ttr_cden_90cbac37-0aa2-44ac-81c7-f9f290497bb6.png	https://luonvuituoi.co/products/ao-thun-luận-van-tốt-nghiệp	2026-04-25
Ri Con	Bóng Đá	Thun	https://cdn.shopify.com/s/files/1/0918/5597/8816/files/m_ttr_cden_8290f23e-b3fe-488b-bcdf-a5c0cd0df7ea.png	https://luonvuituoi.co/products/ao-thun-ri-con	2026-04-25
Râu Con	Bóng Đá	Thun	https://cdn.shopify.com/s/files/1/0918/5597/8816/files/m_ttr_cden_0297ece5-6fad-4c73-8eb9-9fe616380481.png	https://luonvuituoi.co/products/ao-thun-rau-con	2026-04-25
Paris Germain	Bóng Đá	Thun	https://cdn.shopify.com/s/files/1/0918/5597/8816/files/m_tsauden_8a3ff4f3-1d0f-428c-bc0e-a2fb3d777319.png	https://luonvuituoi.co/products/ao-thun-paris-germain	2026-04-25
Chưa Vào Anh ƠI	Bóng Đá	Thun	https://cdn.shopify.com/s/files/1/0918/5597/8816/files/m_tsauden_e943b30e-1cf3-40fb-86f5-9de683b5cc45.png	https://luonvuituoi.co/products/ao-thun-chưa-vao-anh-ơi	2026-04-25
Xôi và Tình	Trơi Bời	Thun	https://cdn.shopify.com/s/files/1/0918/5597/8816/files/kemtr_c_c7700965-9319-42a6-9f14-8634155db4e0.png	https://luonvuituoi.co/products/ao-thun-xoi-va-tinh	2026-04-25
Người Nghẹo Trà Sữa	Nhâm Nhi	Ba lỗ;Thun	https://cdn.shopify.com/s/files/1/0918/5597/8816/files/densau_4d207cb8-0c84-4bae-bc32-50efe137d27d.png	https://luonvuituoi.co/products/ao-ba-lỗ-relaxed-fit-người-nghẹo-tra-sữa	2026-04-04
Hẹn Hò Nhưng Không Yêu	Trơi Bời	Thun	https://cdn.shopify.com/s/files/1/0918/5597/8816/files/kemtr_c_1e9158cf-ca04-42e0-abc3-2b97bc87994f.png	https://luonvuituoi.co/products/ao-thun-hẹn-ho-nhưng-khong-yeu	2026-04-25
Tinh Hoa Hội Tụ	Trơi Bời	Thun	https://cdn.shopify.com/s/files/1/0918/5597/8816/files/dentr_c_2e0db302-033a-4747-bdcf-fbf2a04535c5.png	https://luonvuituoi.co/products/ao-thun-tinh-hoa-hội-tụ	2026-04-25
Xinh Như Hoa	Trơi Bời	Thun	https://cdn.shopify.com/s/files/1/0918/5597/8816/files/dentr_c_dfb3ee69-ab6c-4638-9005-c0d824187b0f.png	https://luonvuituoi.co/products/ao-thun-xinh-như-hoa	2026-04-25
Người Đẹp	Trơi Bời	Thun	https://cdn.shopify.com/s/files/1/0918/5597/8816/files/dentr_c_71e5d376-e416-441b-9f6f-445770073b5f.png	https://luonvuituoi.co/products/ao-thun-người-dẹp	2026-04-25
Ngoan Xinh Yêu	Trơi Bời	Thun	https://cdn.shopify.com/s/files/1/0918/5597/8816/files/tr_ngtr_c_55573762-fe2c-48ac-a66d-53d23858b703.png	https://luonvuituoi.co/products/ao-thun-ngoan-xinh-yeu	2026-04-25
Anh Em Cà Phê	Nhâm Nhi	Ba lỗ;Thun	https://cdn.shopify.com/s/files/1/0918/5597/8816/files/densau_584f7076-a05c-4ceb-b9df-98f3f6fee046.jpg	https://luonvuituoi.co/products/ao-ba-lỗ-relaxed-fit-anh-em-ca-phe	2026-04-01
Vòng Lặp Phê Pha	Nhả Khói	Thun	https://cdn.shopify.com/s/files/1/0918/5597/8816/files/dentr_c_c24f3e71-0242-46c2-bf9d-54ecb311524c.png	https://luonvuituoi.co/products/ao-thun-vong-lặp-phe-pha	2026-04-25
OK Đi Biển	Thèm Đi Biển	Thun	https://cdn.shopify.com/s/files/1/0918/5597/8816/files/tr_ngtr_c_084f07c7-ab47-4f7c-a0ac-94a3e0ed9b2d.png	https://luonvuituoi.co/products/ao-thun-ok-di-biển	2026-04-25
Người Từng Cùng Đót Gi	Love Bites	Thun	https://cdn.shopify.com/s/files/1/0918/5597/8816/files/tr_ngsau_db8f5019-321e-4b92-981f-57b18e2634f3.png	https://luonvuituoi.co/products/ao-thun-người-từng-cung-dot-gi	2026-04-24
Người Cùng Nhau Bám Kính	Love Bites	Thun	https://cdn.shopify.com/s/files/1/0918/5597/8816/files/densau_6db4cc88-8b44-4f07-b9db-c194dffd0d17.png	https://luonvuituoi.co/products/ao-thun-người-cung-nhau-bam-kinh	2026-04-24
Chải Xong Chưa	Đũy Mèo	Thun	https://cdn.shopify.com/s/files/1/0918/5597/8816/files/kemtr_c_75d78ce2-b60d-4b98-9d46-7648b6386b16.png	https://luonvuituoi.co/products/ao-thun-chải-xong-chưa	2026-04-24
The Starry Meow	Đũy Mèo	Thun	https://cdn.shopify.com/s/files/1/0918/5597/8816/files/dentr_c_92878d81-1793-49cd-8455-03b68b54b348.png	https://luonvuituoi.co/products/ao-thun-the-starry-meow	2026-04-24
Thái Mèo	Đũy Mèo	Thun	https://cdn.shopify.com/s/files/1/0918/5597/8816/files/dentr_c_6cdad740-14ab-43a5-8ea0-d6f6a851aff6.png	https://luonvuituoi.co/products/ao-thun-thai-meo	2026-04-24
Meow Check	Đũy Mèo	Thun	https://cdn.shopify.com/s/files/1/0918/5597/8816/files/tr_ngtr_c_45791dba-117e-4d08-bb2b-b5425ed28894.png	https://luonvuituoi.co/products/ao-thun-meow-check	2026-04-24
MeoGangz	Đũy Mèo	Thun	https://cdn.shopify.com/s/files/1/0918/5597/8816/files/kemtr_c_699ad240-f2f8-4ddd-a6cd-c97d3387dbd9.png	https://luonvuituoi.co/products/ao-thun-meogangz	2026-04-24
Mèo Của Tao	Đũy Mèo	Thun	https://cdn.shopify.com/s/files/1/0918/5597/8816/files/tr_ngtr_c_0d973f7f-0642-4489-8757-fb735e284ca4.png	https://luonvuituoi.co/products/ao-thun-meo-của-tao	2026-04-24
Mèo Bánh Cá Và Cafe	Đũy Mèo	Thun	https://cdn.shopify.com/s/files/1/0918/5597/8816/files/tr_ngtr_c_a28faf0c-1239-4c2a-ad7b-4ce1b68d7d31.png	https://luonvuituoi.co/products/ao-thun-meo-banh-ca-va-cafe	2026-04-24
Cat Vision	Đũy Mèo	Thun	https://cdn.shopify.com/s/files/1/0918/5597/8816/files/dentr_c_9c7b1d5d-f6f9-4dac-9013-5e3999c5be58.png	https://luonvuituoi.co/products/ao-thun-cat-vision	2026-04-24
Vui Lòng Không Dẫm Lên Trái Tym	Love Bites	Ba lỗ;Dài tay;Thun	https://cdn.shopify.com/s/files/1/0918/5597/8816/files/kemtr_c_8d788560-0a40-4368-82a7-0347caab6d09.jpg	https://luonvuituoi.co/products/ao-ba-lỗ-relaxed-fit-vui-long-khong-dẫm-len-trai-tym	2025-10-18
Đơn Xin Thôi Việc	Job	Thun	https://cdn.shopify.com/s/files/1/0918/5597/8816/files/tr_ngtr_c_4f81efbd-a38a-4904-8901-0c895bd2c164.png	https://luonvuituoi.co/products/ao-thun-dơn-xin-thoi-việc	2026-04-24
Phấn Đào	Bóng Đá	Ba lỗ;Thun	https://cdn.shopify.com/s/files/1/0918/5597/8816/files/kemsau_d3104c54-fddc-4984-9fb3-b119c7c964e1.jpg	https://luonvuituoi.co/products/ao-ba-lỗ-relaxed-fit-phấn-dao	2026-04-21
Hala Madrid	Bóng Đá	Ba lỗ;Thun	https://cdn.shopify.com/s/files/1/0918/5597/8816/files/navysau_92c0a701-5dac-49c4-9a22-dc6da75667df.jpg	https://luonvuituoi.co/products/ao-ba-lỗ-relaxed-fit-hala-madrid	2026-04-21
Forever United	Bóng Đá	Ba lỗ;Thun	https://cdn.shopify.com/s/files/1/0918/5597/8816/files/kemsau_baf02d18-94d7-4003-9133-747ef479f40c.jpg	https://luonvuituoi.co/products/ao-ba-lỗ-relaxed-fit-forever-united	2026-04-21
Đừng Xoạc Em Ơi	Bóng Đá	Ba lỗ;Thun	https://cdn.shopify.com/s/files/1/0918/5597/8816/files/densau_950e2a6d-6238-408e-aa0e-7001c0b4763c.jpg	https://luonvuituoi.co/products/ao-ba-lỗ-relaxed-fit-dừng-xoạc-em-ơi	2026-04-20
Hè Rồi Nghỉ Việc Thôi	Thèm Đi Biển	Thun	https://cdn.shopify.com/s/files/1/0918/5597/8816/files/densau_6f0a17ee-d44a-4bb3-8456-af98904df0e5.png	https://luonvuituoi.co/products/ao-thun-he-rồi-nghỉ-việc-thoi	2026-04-23
Dink To Die	Pickleball	Ba lỗ;Thun	https://cdn.shopify.com/s/files/1/0918/5597/8816/files/kemsau_a8916785-4a26-4f55-a535-99f78bcf1190.jpg	https://luonvuituoi.co/products/ao-ba-lỗ-relaxed-fit-dink-to-die	2026-04-20
Chuyền Đi Đừng Sút	Bóng Đá	Ba lỗ;Thun	https://cdn.shopify.com/s/files/1/0918/5597/8816/files/densau_d90625ab-07e7-46dd-8277-ced211aaddd8.jpg	https://luonvuituoi.co/products/ao-ba-lỗ-relaxed-fit-chuyền-di-dừng-sut	2026-04-20
Chuyền Đi Đừng Rê	Bóng Đá	Ba lỗ;Thun	https://cdn.shopify.com/s/files/1/0918/5597/8816/files/densau_46d6bc24-dac8-49d7-88f4-fe3bea7b68b8.jpg	https://luonvuituoi.co/products/ao-ba-lỗ-relaxed-fit-chuyền-di-dừng-re	2026-04-20
Bắt Tốt Em Ơi	Bóng Đá	Ba lỗ;Thun	https://cdn.shopify.com/s/files/1/0918/5597/8816/files/densau_b83f2d02-bbf0-42fe-a83e-35fcac2505dd.jpg	https://luonvuituoi.co/products/ao-ba-lỗ-relaxed-fit-bắt-tốt-em-ơi	2026-04-20
Vua Phá Lưới	Bóng Đá	Ba lỗ;Thun	https://cdn.shopify.com/s/files/1/0918/5597/8816/files/tr_ngsau_dd5cbca4-0e84-4a09-8c0d-01b0472b813c.jpg	https://luonvuituoi.co/products/ao-ba-lỗ-relaxed-fit-vua-pha-lưới	2026-04-21
Không Tin Đàn Bà	Love Bites	Ba lỗ;Dài tay;Thun	https://cdn.shopify.com/s/files/1/0918/5597/8816/files/densau_84756a53-0062-415e-914a-77c10211a3f9.jpg	https://luonvuituoi.co/products/ao-ba-lỗ-relaxed-fit-khong-tin-dan-ba	2025-08-09
Vua Bắt Bóng	Bóng Đá	Ba lỗ;Thun	https://cdn.shopify.com/s/files/1/0918/5597/8816/files/densau_dad2083a-6615-4d43-abb2-9a26793d8cd1.jpg	https://luonvuituoi.co/products/ao-ba-lỗ-relaxed-fit-vua-bắt-bong	2026-04-21
Tiên Cá Quay Trở Lại Biển	Thèm Đi Biển	Thun	https://cdn.shopify.com/s/files/1/0918/5597/8816/files/densau_b0aa01c0-0c6d-4ea3-895b-d7d1245fc3c3.png	https://luonvuituoi.co/products/ao-thun-tien-ca-quay-trở-lại-biển	2026-04-23
Đi Săn Vòi Voi	Thèm Đi Biển	Thun	https://cdn.shopify.com/s/files/1/0918/5597/8816/files/densau_c31a7463-a057-4978-9284-383396a42814.png	https://luonvuituoi.co/products/ao-thun-di-san-voi-voi	2026-04-23
I Told Chat GPT About You	Love Bites	Ba lỗ;Dài tay	https://cdn.shopify.com/s/files/1/0918/5597/8816/files/tr_ngsau_3888f423-9328-420d-ab4f-b5475698d7a0.jpg	https://luonvuituoi.co/products/ao-ba-lỗ-relaxed-fit-i-told-chat-gpt-about-you	2025-12-25
Em Yêu Tất Cả	Love Bites	Ba lỗ;Dài tay;Thun	https://cdn.shopify.com/s/files/1/0918/5597/8816/files/tr_ngsau_6aacce75-f7ad-475b-b444-50c4960a1366.jpg	https://luonvuituoi.co/products/ao-ba-lỗ-relaxed-fit-em-yeu-tất-cả	2025-10-17
Anh Yêu Tất Cả	Love Bites;Trơi Bời	Ba lỗ;Dài tay;Thun	https://cdn.shopify.com/s/files/1/0918/5597/8816/files/densau_d644cdbe-2b16-4e54-8bfd-0f115b7c9406.jpg	https://luonvuituoi.co/products/ao-ba-lỗ-relaxed-fit-anh-yeu-tất-cả	2025-10-17
Messi Goat	Bóng Đá	Ba lỗ;Thun	https://cdn.shopify.com/s/files/1/0918/5597/8816/files/dentr_c_23abd288-301d-40ea-9f41-24fbc2080972.jpg	https://luonvuituoi.co/products/ao-ba-lỗ-relaxed-fit-messi-goat	2026-04-21
Anh Bảy Chọ	Bóng Đá	Ba lỗ;Thun	https://cdn.shopify.com/s/files/1/0918/5597/8816/files/tr_ngsau_28470c75-c52d-4c6d-88af-056be145249d.jpg	https://luonvuituoi.co/products/ao-ba-lỗ-relaxed-fit-anh-bảy-chọ	2026-04-21
Thể Thao Là Không Ngừng Bỏ Cuộc	Bóng Đá	Ba lỗ;Thun	https://cdn.shopify.com/s/files/1/0918/5597/8816/files/dentr_c_7e94c4f0-023d-488c-ad3b-e414a362e299.jpg	https://luonvuituoi.co/products/ao-ba-lỗ-relaxed-fit-thể-thao-la-khong-ngừng-bỏ-cuộc	2026-04-21
Người Chơi Bóng	Bóng Đá	Ba lỗ;Thun	https://cdn.shopify.com/s/files/1/0918/5597/8816/files/dentr_c_ac218e74-c9e9-44bd-bd39-039b71fd4472.jpg	https://luonvuituoi.co/products/ao-ba-lỗ-relaxed-fit-người-chơi-bong	2026-04-21
Người Bị Bóng Đá	Bóng Đá	Ba lỗ;Thun	https://cdn.shopify.com/s/files/1/0918/5597/8816/files/dentr_c_d9080baa-afab-4cab-821f-beffb137b4b6.jpg	https://luonvuituoi.co/products/ao-ba-lỗ-relaxed-fit-người-bị-bong-da	2026-04-21
Chích Cho Cái Bây Giờ	Đũy Mèo	Thun	https://cdn.shopify.com/s/files/1/0918/5597/8816/files/navytr_c_c9d60e60-d028-4077-bd54-4d4d2fd92780.png	https://luonvuituoi.co/products/ao-thun-chich-cho-cai-bay-giờ	2026-04-23
Tôi Đổ Rác - Bạn Đổ Thừa	Lifey Stuff	Thun	https://cdn.shopify.com/s/files/1/0918/5597/8816/files/kemsau_0a6627da-7e60-4396-8b18-7d1cfdd21504.png	https://luonvuituoi.co/products/ao-thun-toi-dổ-rac-bạn-dổ-thừa	2026-04-22
Nóng Lòng Được Gặp Anh	Lifey Stuff	Thun	https://cdn.shopify.com/s/files/1/0918/5597/8816/files/kemtr_c_0d244fb7-4053-49f5-ba54-ee976c92423f.png	https://luonvuituoi.co/products/ao-thun-nong-long-dược-gặp-anh	2026-04-22
Đừng Rủ Nhậu	Nhâm Nhi	Thun	https://cdn.shopify.com/s/files/1/0918/5597/8816/files/tr_ngtr_c_7df7052e-8767-464b-8588-9777b24d0210.png	https://luonvuituoi.co/products/ao-thun-dừng-rủ-nhậu	2026-04-22
Snape Dogg	Tuyệt Đối Điện Ảnh	Thun	https://cdn.shopify.com/s/files/1/0918/5597/8816/files/dentr_c_b74a825c-91e4-4534-8620-4031eaf76a8a.png	https://luonvuituoi.co/products/ao-thun-snape-dogg	2026-04-22
Nhạc Kì Bỏ Mẹ	Trơi Bời	Thun	https://cdn.shopify.com/s/files/1/0918/5597/8816/files/tr_ngtr_c_f277672d-b273-4cc3-a6e9-e1b518abb203.png	https://luonvuituoi.co/products/ao-thun-nhạc-ki-bỏ-mẹ	2026-04-21
Đồ Ngủ	Trơi Bời	Thun	https://cdn.shopify.com/s/files/1/0918/5597/8816/files/tr_ngtr_c_c8bf90e5-3713-43e1-8a35-8a58f5e12c87.png	https://luonvuituoi.co/products/ao-thun-dồ-ngủ	2026-04-21
Nghệ Sĩ Nước Mình Vất Vả	Trơi Bời	Thun	https://cdn.shopify.com/s/files/1/0918/5597/8816/files/dentr_c_2af64417-e625-48aa-b31d-dcbbd60e2000.png	https://luonvuituoi.co/products/ao-thun-nghệ-si-nước-minh-vất-vả	2026-04-21
Tập Tạ Để Có Cơ	Chuyện Phòng Gym	Thun	https://cdn.shopify.com/s/files/1/0918/5597/8816/files/kemtr_c_07c83a39-207a-4b8e-b44c-8963994a1132.png	https://luonvuituoi.co/products/ao-thun-tập-tạ-dể-co-cơ	2026-04-21
Sống Nice Stress Mind	Lifey Stuff	Thun;Ba lỗ;Dài tay	https://cdn.shopify.com/s/files/1/0918/5597/8816/files/kemtr_c_794add4f-8533-4cd4-ae94-4c32d189915a.png	https://luonvuituoi.co/products/ao-thun-sống-nice-stress-mind-1	2025-08-30
Thằn Lằn Thốn	Trơi Bời	Thun	https://cdn.shopify.com/s/files/1/0918/5597/8816/files/dentr_c_87e3e3bd-f88a-439f-aa64-1df4db53cb9a.png	https://luonvuituoi.co/products/ao-thun-thằn-lằn-thốn	2026-04-21
Fet's Luck	Lifey Stuff	Thun	https://cdn.shopify.com/s/files/1/0918/5597/8816/files/kemsau_0b9803a7-1c28-4894-a865-e155bc35ce24.png	https://luonvuituoi.co/products/ao-thun-fets-luck	2026-04-21
Chưa Tày Đâu Mèo Meme	Lifey Stuff	Thun	https://cdn.shopify.com/s/files/1/0918/5597/8816/files/navysau_73b32dff-5b9b-474c-af4f-b6dfbf08f19d.png	https://luonvuituoi.co/products/ao-thun-chưa-tay-dau-meo-meme	2026-04-21
Buồn Thật Đấy - Trai Bị Dìm	Lifey Stuff	Thun	https://cdn.shopify.com/s/files/1/0918/5597/8816/files/navytr_c_47585d36-2206-47e5-95ec-d5fc0068cdd2.png	https://luonvuituoi.co/products/ao-thun-buồn-thật-dấy-trai-bị-dim	2026-04-21
Báo Thức Của Người Tỉnh Việt Nam	Lifey Stuff	Thun	https://cdn.shopify.com/s/files/1/0918/5597/8816/files/densau_4f87f936-b4a5-4dfb-abda-2f24d72c01ae.png	https://luonvuituoi.co/products/ao-thun-bao-thức-của-người-tỉnh-việt-nam	2026-04-21
Anh Cung Khủ	Lifey Stuff	Thun	https://cdn.shopify.com/s/files/1/0918/5597/8816/files/dentr_c_542fd34d-7f31-490f-85f5-5df2f4674eca.png	https://luonvuituoi.co/products/ao-thun-ang-cung-khủ	2026-04-21
Âm Nhạc Là Thứ M A T * U Y Duy Nhất Tao Chơi	Trơi Bời	Thun	https://cdn.shopify.com/s/files/1/0918/5597/8816/files/densau_07120821-10ce-462f-b4a0-adc10fa26f3b.png	https://luonvuituoi.co/products/ao-thun-am-nhạc-la-thứ-m-a-t-u-y-duy-nhất-tao-chơi	2026-04-21
Ước Gì Tau Bớt Đẳng Cấp Một Chút Sweater	Trơi Bời	Sweater	https://cdn.shopify.com/s/files/1/0918/5597/8816/files/tr_ngsau_4048afbc-cece-4f8f-bbf7-eecd4802f462.png	https://luonvuituoi.co/products/ước-gi-tau-bớt-dẳng-cấp-một-chut-sweater	2026-04-20
Pickleball Is Addicted	Pickleball	Ba lỗ;Thun	https://cdn.shopify.com/s/files/1/0918/5597/8816/files/kemsau_a333c14e-8b21-4561-859e-d82cc032f0a2.jpg	https://luonvuituoi.co/products/ao-ba-lỗ-relaxed-fit-pickleball-is-addicted	2026-04-04
Drive Nhẹ Thôi Em	Pickleball	Ba lỗ;Thun	https://cdn.shopify.com/s/files/1/0918/5597/8816/files/kemsau_e3d1a040-8689-481c-accb-269d29805db8.jpg	https://luonvuituoi.co/products/ao-ba-lỗ-relaxed-fit-drive-nhẹ-thoi-em	2026-04-15
Only fans 2	Lifey Stuff	Ba lỗ;Dài tay;Thun	https://cdn.shopify.com/s/files/1/0918/5597/8816/files/tr_ngtr_c_c0ba6daf-1e37-44fa-b109-d9586a760bdd.jpg	https://luonvuituoi.co/products/ao-ba-lỗ-relaxed-fit-only-fans-2	2025-07-01
Long Time No Sẽ	Lifey Stuff	Ba lỗ;Dài tay;Thun	https://cdn.shopify.com/s/files/1/0918/5597/8816/files/kemtr_c_9216417f-4f7e-4b40-b824-2f83751c175f.jpg	https://luonvuituoi.co/products/ao-ba-lỗ-relaxed-fit-long-time-no-sẽ	2025-06-17
I Love You Từ Bé	Lifey Stuff	Ba lỗ;Dài tay;Thun	https://cdn.shopify.com/s/files/1/0918/5597/8816/files/navytr_c_7af53b2a-3eee-4a89-ad77-69b19a66f9a4.jpg	https://luonvuituoi.co/products/ao-ba-lỗ-relaxed-fit-i-love-you-từ-be	2025-06-20
Hồng Hài Nhi	Lifey Stuff	Ba lỗ;Dài tay;Thun	https://cdn.shopify.com/s/files/1/0918/5597/8816/files/kemtr_c_721e1df5-816b-4ab2-b0a3-758eec3ec02a.jpg	https://luonvuituoi.co/products/ao-ba-lỗ-relaxed-fit-hồng-hai-nhi	2025-06-20
Đẹp Điên	Lifey Stuff	Ba lỗ;Dài tay;Thun	https://cdn.shopify.com/s/files/1/0918/5597/8816/files/dentr_c_0e3b924c-f310-4a69-9568-e80764a2aa64.jpg	https://luonvuituoi.co/products/ao-ba-lỗ-relaxed-fit-dẹp-dien	2025-10-16
Yêu Tổ Quốc, Yêu Đồng Bào	Yêu Nước	Ba lỗ;Dài tay	https://cdn.shopify.com/s/files/1/0918/5597/8816/files/dentr_c_567e66e8-6150-4eab-a92c-0aec3fc2f692.jpg	https://luonvuituoi.co/products/ao-ba-lỗ-relaxed-fit-yeu-tổ-quốc-yeu-dồng-bao	2025-12-25
Suy Đét	Trơi Bời	Thun	https://cdn.shopify.com/s/files/1/0918/5597/8816/files/dentr_c_99be40ac-bce4-4405-9879-4d5cc44777dd.png	https://luonvuituoi.co/products/ao-thun-suy-det	2026-04-17
Mấy Con Vợ	Trơi Bời	Thun	https://cdn.shopify.com/s/files/1/0918/5597/8816/files/dentr_c_07cf7ad9-c22e-40ba-8a40-0242855bcfcc.png	https://luonvuituoi.co/products/ao-thun-mấy-con-vợ	2026-04-17
I'm Horny	Trơi Bời	Thun	https://cdn.shopify.com/s/files/1/0918/5597/8816/files/tr_ngtr_c_0cf8600a-8940-415a-888c-a0c8bac0330f.png	https://luonvuituoi.co/products/ao-thun-im-horny	2026-04-17
A Du Vai Lua	Trơi Bời	Thun	https://cdn.shopify.com/s/files/1/0918/5597/8816/files/densau_63bd2198-e1e1-4126-950d-67df6d50cbf3.png	https://luonvuituoi.co/products/ao-thun-a-du-vai-lua	2026-04-17
No Dink Just Drive	Pickleball	Ba lỗ;Thun	https://cdn.shopify.com/s/files/1/0918/5597/8816/files/densau_bc6db302-6f84-4b79-a78a-6c6753490e3f.jpg	https://luonvuituoi.co/products/ao-ba-lỗ-relaxed-fit-no-dink-just-drive	2026-04-02
Vietnamese Girl	Yêu Nước	Ba lỗ;Dài tay	https://cdn.shopify.com/s/files/1/0918/5597/8816/files/tr_ngsau_65fd7f7f-524e-44e0-ac53-dc21083b0380.jpg	https://luonvuituoi.co/products/ao-ba-lỗ-relaxed-fit-vietnamese-girl	2025-12-24
Tôi Yêu Tổ Quốc Tôi	Yêu Nước	Ba lỗ;Dài tay	https://cdn.shopify.com/s/files/1/0918/5597/8816/files/kemtr_c_10bdf573-572a-4aba-941e-63bd8a4a0137.jpg	https://luonvuituoi.co/products/ao-ba-lỗ-relaxed-fit-toi-yeu-tổ-quốc-toi	2026-01-02
Quyết Chiến Quyết Thắng	Yêu Nước	Ba lỗ;Thun	https://cdn.shopify.com/s/files/1/0918/5597/8816/files/kemsau_7e3e07ff-feb0-4aa3-a40b-3e681530b54a.jpg	https://luonvuituoi.co/products/ao-ba-lỗ-relaxed-fit-quyết-chiến-quyết-thắng	2026-04-13
Máu Đỏ Da Vàng	Yêu Nước	Ba lỗ	https://cdn.shopify.com/s/files/1/0918/5597/8816/files/densau_d13b7fe9-61de-4ff5-8ae3-aceb1bd06c35.jpg	https://luonvuituoi.co/products/ao-ba-lỗ-relaxed-fit-mau-dỏ-da-vang	2026-04-17
Made in Vietnam 2	Yêu Nước	Ba lỗ;Dài tay	https://cdn.shopify.com/s/files/1/0918/5597/8816/files/densau_152b369a-d044-429b-9441-5702d285df18.jpg	https://luonvuituoi.co/products/ao-ba-lỗ-relaxed-fit-made-in-vietnam-2	2025-12-31
Made In Vietnam 1	Yêu Nước	Ba lỗ;Dài tay	https://cdn.shopify.com/s/files/1/0918/5597/8816/files/tr_ngtr_c_7bbca3ee-df62-4113-8a72-679d4701fd6b.jpg	https://luonvuituoi.co/products/ao-ba-lỗ-relaxed-fit-made-in-vietnam-1	2025-12-31
Khiêm Tốn - Thật Thà - Dũng Cảm	Yêu Nước	Ba lỗ;Dài tay	https://cdn.shopify.com/s/files/1/0918/5597/8816/files/kemsau_f43d94fb-589e-4048-b1ba-782afe11a8b3.jpg	https://luonvuituoi.co/products/ao-ba-lỗ-relaxed-fit-khiem-tốn-thật-tha-dung-cảm	2026-01-02
Học Tập Tốt, Lao Động Tốt	Yêu Nước	Ba lỗ	https://cdn.shopify.com/s/files/1/0918/5597/8816/files/kemtr_c_4158e73c-5263-4835-bcf0-067df0aad64a.jpg	https://luonvuituoi.co/products/ao-ba-lỗ-relaxed-fit-học-tập-tốt-lao-dộng-tốt	2026-04-17
Giữ Gìn Vệ Sinh Thật Tốt	Yêu Nước	Ba lỗ	https://cdn.shopify.com/s/files/1/0918/5597/8816/files/tr_ngsau_18077345-6dae-44fe-8b76-e18fb7882f66.jpg	https://luonvuituoi.co/products/ao-ba-lỗ-relaxed-fit-giữ-gin-vệ-sinh-thật-tốt	2026-04-17
Độc Lập - Tự Do - Hạnh Phúc	Yêu Nước	Ba lỗ	https://cdn.shopify.com/s/files/1/0918/5597/8816/files/tr_ngsau_88953569-93a5-4461-a670-0747493f91b1.jpg	https://luonvuituoi.co/products/ao-ba-lỗ-relaxed-fit-dộc-lập-tự-do-hạnh-phuc	2026-04-17
Đoàn Kết Tốt, Kỷ Luật Tốt	Yêu Nước	Ba lỗ	https://cdn.shopify.com/s/files/1/0918/5597/8816/files/kemtr_c_8245396a-4aa4-444c-9777-5f8045262800.jpg	https://luonvuituoi.co/products/ao-ba-lỗ-relaxed-fit-doan-kết-tốt-kỷ-luật-tốt	2026-04-17
5 Điều Bác Hồ Dạy	Yêu Nước	Ba lỗ;Dài tay	https://cdn.shopify.com/s/files/1/0918/5597/8816/files/kemtr_c_43dbd73e-261a-467c-8cbe-f84f4f75f1bb.jpg	https://luonvuituoi.co/products/ao-ba-lỗ-relaxed-fit-5-diều-bac-hồ-dạy	2026-01-02
NÓNG Lòng Được Gặp Em	Lifey Stuff	Thun	https://cdn.shopify.com/s/files/1/0918/5597/8816/files/dentr_c_34eef594-869e-40c5-a285-61ee6dcd84ce.png	https://luonvuituoi.co/products/ao-thun-nong-long-dược-gặp-em	2026-04-17
Lương 5 Triệu Thích Sài Hàng Hiệu	Lifey Stuff	Thun	https://cdn.shopify.com/s/files/1/0918/5597/8816/files/tr_ngsau_a46a8fab-1e21-41b8-a694-77a151675b23.png	https://luonvuituoi.co/products/ao-thun-lương-5-triệu-thich-sai-hang-hiệu	2026-04-17
I Love Sóc	Lifey Stuff	Thun	https://cdn.shopify.com/s/files/1/0918/5597/8816/files/tr_ngtr_c_30740b9e-9b9c-473f-a6b1-f1409a2643a8.png	https://luonvuituoi.co/products/ao-thun-i-love-soc	2026-04-17
I Love Móc	Lifey Stuff	Thun	https://cdn.shopify.com/s/files/1/0918/5597/8816/files/tr_ngtr_c_8b36bfce-0dcd-4ebd-8734-030a9947cfdf.png	https://luonvuituoi.co/products/ao-thun-i-love-moc	2026-04-17
I Love Lọ	Lifey Stuff	Thun	https://cdn.shopify.com/s/files/1/0918/5597/8816/files/tr_ngtr_c_96b19caf-7188-43d1-887c-3daeb41d7b53.png	https://luonvuituoi.co/products/ao-thun-i-love-lọ	2026-04-17
Vải Cá Lợn	Fruitland;Lifey Stuff	Ba lỗ;Thun	https://cdn.shopify.com/s/files/1/0918/5597/8816/files/dentr_c_38e00ff7-71fa-4f60-abbb-27b0c7fd5f80.jpg	https://luonvuituoi.co/products/ao-ba-lỗ-relaxed-fit-vải-ca-lợn	2026-03-14
Cải Lon Ma	Fruitland	Ba lỗ	https://cdn.shopify.com/s/files/1/0918/5597/8816/files/tr_ngtr_c_2acf8908-3d71-412c-9352-4d27e0619eda.jpg	https://luonvuituoi.co/products/ao-ba-lỗ-relaxed-fit-cải-lon-ma	2026-04-16
Tôi Xink Lỗi Bạn	Lifey Stuff	Ba lỗ;Dài tay;Thun	https://cdn.shopify.com/s/files/1/0918/5597/8816/files/dentr_c_76c516ce-4136-43eb-97cd-403423a3ea68.jpg	https://luonvuituoi.co/products/ao-ba-lỗ-relaxed-fit-toi-xink-lỗi-bạn	2025-06-17
Oh No	Lifey Stuff	Ba lỗ;Dài tay;Thun	https://cdn.shopify.com/s/files/1/0918/5597/8816/files/navytr_c_5f3d407d-8578-4695-8194-a372252f7683.jpg	https://luonvuituoi.co/products/ao-ba-lỗ-relaxed-fit-oh-no	2025-06-18
NO BRAIN NO PAIN	Lifey Stuff	Ba lỗ;Dài tay;Thun	https://cdn.shopify.com/s/files/1/0918/5597/8816/files/navytr_c_a1fcbe6d-05c9-4507-997d-825d1dd63e7d.jpg	https://luonvuituoi.co/products/ao-ba-lỗ-relaxed-fit-no-brain-no-pain	2025-06-19
Hẹ Hẹ Hẹ	Lifey Stuff;Trơi Bời	Ba lỗ;Dài tay;Thun	https://cdn.shopify.com/s/files/1/0918/5597/8816/files/dentr_c_8753a621-7389-4806-96a2-846ee611449c.jpg	https://luonvuituoi.co/products/ao-ba-lỗ-relaxed-fit-hẹ-hẹ-hẹ	2025-07-07
Ê Nha!	Lifey Stuff	Ba lỗ;Dài tay;Thun	https://cdn.shopify.com/s/files/1/0918/5597/8816/files/kemtr_c_367a682c-e3ac-4e87-aff3-4b0746446709.jpg	https://luonvuituoi.co/products/ao-ba-lỗ-relaxed-fit-e-nha	2025-07-19
Duma	Lifey Stuff	Ba lỗ;Dài tay;Thun	https://cdn.shopify.com/s/files/1/0918/5597/8816/files/dentr_c_0b6e3e45-67db-457d-80f3-9c0b786b9180.jpg	https://luonvuituoi.co/products/ao-ba-lỗ-relaxed-fit-duma	2025-06-20
ĐÃ UỐNG XE KHÔNG LÁI RƯỢU BIA	Lifey Stuff	Ba lỗ;Dài tay;Thun	https://cdn.shopify.com/s/files/1/0918/5597/8816/files/dentr_c_2e1468bd-eabf-4a99-8d72-65c6a4fd1911.jpg	https://luonvuituoi.co/products/ao-ba-lỗ-relaxed-fit-da-uống-xe-khong-lai-rượu-bia	2025-07-03
Cút	Lifey Stuff	Ba lỗ;Dài tay;Thun	https://cdn.shopify.com/s/files/1/0918/5597/8816/files/kemtr_c_c34281f6-0185-41db-a09e-cfd71a43e26c.jpg	https://luonvuituoi.co/products/ao-ba-lỗ-relaxed-fit-cut	2025-06-17
Sang & Khó Tính	Trơi Bời	Thun	https://cdn.shopify.com/s/files/1/0918/5597/8816/files/dentr_c_e6b79bd3-58f8-4755-9fdc-d05ce2f3c9eb.png	https://luonvuituoi.co/products/ao-thun-sang-kho-tinh	2026-04-14
Thằn Lằn Đứt Đuôi	Animal Circus	Thun	https://cdn.shopify.com/s/files/1/0918/5597/8816/files/tr_ngtr_c_f61328b4-3ae6-48ae-a292-a958b1c6dee5.png	https://luonvuituoi.co/products/ao-thun-thằn-lằn-dứt-duoi	2026-04-14
Sleep Sleep Sleep	Lifey Stuff	Thun	https://cdn.shopify.com/s/files/1/0918/5597/8816/files/kemtr_c_d2e6f0d4-3c2b-4e4b-bf57-1f00a5e611bf.png	https://luonvuituoi.co/products/ao-thun-sleep-sleep-sleep	2026-04-14
UFO Cat ZEP ZEP ZEP	Đũy Mèo	Ba lỗ;Dài tay;Thun	https://cdn.shopify.com/s/files/1/0918/5597/8816/files/navytr_c_08e6f2e1-dc2f-4426-93f7-57c67b141256.jpg	https://luonvuituoi.co/products/ao-ba-lỗ-relaxed-fit-ufo-cat-zep-zep-zep	2025-10-15
Rất Tiếc Bạn Đã Bị Con Mèo	Đũy Mèo	Ba lỗ;Dài tay;Thun	https://cdn.shopify.com/s/files/1/0918/5597/8816/files/dentr_c_798008d2-18b1-47c5-95f1-622a5497b036.jpg	https://luonvuituoi.co/products/ao-ba-lỗ-relaxed-fit-rất-tiếc-bạn-da-bị-con-meo	2025-06-20
Thế Cơ À Cat	Đũy Mèo	Ba lỗ;Dài tay;Thun	https://cdn.shopify.com/s/files/1/0918/5597/8816/files/tr_ngtr_c_3044bfe7-7474-4012-96a3-7a0109ee68fc.jpg	https://luonvuituoi.co/products/ao-ba-lỗ-relaxed-fit-thế-cơ-a-cat	2025-06-20
My Mood Today	Đũy Mèo	Ba lỗ;Thun	https://cdn.shopify.com/s/files/1/0918/5597/8816/files/kemtr_c_b4afb980-c369-41a4-b589-455ffdcd52a0.jpg	https://luonvuituoi.co/products/ao-ba-lỗ-relaxed-fit-my-mood-today	2025-06-20
Mình Hơn Hẳn Mà	Đũy Mèo	Ba lỗ;Dài tay;Thun	https://cdn.shopify.com/s/files/1/0918/5597/8816/files/dentr_c_670ad90a-546b-41f4-ae23-c6f47b5ad03b.jpg	https://luonvuituoi.co/products/ao-ba-lỗ-relaxed-fit-minh-hơn-hẳn-ma	2025-10-04
Meosw Gì Cũng Tao	Đũy Mèo	Ba lỗ;Dài tay;Thun	https://cdn.shopify.com/s/files/1/0918/5597/8816/files/kemtr_c_0e364a95-a602-4004-b725-c831f49c0b01.jpg	https://luonvuituoi.co/products/ao-ba-lỗ-relaxed-fit-meosw-gi-cung-tao	2025-09-24
Meme Cat Huh	Đũy Mèo	Ba lỗ;Dài tay;Thun	https://cdn.shopify.com/s/files/1/0918/5597/8816/files/dentr_c_5f62fdce-c08f-4d94-8650-7bc7222167f8.jpg	https://luonvuituoi.co/products/ao-ba-lỗ-relaxed-fit-meme-cat-huh	2025-09-20
Meme Cat Cái Gì	Đũy Mèo	Ba lỗ;Dài tay;Thun	https://cdn.shopify.com/s/files/1/0918/5597/8816/files/dentr_c_ffc35564-150a-45dc-8dd0-4e30e6605644.jpg	https://luonvuituoi.co/products/ao-ba-lỗ-relaxed-fit-meme-cat-cai-gi	2025-09-24
I_m Ok	Đũy Mèo;Tuyệt Đối Điện Ảnh;Trơi Bời;Lifey Stuff	Ba lỗ;Dài tay;Thun	https://cdn.shopify.com/s/files/1/0918/5597/8816/files/kemtr_c_dcddb935-54bd-4a5b-86ec-523e6a2d7fde.jpg	https://luonvuituoi.co/products/ao-ba-lỗ-relaxed-fit-i_m-ok-1	2025-06-20
I Hate People	Đũy Mèo	Ba lỗ;Thun	https://cdn.shopify.com/s/files/1/0918/5597/8816/files/dentr_c_9a403337-c5bd-4eed-82a6-2097fb259391.jpg	https://luonvuituoi.co/products/ao-ba-lỗ-relaxed-fit-i-hate-people	2025-09-22
I Dunno, Man	Đũy Mèo	Ba lỗ;Thun	https://cdn.shopify.com/s/files/1/0918/5597/8816/files/kemtr_c_fc32d365-aa06-4bcc-8604-eee78d69767e.jpg	https://luonvuituoi.co/products/ao-ba-lỗ-relaxed-fit-i-dunno-man	2025-10-21
I Don_t Know I Don_t Care	Đũy Mèo	Ba lỗ;Thun	https://cdn.shopify.com/s/files/1/0918/5597/8816/files/kemtr_c_c7c44fa9-c6df-4a2a-ad32-96e24774e457.jpg	https://luonvuituoi.co/products/ao-ba-lỗ-relaxed-fit-i-don_t-know-i-don_t-care	2025-09-22
I DO WHAT I WANT	Đũy Mèo	Ba lỗ;Thun	https://cdn.shopify.com/s/files/1/0918/5597/8816/files/dentr_c_df39f267-dd28-462f-ab04-78d740e9b1b4.jpg	https://luonvuituoi.co/products/ao-ba-lỗ-relaxed-fit-i-do-what-i-want	2025-06-19
EW, PEOPLE	Đũy Mèo	Ba lỗ;Dài tay;Thun	https://cdn.shopify.com/s/files/1/0918/5597/8816/files/denc_n_420593f9-ba98-4209-9c0b-38aa30df6918.jpg	https://luonvuituoi.co/products/ao-ba-lỗ-relaxed-fit-ew-people	2025-06-19
Ew, Hoomans	Đũy Mèo	Ba lỗ	https://cdn.shopify.com/s/files/1/0918/5597/8816/files/denc_n_7086e05d-895a-476d-8dd5-34ec6c704937.jpg	https://luonvuituoi.co/products/ao-ba-lỗ-relaxed-fit-ew-hoomans	2026-04-14
Điếc Rồi - Gọi Ít Thôi	Đũy Mèo	Ba lỗ;Thun	https://cdn.shopify.com/s/files/1/0918/5597/8816/files/tr_ngtr_c_ebddc776-5de9-4b37-91e0-a1fc8639b008.jpg	https://luonvuituoi.co/products/ao-ba-lỗ-relaxed-fit-diếc-rồi-gọi-it-thoi	2026-03-03
Anh Em Tao Đến Đây	Đũy Mèo	Ba lỗ;Dài tay;Thun	https://cdn.shopify.com/s/files/1/0918/5597/8816/files/dentr_c_1d57820e-c41d-4e0b-bbee-7c9b5c91550a.jpg	https://luonvuituoi.co/products/ao-ba-lỗ-relaxed-fit-anh-em-tao-dến-day	2025-10-04
Ân Oán Giang Hồ	Đũy Mèo	Ba lỗ;Dài tay;Thun	https://cdn.shopify.com/s/files/1/0918/5597/8816/files/dentr_c_1fc16400-4352-43b1-a593-9f8aa66b839f.jpg	https://luonvuituoi.co/products/ao-ba-lỗ-relaxed-fit-an-oan-giang-hồ	2025-10-11
You_re Rich	Trơi Bời	Ba lỗ;Dài tay;Thun	https://cdn.shopify.com/s/files/1/0918/5597/8816/files/densau_c00d6033-ff6f-422c-ba08-a82e25847b7c.jpg	https://luonvuituoi.co/products/ao-ba-lỗ-relaxed-fit-you_re-rich	2025-07-25
Ước Gì Tau Bớt Đẳng Cấp Một Chút	Trơi Bời	Ba lỗ;Thun	https://cdn.shopify.com/s/files/1/0918/5597/8816/files/tr_ngsau_04557574-32a3-4bc3-b5d0-af699c2a02a5.jpg	https://luonvuituoi.co/products/ao-ba-lỗ-relaxed-fit-ước-gi-tau-bớt-dẳng-cấp-một-chut	2026-02-24
Trẻ Người Non Stop 2	Trơi Bời	Ba lỗ;Dài tay;Thun	https://cdn.shopify.com/s/files/1/0918/5597/8816/files/tr_ngsau_cefc9f9f-6dd0-4f59-b7e9-b98bce7247d3.jpg	https://luonvuituoi.co/products/ao-ba-lỗ-relaxed-fit-trẻ-người-non-stop-2	2025-09-09
Trài Tài Gái Xỉu	Trơi Bời	Ba lỗ;Thun	https://cdn.shopify.com/s/files/1/0918/5597/8816/files/densau_d65683ab-5fe9-4052-b81b-87e76b216e89.jpg	https://luonvuituoi.co/products/ao-ba-lỗ-relaxed-fit-trai-tai-gai-xỉu	2025-08-08
Thợ Săn Phú Bà	Trơi Bời	Ba lỗ;Dài tay;Thun	https://cdn.shopify.com/s/files/1/0918/5597/8816/files/tr_ngsau_639945a8-c7ee-4582-a69e-b8dc2f86caf5.jpg	https://luonvuituoi.co/products/ao-ba-lỗ-relaxed-fit-thợ-san-phu-ba	2025-08-09
Thợ Săn Hồng Hài Nhi	Trơi Bời	Ba lỗ;Dài tay;Thun	https://cdn.shopify.com/s/files/1/0918/5597/8816/files/densau_b81dc3c9-2bf0-45e5-a016-23fafe5d47d7.jpg	https://luonvuituoi.co/products/ao-ba-lỗ-relaxed-fit-thợ-san-hồng-hai-nhi	2025-08-09
Nội Dung Nhạy Cảm	Trơi Bời	Ba lỗ;Dài tay;Thun	https://cdn.shopify.com/s/files/1/0918/5597/8816/files/tr_ngtr_c_db7325e5-7b17-4739-97be-42012a2438aa.jpg	https://luonvuituoi.co/products/ao-ba-lỗ-relaxed-fit-nội-dung-nhạy-cảm	2025-12-11
NICE DAY MAI ĐÓ	Trơi Bời	Ba lỗ;Thun	https://cdn.shopify.com/s/files/1/0918/5597/8816/files/kemtr_c_85595671-2a5f-400b-a2cc-5b32f03dd315.jpg	https://luonvuituoi.co/products/ao-ba-lỗ-relaxed-fit-nice-day-mai-do	2026-02-24
Nhạc Đến Nhà	Trơi Bời	Ba lỗ;Dài tay;Thun	https://cdn.shopify.com/s/files/1/0918/5597/8816/files/densau_ef1ee718-fc6f-42ad-8222-a7139e9d0714.jpg	https://luonvuituoi.co/products/ao-ba-lỗ-relaxed-fit-nhạc-dến-nha	2025-07-26
Người Ngoài Hành Lang	Trơi Bời;Nhả Khói	Ba lỗ;Thun	https://cdn.shopify.com/s/files/1/0918/5597/8816/files/dentr_c_ee228c8d-fb78-4566-8401-f56e826af975.jpg	https://luonvuituoi.co/products/ao-ba-lỗ-relaxed-fit-người-ngoai-hanh-lang	2025-09-10
Lỗ Nào Cũng Bắn	Trơi Bời	Ba lỗ;Dài tay;Thun	https://cdn.shopify.com/s/files/1/0918/5597/8816/files/densau_9f375602-4953-4a6d-925a-f9fff54df492.jpg	https://luonvuituoi.co/products/ao-ba-lỗ-relaxed-fit-lỗ-nao-cung-bắn	2025-07-12
Làm Tí Hàu	Trơi Bời;Thèm Đi Biển	Ba lỗ;Thun	https://cdn.shopify.com/s/files/1/0918/5597/8816/files/kemtr_c_c4d48276-a3ab-4e29-b667-cb7b37ab769b.jpg	https://luonvuituoi.co/products/ao-ba-lỗ-relaxed-fit-lam-ti-hau	2026-03-03
Không Sợ Kẻ Địch Mạnh	Trơi Bời	Ba lỗ;Dài tay;Thun	https://cdn.shopify.com/s/files/1/0918/5597/8816/files/densau_3264f8e4-fc07-47d1-b81e-114b5dfa8858.jpg	https://luonvuituoi.co/products/ao-ba-lỗ-relaxed-fit-khong-sợ-kẻ-dịch-mạnh	2025-08-26
Hết Tiền	Trơi Bời	Ba lỗ;Dài tay;Thun	https://cdn.shopify.com/s/files/1/0918/5597/8816/files/densau_ffdf180a-9c74-461d-9a15-7f8c9cf8adb7.jpg	https://luonvuituoi.co/products/ao-ba-lỗ-relaxed-fit-hết-tiền	2025-08-09
Gừng Càng Già Càng Bay	Trơi Bời	Ba lỗ;Dài tay;Thun	https://cdn.shopify.com/s/files/1/0918/5597/8816/files/densau_f83a0bc1-cb6a-46d4-8270-9f71b78189b3.jpg	https://luonvuituoi.co/products/ao-ba-lỗ-relaxed-fit-gừng-cang-gia-cang-bay	2025-08-09
Gơn Phố	Trơi Bời;Couple Goals	Ba lỗ;Dài tay;Thun	https://cdn.shopify.com/s/files/1/0918/5597/8816/files/tr_ngtr_c_f2e022a7-c1de-409b-a3e9-6fe035dee3ce.jpg	https://luonvuituoi.co/products/ao-ba-lỗ-relaxed-fit-gơn-phố	2025-07-09
Dân Chơi	Trơi Bời	Ba lỗ;Dài tay;Thun	https://cdn.shopify.com/s/files/1/0918/5597/8816/files/densau_7ba69375-2731-4ff4-ae02-045b2b0328c8.jpg	https://luonvuituoi.co/products/ao-ba-lỗ-relaxed-fit-dan-chơi	2025-09-09
Dân Chơi Không Sợ Mưa Rơi - Nhưng Sợ Mẹ	Trơi Bời	Ba lỗ;Thun	https://cdn.shopify.com/s/files/1/0918/5597/8816/files/tr_ngsau_75889630-e4f8-4f2d-be0a-cdc15c4fe8ae.jpg	https://luonvuituoi.co/products/ao-ba-lỗ-relaxed-fit-dan-chơi-khong-sợ-mưa-rơi-nhưng-sợ-mẹ	2026-02-24
Ba Lên Xe Tay Ga	Trơi Bời	Ba lỗ;Dài tay;Thun	https://cdn.shopify.com/s/files/1/0918/5597/8816/files/tr_ngtr_c_1d57eb12-94c8-404b-a2ee-82b179af5d8f.jpg	https://luonvuituoi.co/products/ao-ba-lỗ-relaxed-fit-ba-len-xe-tay-ga	2025-08-01
Cá Chà Bặc	Lifey Stuff	Thun	https://cdn.shopify.com/s/files/1/0918/5597/8816/files/dentr_c_be048a9d-5a60-4cca-b595-be97d1935344.png	https://luonvuituoi.co/products/ao-thun-ca-cha-bặc	2026-04-13
Chưa Tày Đâu - Bạn Thì Kinh Rồi	Lifey Stuff	Thun	https://cdn.shopify.com/s/files/1/0918/5597/8816/files/navytr_c_18f9c2c4-f88b-4e6a-8f3d-f80e87e1a47f.png	https://luonvuituoi.co/products/ao-thun-chưa-tay-dau-bạn-thi-kinh-rồi	2026-04-13
Đũy Mèo Huh	Đũy Mèo	Thun	https://cdn.shopify.com/s/files/1/0918/5597/8816/files/dentr_c_e415ef6a-6574-438c-972b-b84e53d54bf8.png	https://luonvuituoi.co/products/ao-thun-duy-meo-huh	2026-04-13
Thích Ăn Hàu Tươi	Thèm Đi Biển	Thun	https://cdn.shopify.com/s/files/1/0918/5597/8816/files/tr_ngtr_c_52bb9747-44c6-43a4-b1d8-1aec6a731541.png	https://luonvuituoi.co/products/ao-thun-thich-an-hau-tươi	2026-04-13
Vì Anh Ngại	Đũy Mèo	Thun	https://cdn.shopify.com/s/files/1/0918/5597/8816/files/dentr_c_d3a9d53c-8840-48ee-ac2f-0d2a42e5e731.png	https://luonvuituoi.co/products/ao-thun-vi-anh-ngại	2026-04-13
OutSource My LegDay	Chuyện Phòng Gym	Ba lỗ;Thun	https://cdn.shopify.com/s/files/1/0918/5597/8816/files/densau_e7564d65-2c08-437c-a57b-8fcd31dcce28.jpg	https://luonvuituoi.co/products/ao-ba-lỗ-relaxed-fit-outsource-my-legday	2026-04-04
Leg Day	Chuyện Phòng Gym	Ba lỗ;Thun	https://cdn.shopify.com/s/files/1/0918/5597/8816/files/kemsau_c86b8f92-3c6b-4439-b101-f7ef08dc9e05.jpg	https://luonvuituoi.co/products/ao-ba-lỗ-relaxed-fit-leg-day-1	2026-03-24
Donal Pump	Chuyện Phòng Gym	Ba lỗ;Thun	https://cdn.shopify.com/s/files/1/0918/5597/8816/files/tr_ngtr_c_c2c6e04d-19d1-40f8-8103-c8c44330e4b1.jpg	https://luonvuituoi.co/products/ao-ba-lỗ-relaxed-fit-donal-pump	2026-04-04
Chỉ Thích Tập Tay	Chuyện Phòng Gym	Ba lỗ;Thun	https://cdn.shopify.com/s/files/1/0918/5597/8816/files/densau_414033d8-0999-47d8-b72e-76856fc411e8.jpg	https://luonvuituoi.co/products/ao-ba-lỗ-relaxed-fit-chỉ-thich-tập-tay	2026-03-23
Will You Train With Me	Chuyện Phòng Gym	Ba lỗ;Thun	https://cdn.shopify.com/s/files/1/0918/5597/8816/files/dentr_c_a52f9044-68b3-417a-9173-59c28a929213.jpg	https://luonvuituoi.co/products/ao-ba-lỗ-relaxed-fit-will-you-train-with-me	2026-03-28
Where Is My Dumbbel	Chuyện Phòng Gym	Ba lỗ;Thun	https://cdn.shopify.com/s/files/1/0918/5597/8816/files/densau_ea1d8b1e-057c-4a53-ba2d-e47c5a34c72c.jpg	https://luonvuituoi.co/products/ao-ba-lỗ-relaxed-fit-where-is-my-dumbbel	2026-03-27
The Gym Is Calling	Chuyện Phòng Gym	Ba lỗ;Thun	https://cdn.shopify.com/s/files/1/0918/5597/8816/files/dentr_c_7e94dc2f-4ce3-4126-8fbd-ccdd5fd8fa02.jpg	https://luonvuituoi.co/products/ao-ba-lỗ-relaxed-fit-the-gym-is-calling	2026-03-25
Pain Is Fuel	Chuyện Phòng Gym	Ba lỗ;Thun	https://cdn.shopify.com/s/files/1/0918/5597/8816/files/dentr_c_78ee374d-0ad5-4ca1-b24c-24593c7e2f4a.jpg	https://luonvuituoi.co/products/ao-ba-lỗ-relaxed-fit-pain-is-fuel	2026-03-27
Oops My Ball	Chuyện Phòng Gym	Ba lỗ;Thun	https://cdn.shopify.com/s/files/1/0918/5597/8816/files/tr_ngsau_c6d1df5a-e6ed-437d-8be6-85db240ff953.jpg	https://luonvuituoi.co/products/ao-ba-lỗ-relaxed-fit-oops-my-ball	2026-03-27
Live Love Lift	Chuyện Phòng Gym	Ba lỗ;Thun	https://cdn.shopify.com/s/files/1/0918/5597/8816/files/dentr_c_63a0aa51-4278-448a-92ea-8a1088731570.jpg	https://luonvuituoi.co/products/ao-ba-lỗ-relaxed-fit-live-love-lift	2026-03-27
KameKIt	Chuyện Phòng Gym	Ba lỗ;Thun	https://cdn.shopify.com/s/files/1/0918/5597/8816/files/densau_62c1aac5-475c-4322-8655-db3665eb019b.jpg	https://luonvuituoi.co/products/ao-ba-lỗ-relaxed-fit-kamekit	2026-03-30
Insalling Muscles	Chuyện Phòng Gym	Ba lỗ;Thun	https://cdn.shopify.com/s/files/1/0918/5597/8816/files/dentr_c_e78078d2-b6ef-48bd-a1af-a7a5599e793b.png	https://luonvuituoi.co/products/ao-ba-lỗ-relaxed-fit-insalling-muscles	2026-03-28
Dưỡng Sinh Không Vội	Chuyện Phòng Gym	Ba lỗ;Thun	https://cdn.shopify.com/s/files/1/0918/5597/8816/files/navysau_da1b6d8f-b8b6-4257-99fe-497e725c9bfb.jpg	https://luonvuituoi.co/products/ao-ba-lỗ-relaxed-fit-dưỡng-sinh-khong-vội	2026-04-01
Donut Quit	Chuyện Phòng Gym	Ba lỗ;Thun	https://cdn.shopify.com/s/files/1/0918/5597/8816/files/densau_4e36a0e9-c932-4480-b5ad-9f8c81433b15.jpg	https://luonvuituoi.co/products/ao-ba-lỗ-relaxed-fit-donut-quit	2026-03-25
Back To The Gym	Chuyện Phòng Gym	Ba lỗ;Thun	https://cdn.shopify.com/s/files/1/0918/5597/8816/files/dentr_c_d4baf9f1-9a20-4e36-9d8f-533cb3c7af95.jpg	https://luonvuituoi.co/products/ao-ba-lỗ-relaxed-fit-back-to-the-gym	2026-03-28
Anti Cardio Lifting Club	Chuyện Phòng Gym	Ba lỗ;Thun	https://cdn.shopify.com/s/files/1/0918/5597/8816/files/densau_c6bc8e2d-7a9a-49da-a7df-1225846f3d33.jpg	https://luonvuituoi.co/products/ao-ba-lỗ-relaxed-fit-anti-cardio-lifting-club	2026-03-27
Training To Beat Goku	Chuyện Phòng Gym	Ba lỗ;Thun	https://cdn.shopify.com/s/files/1/0918/5597/8816/files/densau_39e7cb8a-b237-4a59-8c05-45e4b15041fb.jpg	https://luonvuituoi.co/products/ao-ba-lỗ-relaxed-fit-training-to-beat-goku	2026-03-28
Thêm Tạ Vào Đi	Chuyện Phòng Gym	Ba lỗ;Thun	https://cdn.shopify.com/s/files/1/0918/5597/8816/files/kemsau_b5147dfa-ee05-41cf-bc03-612f532e3508.jpg	https://luonvuituoi.co/products/ao-ba-lỗ-relaxed-fit-them-tạ-vao-di	2026-03-28
Thêm Rep Nữa Đi Em	Chuyện Phòng Gym	Ba lỗ;Thun	https://cdn.shopify.com/s/files/1/0918/5597/8816/files/ghisau_f9f04fc1-4979-4eb2-989c-047af8fec4a8.png	https://luonvuituoi.co/products/ao-ba-lỗ-relaxed-fit-them-rep-nữa-di-em	2026-03-27
Tập Nặng Vai Gãy	Chuyện Phòng Gym	Ba lỗ;Thun	https://cdn.shopify.com/s/files/1/0918/5597/8816/files/navysau_2776f093-c7b2-43c6-93d8-f3f1230ab012.jpg	https://luonvuituoi.co/products/ao-ba-lỗ-relaxed-fit-tập-nặng-vai-gay	2026-03-23
Squat Make You Booty	Chuyện Phòng Gym	Ba lỗ;Thun	https://cdn.shopify.com/s/files/1/0918/5597/8816/files/densau_69a31ce5-6558-4082-984b-b788d28e25c4.jpg	https://luonvuituoi.co/products/ao-ba-lỗ-relaxed-fit-squat-make-you-booty	2026-03-24
Never Skip Leg Day	Chuyện Phòng Gym	Ba lỗ;Thun	https://cdn.shopify.com/s/files/1/0918/5597/8816/files/ghitr_c_4b6d6170-32e5-45da-849f-4f7e86965a17.png	https://luonvuituoi.co/products/ao-ba-lỗ-relaxed-fit-never-skip-leg-day	2026-03-25
Nâng Tạ	Chuyện Phòng Gym	Ba lỗ;Thun	https://cdn.shopify.com/s/files/1/0918/5597/8816/files/kemtr_c_ff450854-758f-4534-bc53-1b4069c6356b.png	https://luonvuituoi.co/products/ao-ba-lỗ-relaxed-fit-nang-tạ	2026-03-28
MonaLift-Sa	Chuyện Phòng Gym	Ba lỗ;Thun	https://cdn.shopify.com/s/files/1/0918/5597/8816/files/densau_54f6e4f8-5d15-4d93-9bab-f55eb2afc7c0.jpg	https://luonvuituoi.co/products/ao-ba-lỗ-relaxed-fit-monalift-sa	2026-03-28
Không Thích Tập Chân	Chuyện Phòng Gym	Ba lỗ;Thun	https://cdn.shopify.com/s/files/1/0918/5597/8816/files/densau_d04113fd-438c-4f73-b811-3d8432c84998.jpg	https://luonvuituoi.co/products/ao-ba-lỗ-relaxed-fit-khong-thich-tập-chan	2026-03-23
Không Ham Tạ Nặng	Chuyện Phòng Gym	Ba lỗ;Thun	https://cdn.shopify.com/s/files/1/0918/5597/8816/files/ghisau_a1a7c6a9-7ca6-4b7e-abbe-5e520fb9a3b8.png	https://luonvuituoi.co/products/ao-ba-lỗ-relaxed-fit-khong-ham-tạ-nặng	2026-03-28
Dumbbells	Chuyện Phòng Gym	Ba lỗ;Thun	https://cdn.shopify.com/s/files/1/0918/5597/8816/files/ghitr_c_2f630166-840f-4b5a-9aec-300059a90d69.png	https://luonvuituoi.co/products/ao-ba-lỗ-relaxed-fit-dumbbells	2026-03-28
Người Xinh Vì Tài	Couple Goals	Thun	https://cdn.shopify.com/s/files/1/0918/5597/8816/files/m_tsauden_f00e423c-1d61-4726-8e9e-18c0f18a45ca.png	https://luonvuituoi.co/products/ao-thun-người-xinh-vi-tai	2026-04-10
Xinh Và Nhiều Tiền	Couple Goals	Thun	https://cdn.shopify.com/s/files/1/0918/5597/8816/files/m_tsaukem_0dbab223-9538-432a-8a57-3f5e4a20f863.png	https://luonvuituoi.co/products/ao-thun-xinh-va-nhiều-tiền	2026-04-10
VUÝP	Job	Ba lỗ;Thun	https://cdn.shopify.com/s/files/1/0918/5597/8816/files/densau_d5c61bce-d938-4dc5-8661-aaf137a7b241.jpg	https://luonvuituoi.co/products/ao-ba-lỗ-relaxed-fit-vuyp	2026-01-12
Nghề Chọn Người	Job	Ba lỗ;Dài tay;Thun	https://cdn.shopify.com/s/files/1/0918/5597/8816/files/tr_ngtr_c_44650cbb-7979-40f7-9edd-a38ec39b2323.jpg	https://luonvuituoi.co/products/ao-ba-lỗ-relaxed-fit-nghề-chọn-người	2025-07-07
Leader Lào Gì Cũng Tôn	Job	Ba lỗ;Dài tay;Thun	https://cdn.shopify.com/s/files/1/0918/5597/8816/files/tr_ngtr_c_0c888b14-640f-473b-99ab-0cad7e402c16.jpg	https://luonvuituoi.co/products/ao-ba-lỗ-relaxed-fit-leader-lao-gi-cung-ton	2025-06-18
Gamer Người Bị Game Chơi	Job	Ba lỗ;Dài tay;Thun	https://cdn.shopify.com/s/files/1/0918/5597/8816/files/tr_ngtr_c_453a3418-169e-40e6-b652-4b68d2eb255c.jpg	https://luonvuituoi.co/products/ao-ba-lỗ-relaxed-fit-gamer-người-bị-game-chơi	2025-06-17
Designer Thiết Kế Gặp Họa	Job	Ba lỗ;Dài tay;Thun	https://cdn.shopify.com/s/files/1/0918/5597/8816/files/kemtr_c_cc9966c8-9abf-409a-8870-74600553e528.jpg	https://luonvuituoi.co/products/ao-ba-lỗ-relaxed-fit-designer-thiết-kế-gặp-họa	2025-06-17
Content Creator Nhà Sáng Tạo Nội Dung	Job	Ba lỗ;Dài tay;Thun	https://cdn.shopify.com/s/files/1/0918/5597/8816/files/kemtr_c_0b8a5fbc-7ba3-498f-be17-bcf84b7ae5c3.jpg	https://luonvuituoi.co/products/ao-ba-lỗ-relaxed-fit-content-creator-nha-sang-tạo-nội-dung	2025-06-17
Artist Nghệ Sĩ	Job	Ba lỗ;Dài tay;Thun	https://cdn.shopify.com/s/files/1/0918/5597/8816/files/tr_ngtr_c_66cfb532-09bc-4551-baa8-9b5aa37e6d66.jpg	https://luonvuituoi.co/products/ao-ba-lỗ-relaxed-fit-artist-nghệ-si	2025-06-17
Ủa em	Job	Ba lỗ;Dài tay;Thun	https://cdn.shopify.com/s/files/1/0918/5597/8816/files/kemtr_c_5e65f9f7-2488-4446-9526-389464998537.jpg	https://luonvuituoi.co/products/ao-ba-lỗ-relaxed-fit-ủa-em	2025-10-20
Teacher Thợ Giữ Trẻ	Job	Ba lỗ;Dài tay;Thun	https://cdn.shopify.com/s/files/1/0918/5597/8816/files/tr_ngtr_c_24ddcae7-df62-4d0b-9657-02b3c891658c.jpg	https://luonvuituoi.co/products/ao-ba-lỗ-relaxed-fit-teacher-thợ-giữ-trẻ	2025-06-18
Sông Sâu Tĩnh Lặng	Job	Ba lỗ;Dài tay;Thun	https://cdn.shopify.com/s/files/1/0918/5597/8816/files/tr_ngtr_c_14a9d3e7-253a-4d41-b87e-fe14a50d2d05.jpg	https://luonvuituoi.co/products/ao-ba-lỗ-relaxed-fit-song-sau-tinh-lặng	2025-07-07
Người Vùng Cao	Job	Ba lỗ;Dài tay;Thun	https://cdn.shopify.com/s/files/1/0918/5597/8816/files/kemtr_c_fb5c7ff2-e8b4-420a-b65e-b63b94a325ef.jpg	https://luonvuituoi.co/products/ao-ba-lỗ-relaxed-fit-người-vung-cao	2025-07-05
Người Lào	Job	Ba lỗ;Dài tay;Thun	https://cdn.shopify.com/s/files/1/0918/5597/8816/files/kemtr_c_b09ce240-90d1-4a33-bd45-4a0be0cbb831.jpg	https://luonvuituoi.co/products/ao-ba-lỗ-relaxed-fit-người-lao	2025-06-18
Người Có Chồng Sịn	Job	Ba lỗ;Dài tay;Thun	https://cdn.shopify.com/s/files/1/0918/5597/8816/files/kemtr_c_c1fd1fe0-3e18-4add-9b0b-f10e51c58655.jpg	https://luonvuituoi.co/products/ao-ba-lỗ-relaxed-fit-người-co-chồng-sịn	2025-11-22
Người Chọn Đi Chơi	Job	Ba lỗ;Dài tay;Thun	https://cdn.shopify.com/s/files/1/0918/5597/8816/files/tr_ngtr_c_8e97750e-23e4-4831-83fa-3aa5d78be115.jpg	https://luonvuituoi.co/products/ao-ba-lỗ-relaxed-fit-người-chọn-di-chơi	2025-08-01
Meme Chú Vịt Ham Sống Sợ Stress	Job	Ba lỗ;Dài tay;Thun	https://cdn.shopify.com/s/files/1/0918/5597/8816/files/kemtr_c_54d851db-e5b8-479d-b0c3-2bc33317d0f6.jpg	https://luonvuituoi.co/products/ao-ba-lỗ-relaxed-fit-meme-chu-vịt-ham-sống-sợ-stress	2025-09-29
Meme Chú Vịt Cuộc Sống Hối Hả	Job	Ba lỗ;Dài tay;Thun	https://cdn.shopify.com/s/files/1/0918/5597/8816/files/dentr_c_f183db31-4cee-4b81-8e49-9c6bf4ead195.jpg	https://luonvuituoi.co/products/ao-ba-lỗ-relaxed-fit-meme-chu-vịt-cuộc-sống-hối-hả	2025-09-29
Lương 5 Triệu	Job	Ba lỗ;Dài tay;Thun	https://cdn.shopify.com/s/files/1/0918/5597/8816/files/tr_ngtr_c_c34f4f8a-b5ea-491a-accc-887aff9e28d3.jpg	https://luonvuituoi.co/products/ao-ba-lỗ-relaxed-fit-lương-5-triệu	2025-09-09
Đánh Khách Là Hư Lắm	Job	Ba lỗ;Thun	https://cdn.shopify.com/s/files/1/0918/5597/8816/files/densau_a6233b2d-56ca-4021-a054-15f658031077.jpg	https://luonvuituoi.co/products/ao-ba-lỗ-relaxed-fit-danh-khach-la-hư-lắm	2026-01-22
CSKH	Job	Ba lỗ;Dài tay;Thun	https://cdn.shopify.com/s/files/1/0918/5597/8816/files/kemtr_c_24904e39-47de-4047-9044-888e5870008a.jpg	https://luonvuituoi.co/products/ao-ba-lỗ-relaxed-fit-cskh	2025-07-23
Cột Sống Designer	Job	Ba lỗ;Dài tay;Thun	https://cdn.shopify.com/s/files/1/0918/5597/8816/files/densau_6fb356cf-cdd3-40a5-b8ea-7b29058fb343.jpg	https://luonvuituoi.co/products/ao-ba-lỗ-relaxed-fit	2025-08-18
Du Lịch Nam Bắc	Việt Nam Du Hí	Thun	https://cdn.shopify.com/s/files/1/0918/5597/8816/files/tr_ngtr_c_f1550b82-c270-4955-975c-b22b25095985.png	https://luonvuituoi.co/products/ao-thun-du-lịch-nam-bắc	2026-04-09
Con Chó Nâu	Animal Circus	Thun	https://cdn.shopify.com/s/files/1/0918/5597/8816/files/densau_f71c6622-637e-4aff-8b65-a1386c853aae.png	https://luonvuituoi.co/products/ao-thun-con-cho-nau	2026-04-09
Mona Fuck It	Nghẹo Sĩ	Thun	https://cdn.shopify.com/s/files/1/0918/5597/8816/files/kemtr_c_015bb819-f290-4f9a-92d5-6d4a5e2fd116.png	https://luonvuituoi.co/products/ao-thun-mona-fuck-it	2026-04-09
Revealed Truths	Nghẹo Sĩ	Thun	https://cdn.shopify.com/s/files/1/0918/5597/8816/files/dentr_c_deaf36ba-f6ef-42a5-a107-cd164c7d8e3f.png	https://luonvuituoi.co/products/ao-thun-revealed-truths	2026-04-09
Mona Ăn Chơi	Nghẹo Sĩ	Thun	https://cdn.shopify.com/s/files/1/0918/5597/8816/files/tr_ngtr_c_eaf0faed-fc03-4120-baef-b6e0bc66a0f6.png	https://luonvuituoi.co/products/ao-thun-mona-an-chơi	2026-04-09
I Do Not Care	Nghẹo Sĩ	Thun	https://cdn.shopify.com/s/files/1/0918/5597/8816/files/dentr_c_eab4abe3-59cb-43eb-b492-d996b4f0053b.png	https://luonvuituoi.co/products/ao-thun-i-do-not-care	2026-04-09
Fuckboys Everywhere	Nghẹo Sĩ	Thun	https://cdn.shopify.com/s/files/1/0918/5597/8816/files/kemtr_c_d77b3a63-8d61-4678-b166-3b09311c77fd.png	https://luonvuituoi.co/products/ao-thun-fuckboys-everywhere	2026-04-09
David's Day Off	Nghẹo Sĩ	Thun	https://cdn.shopify.com/s/files/1/0918/5597/8816/files/tr_ngtr_c_1495f576-36bf-401c-a51d-ce084fbe146e.png	https://luonvuituoi.co/products/ao-thun-davids-day-off	2026-04-09
David Chảnh	Nghẹo Sĩ	Thun	https://cdn.shopify.com/s/files/1/0918/5597/8816/files/dentr_c_5189de7b-27ab-48eb-aef0-ced35d91671f.png	https://luonvuituoi.co/products/ao-thun-david-chảnh	2026-04-09
Stand By Your Side	Tuyệt Đối Điện Ảnh	Thun	https://cdn.shopify.com/s/files/1/0918/5597/8816/files/densau_6eb5d4c4-68a6-4603-bede-4ee55991aba4.png	https://luonvuituoi.co/products/ao-thun-stand-by-your-side	2026-04-09
Shooting Star Mabel	Tuyệt Đối Điện Ảnh	Thun	https://cdn.shopify.com/s/files/1/0918/5597/8816/files/dentr_c_9f47d8ad-385c-42cf-a7c9-3d2da6a47dea.png	https://luonvuituoi.co/products/ao-thun-shooting-star-mabel	2026-04-09
Luon Vuituoi	Lifey Stuff	Thun	https://cdn.shopify.com/s/files/1/0918/5597/8816/files/navytr_c_2d0c229b-7887-4c13-a570-b8b5ec7ca6c2.png	https://luonvuituoi.co/products/ao-thun-tshirt-luon-vuituoi	2026-04-08
Cẩm Nang Du Khách Hàn	Lifey Stuff	Thun	https://cdn.shopify.com/s/files/1/0918/5597/8816/files/tr_ngtr_c_fecf4d64-5a87-4296-93ae-56514c84f90a.png	https://luonvuituoi.co/products/ao-thun-cẩm-nang-du-khach-han	2026-04-07
Ai Mới Là Kẻ Điên	Đơn Giản Hóa	Thun	https://cdn.shopify.com/s/files/1/0918/5597/8816/files/tr_ngsau_c3b16d30-2019-42d7-a81e-e9719a64fa58.png	https://luonvuituoi.co/products/ao-thun-ai-mới-la-kẻ-dien	2026-04-07
Yêu Lại NYC Của Mình Còn Hơn	Đơn Giản Hóa	Thun	https://cdn.shopify.com/s/files/1/0918/5597/8816/files/tr_ngsau_6cbadc27-7ac1-4460-bff0-9388dfe74b2a.png	https://luonvuituoi.co/products/ao-thun-yeu-lại-nyc-của-minh-con-hơn	2026-04-07
Người Nói Ít Thôi	Đơn Giản Hóa	Thun	https://cdn.shopify.com/s/files/1/0918/5597/8816/files/densau_93dc1f8f-07a2-4775-82f3-c7d5173a1cd8.png	https://luonvuituoi.co/products/ao-thun-người-noi-it-thoi	2026-04-07
Người Đẳng Cấp Không Chấp kẻ Tầm Thường	Trơi Bời	Thun	https://cdn.shopify.com/s/files/1/0918/5597/8816/files/densau_8819fe09-0259-44a9-8d7e-aa71e729d509.png	https://luonvuituoi.co/products/ao-thun-người-dẳng-cấp-khong-chấp-kẻ-tầm-thường	2026-04-06
Không Được Khách Mèo Mèo	Đũy Mèo	Thun	https://cdn.shopify.com/s/files/1/0918/5597/8816/files/densau_fc691436-0fc4-49ef-b3da-90c8daf93429.png	https://luonvuituoi.co/products/ao-thun-khong-dược-khach-meo-meo	2026-04-03
Củ Tỏi Nung Quạ	Fruitland	Thun	https://cdn.shopify.com/s/files/1/0918/5597/8816/files/tr_ngtr_c_6211a231-a43b-4aa4-b67f-ca929b1ce379.png	https://luonvuituoi.co/products/ao-thun-củ-tỏi-nung-quạ	2026-04-03
Hiệp Nữa Đi Anh	Chuyện Phòng Gym	Thun	https://cdn.shopify.com/s/files/1/0918/5597/8816/files/m_ttr_ckem_c8af6412-4e77-43ed-aa20-8ce1ef196199.png	https://luonvuituoi.co/products/ao-thun-hiệp-nữa-di-anh	2026-04-01
Espresso Patronum	Nhâm Nhi	Thun	https://cdn.shopify.com/s/files/1/0918/5597/8816/files/m_ttr_ckem_ef2da2a9-36e8-43c8-a04f-8918531e1a44.png	https://luonvuituoi.co/products/ao-thun-espresso-patronum	2026-03-31
Vịt Ngủ Ngon	Animal Circus	Thun	https://cdn.shopify.com/s/files/1/0918/5597/8816/files/dentr_c_2c2e14b6-e19c-45aa-873a-ab03270ccabe.png	https://luonvuituoi.co/products/ao-thun-vịt-ngủ-ngon-1	2026-03-30
Vịt Sạc Pin	Animal Circus	Thun	https://cdn.shopify.com/s/files/1/0918/5597/8816/files/dentr_c_c6405904-fbfb-4118-a16d-223291101a9f.png	https://luonvuituoi.co/products/ao-thun-vịt-sạc-pin-1	2026-03-30
Vịt Đi Ngủ	Animal Circus	Thun	https://cdn.shopify.com/s/files/1/0918/5597/8816/files/dentr_c_64720c36-d518-4586-aa12-19ef09953940.png	https://luonvuituoi.co/products/ao-thun-vịt-di-ngủ	2026-03-30
Vịt Đếm Cừu	Animal Circus	Thun	https://cdn.shopify.com/s/files/1/0918/5597/8816/files/dentr_c_d1e3f83b-56f0-46eb-8764-9d21f211d981.png	https://luonvuituoi.co/products/ao-thun-vịt-dếm-cừu	2026-03-30
Lợn Và Vịt	Animal Circus	Thun	https://cdn.shopify.com/s/files/1/0918/5597/8816/files/dentr_c_514692a7-3579-41cd-aec0-5e41bddbf715.png	https://luonvuituoi.co/products/ao-thun-lợn-va-vịt	2026-03-30
Không Phải Mệt	Animal Circus	Thun	https://cdn.shopify.com/s/files/1/0918/5597/8816/files/dentr_c_97d85f61-a32e-4b24-a5ff-4952f9aba921.png	https://luonvuituoi.co/products/ao-thun-khong-phải-mệt	2026-03-30
Chúc Bạn Hành Trình Xuôn Sẻ	Animal Circus	Thun	https://cdn.shopify.com/s/files/1/0918/5597/8816/files/dentr_c_4d13847b-af00-4e87-a293-bf38077a3b54.png	https://luonvuituoi.co/products/ao-thun-chuc-bạn-hanh-trinh-xuon-sẻ	2026-03-30
Chấm Than	Animal Circus	Thun	https://cdn.shopify.com/s/files/1/0918/5597/8816/files/dentr_c_c5b5ef00-677f-4005-bfb5-b7cc3e55671b.png	https://luonvuituoi.co/products/ao-thun-chấm-than	2026-03-30
Cân Vội	Animal Circus	Thun	https://cdn.shopify.com/s/files/1/0918/5597/8816/files/dentr_c_a4683026-118e-48db-bd40-b07bfc7fce4f.png	https://luonvuituoi.co/products/ao-thun-can-vội	2026-03-30
Alo Ạ	Animal Circus	Thun	https://cdn.shopify.com/s/files/1/0918/5597/8816/files/dentr_c_ad6d760a-70ac-46ab-9404-5427b715f8f4.png	https://luonvuituoi.co/products/ao-thun-alo-ạ	2026-03-30
Cái Lùm Mía	Lifey Stuff	Thun	https://cdn.shopify.com/s/files/1/0918/5597/8816/files/m_ttr_cden_31da52ba-1e3d-46b0-9c41-4198dc4dd45c.png	https://luonvuituoi.co/products/ao-thun-cai-lum-mia	2026-03-30
Rối Lắm Nừng	Lifey Stuff	Thun	https://cdn.shopify.com/s/files/1/0918/5597/8816/files/m_ttr_cden_2bd7370d-358b-404f-bbeb-c6816462ab6f.png	https://luonvuituoi.co/products/ao-thun-rối-lắm-nừng	2026-03-30
Nắng Cực Nặng	Lifey Stuff	Thun	https://cdn.shopify.com/s/files/1/0918/5597/8816/files/m_ttr_cden_9afc50a9-1b08-45f8-8da4-7837d7358bc8.png	https://luonvuituoi.co/products/ao-thun-nắng-cực-nặng	2026-03-30
MonaLizar	Animal Circus	Thun	https://cdn.shopify.com/s/files/1/0918/5597/8816/files/m_tsauden_1a4b7ba8-9814-4080-aa1a-1a60ca2cf191.png	https://luonvuituoi.co/products/ao-thun-monalizar	2026-03-30
Làm Sét	Chuyện Phòng Gym	Thun	https://cdn.shopify.com/s/files/1/0918/5597/8816/files/dentr_c_f5639c06-6e92-4904-804e-b51ae3dc086c.png	https://luonvuituoi.co/products/ao-thun-lam-set	2026-03-28
Back To The Gym Cat	Chuyện Phòng Gym	Thun	https://cdn.shopify.com/s/files/1/0918/5597/8816/files/dentr_c_0a72c48e-1d01-4466-aaf4-6647480f2a04.png	https://luonvuituoi.co/products/ao-thun-back-to-the-gym	2026-03-28
Mỏ Hỗn	Animal Circus	Thun	https://cdn.shopify.com/s/files/1/0918/5597/8816/files/dentr_c_644e36b4-0a74-4018-8e88-d5a4b1cb0ac6.png	https://luonvuituoi.co/products/ao-thun-mỏ-hỗn-1	2026-03-28
Today Serious	Animal Circus	Thun	https://cdn.shopify.com/s/files/1/0918/5597/8816/files/dentr_c_ba177a73-6adf-4b4c-a442-2d5c23c04b40.png	https://luonvuituoi.co/products/ao-thun-today-serious-1	2026-03-28
Tôi Chân Tình	Job	Thun	https://cdn.shopify.com/s/files/1/0918/5597/8816/files/dentr_c_a7cf8cc1-7df0-43e9-a3c7-c9609b74296c.png	https://luonvuituoi.co/products/ao-thun-toi-chan-tinh	2026-03-27
Ăn,Ngủ,Làm	Job	Thun	https://cdn.shopify.com/s/files/1/0918/5597/8816/files/kemtr_c_cbd20b8e-cac5-4813-adf8-d66e34bc2e32.png	https://luonvuituoi.co/products/ao-thun-an-ngủ-lam	2026-03-27
Just Be Cow	Animal Circus	Thun	https://cdn.shopify.com/s/files/1/0918/5597/8816/files/dentr_c_1c2a951e-ba25-42fe-ae6b-47ba30ac77cf.png	https://luonvuituoi.co/products/ao-thun-just-be-cow	2026-03-27
Nín	Trơi Bời	Thun	https://cdn.shopify.com/s/files/1/0918/5597/8816/files/dentr_c_b15ca66a-f56b-443c-9c96-6eb34156736c.png	https://luonvuituoi.co/products/ao-thun-nin	2026-03-27
Nguyện Một Lòng Như Đóa Liên Hoa	Animal Circus	Thun	https://cdn.shopify.com/s/files/1/0918/5597/8816/files/tr_ngtr_c_92416fc8-5a89-4964-8ae0-7ade132b4ece.png	https://luonvuituoi.co/products/ao-thun-nguyện-một-long-như-doa-lien-hoa	2026-03-27
Đừng Động Vào Tao	Đũy Mèo	Thun	https://cdn.shopify.com/s/files/1/0918/5597/8816/files/dentr_c_cb0fae6b-1116-4833-8210-8fb7946092c8.png	https://luonvuituoi.co/products/ao-thun-dừng-dộng-vao-tao	2026-03-27
Puppy Bouquet	Animal Circus	Thun	https://cdn.shopify.com/s/files/1/0918/5597/8816/files/m_ttr_cden_97793653-6ef6-44e7-9b08-330dfc3c4595.png	https://luonvuituoi.co/products/ao-thun-puppy-bouquet	2026-03-26
Ăn GÌ Cũng Được	Lifey Stuff	Thun	https://cdn.shopify.com/s/files/1/0918/5597/8816/files/m_ttr_cden_ad5b6bbd-f311-4ee5-ac0a-c04dd3155b8c.png	https://luonvuituoi.co/products/ao-thun-an-gi-cung-dược	2026-03-26
Áo Mẹo	Lifey Stuff	Thun	https://cdn.shopify.com/s/files/1/0918/5597/8816/files/m_ttr_cden_e5724cd2-44c4-4635-8609-92aac319d44f.png	https://luonvuituoi.co/products/ao-thun-ao-mẹo	2026-03-26
Bình Xuôi	Lifey Stuff	Thun	https://cdn.shopify.com/s/files/1/0918/5597/8816/files/m_ttr_cden_6c098cbb-90c4-47ae-a6a3-e2d7ced1078f.png	https://luonvuituoi.co/products/ao-thun-binh-xuoi	2026-03-26
Avocardio	Chuyện Phòng Gym	Thun	https://cdn.shopify.com/s/files/1/0918/5597/8816/files/m_ttr_ctr_ng_efdbcb38-edec-43ca-b295-1071c431c34b.png	https://luonvuituoi.co/products/ao-thun-avocardio	2026-03-26
Em Bé Ngoan XInh IU	Đũy Mèo	Thun	https://cdn.shopify.com/s/files/1/0918/5597/8816/files/dentr_c_f7be3241-0c42-4c76-a732-8502a141373a.png	https://luonvuituoi.co/products/ao-thun-em-be-ngoan-xinh-iu	2026-03-26
Không Đừng Để Meow Phải Lóng	Đũy Mèo	Thun	https://cdn.shopify.com/s/files/1/0918/5597/8816/files/dentr_c_7a761542-dd23-4604-b199-b8adf755fd70.png	https://luonvuituoi.co/products/ao-thun-khong-dừng-dể-meow-phải-long	2026-03-26
Khoai Tơ Ngon Cục	Fruitland	Thun	https://cdn.shopify.com/s/files/1/0918/5597/8816/files/tr_ngtr_c_f18da114-683d-45b4-b7da-fdc1b34c4cce.png	https://luonvuituoi.co/products/ao-thun-khoai-tơ-ngon-cục	2026-03-26
Cỏ Cải Củ Lợn	Fruitland	Thun	https://cdn.shopify.com/s/files/1/0918/5597/8816/files/kemtr_c_84fb72cf-28da-407f-b210-9a567726cd3b.png	https://luonvuituoi.co/products/ao-thun-cỏ-cải-củ-lợn	2026-03-26
Cầm Lấy Và Mất Tr Đi		Thun	https://cdn.shopify.com/s/files/1/0918/5597/8816/files/densau_c8f28651-9173-420f-a7ae-14d92315d965.png	https://luonvuituoi.co/products/ao-thun-cầm-lấy-va-mất-tr-di	2026-03-26
Làm Vì Lương	Job	Thun	https://cdn.shopify.com/s/files/1/0918/5597/8816/files/tr_ngtr_c_82fd1058-3713-465b-99ac-3ea4d194e688.png	https://luonvuituoi.co/products/ao-thun-lam-vi-lương	2026-03-25
Kitty Post Malone	Băng Đĩa Hải Ngoại	Thun	https://cdn.shopify.com/s/files/1/0918/5597/8816/files/tr_ngtr_c_2844775d-8166-4850-a655-c14feab61ce6.png	https://luonvuituoi.co/products/ao-thun-kitty-post-malone	2026-03-25
Bạn Là Nhất	Animal Circus;Lifey Stuff	Thun;Dài tay	https://cdn.shopify.com/s/files/1/0918/5597/8816/files/navytr_c_8c55caa2-662a-48c8-aec1-95cf116f5ee0.png	https://luonvuituoi.co/products/ao-thun-bạn-la-nhất-1	2025-10-15
Hơn Thua Hơn Hẳn	Lifey Stuff	Thun	https://cdn.shopify.com/s/files/1/0918/5597/8816/files/kemtr_c_dcce8994-d0b1-4040-9ccb-cb7cd1ed6ee2.png	https://luonvuituoi.co/products/ao-thun-hơn-thua-hơn-hẳn	2026-03-25
1 Điều Nhịn	Lifey Stuff	Thun	https://cdn.shopify.com/s/files/1/0918/5597/8816/files/dentr_c_e3b5b1af-1377-4467-9b3f-6afc9bc2d560.png	https://luonvuituoi.co/products/ao-thun-1-diều-nhịn	2026-03-25
This Shirt Look Big	Trơi Bời	Thun	https://cdn.shopify.com/s/files/1/0918/5597/8816/files/m_ttr_cden_c6594ad9-0bbe-45d6-a145-be5a1fffd3bc.png	https://luonvuituoi.co/products/ao-thun-this-shirt-look-big	2026-03-25
Bắt Đầu Vui Chơi	Trơi Bời	Thun	https://cdn.shopify.com/s/files/1/0918/5597/8816/files/dentr_c_7f82bb56-5fe9-4ad4-801f-5972281c899a.png	https://luonvuituoi.co/products/ao-thun-bắt-dầu-vui-chơi	2026-03-24
Nỉ Hảo, Tà Cưa	Animal Circus	Thun	https://cdn.shopify.com/s/files/1/0918/5597/8816/files/dentr_c_5a245540-f6a1-4393-ad55-190d94e4312d.png	https://luonvuituoi.co/products/ao-thun-nỉ-hảo-ta-cưa	2026-03-24
Mooody Pink	Animal Circus	Thun	https://cdn.shopify.com/s/files/1/0918/5597/8816/files/dentr_c_45ed282e-725a-40ef-8dbb-7f09defd10cc.png	https://luonvuituoi.co/products/ao-thun-mooody-pink	2026-03-24
Mooody	Animal Circus	Thun	https://cdn.shopify.com/s/files/1/0918/5597/8816/files/kemtr_c_bcd2e4bb-2bab-4353-a193-be908e4fd7d0.png	https://luonvuituoi.co/products/ao-thun-mooody	2026-03-24
Đi Trên Dây	Animal Circus	Thun	https://cdn.shopify.com/s/files/1/0918/5597/8816/files/kemtr_c_b950bc9b-5af0-42ac-b2e0-837424c898a0.png	https://luonvuituoi.co/products/di-tren-day	2026-03-24
Đi Biển	Animal Circus	Thun	https://cdn.shopify.com/s/files/1/0918/5597/8816/files/dentr_c_16bfbd4a-7345-4d0e-8102-1140825b2842.png	https://luonvuituoi.co/products/ao-thun-di-biển	2026-03-24
Chữa Lành Đi	Animal Circus	Thun	https://cdn.shopify.com/s/files/1/0918/5597/8816/files/kemtr_c_99009da9-8e21-4c5b-9bba-f69d063b67bd.png	https://luonvuituoi.co/products/ao-thun-chữa-lanh-di	2026-03-24
Tiền Là Phù Du	Animal Circus	Thun	https://cdn.shopify.com/s/files/1/0918/5597/8816/files/m_ttr_cden_adeb5a6e-5191-4933-9e38-2bf1e7ba4ab8.png	https://luonvuituoi.co/products/ao-thun-tiền-la-phu-du	2026-03-24
Every day is not Sunday	Animal Circus	Thun	https://cdn.shopify.com/s/files/1/0918/5597/8816/files/m_tsauden_2ecb1cfb-89de-40b0-874e-c71a57e112bf.png	https://luonvuituoi.co/products/ao-thun-every-day-is-not-sunday	2026-03-24
Mồm!	Lifey Stuff	Thun	https://cdn.shopify.com/s/files/1/0918/5597/8816/files/m_ttr_cden_beb49e9c-d636-43a6-b087-978d7bd5dc26.png	https://luonvuituoi.co/products/ao-thun-mồm	2026-03-24
Cuộc Sống Hối Hả	Animal Circus	Thun	https://cdn.shopify.com/s/files/1/0918/5597/8816/files/m_ttr_cden_58b5b65b-1984-4423-8f63-ddc69cb2cb8b.png	https://luonvuituoi.co/products/ao-thun-cuộc-sống-hối-hả	2026-03-24
Vội Vàng	Lifey Stuff	Thun	https://cdn.shopify.com/s/files/1/0918/5597/8816/files/dentr_c_b4569443-dcc2-4e74-92a0-f48ada3a7576.png	https://luonvuituoi.co/products/ao-thun-vội-vang	2026-03-24
Hốc Trưởng Không Tập	Chuyện Phòng Gym	Thun	https://cdn.shopify.com/s/files/1/0918/5597/8816/files/m_tsautr_ng_223254f4-275b-4a84-8e26-9e7aaa0872a6.png	https://luonvuituoi.co/products/ao-thun-hốc-trưởng-khong-tập	2026-03-23
Kiếm Khách	Job	Thun	https://cdn.shopify.com/s/files/1/0918/5597/8816/files/m_ttr_cden_329075ea-8000-4a6f-b97b-7a9143042ab6.png	https://luonvuituoi.co/products/ao-thun-kiếm-khach	2026-03-23
Hội Nào Cũng Chơi	Animal Circus	Thun	https://cdn.shopify.com/s/files/1/0918/5597/8816/files/m_ttr_cden.png	https://luonvuituoi.co/products/ao-thun-hội-nao-cung-chơi	2026-03-23
Bad Cattitude	Đũy Mèo	Thun	https://cdn.shopify.com/s/files/1/0918/5597/8816/files/dentr_c_e8f25f78-11e1-47bc-bbad-31903cfa393e.png	https://luonvuituoi.co/products/ao-thun-bad-cattitude	2026-03-20
Anti Stupid	Đũy Mèo	Thun	https://cdn.shopify.com/s/files/1/0918/5597/8816/files/dentr_c_3d92ad56-b212-4e14-a181-dd62f9a3f5db.png	https://luonvuituoi.co/products/ao-thun-anti-stupid	2026-03-20
Web Designer	Job	Thun	https://cdn.shopify.com/s/files/1/0918/5597/8816/files/tr_ngtr_c_6975ebb3-6307-495c-96d3-718be0be3489.png	https://luonvuituoi.co/products/ao-thun-web-designer	2026-03-20
Employed But What Cost	Job	Thun	https://cdn.shopify.com/s/files/1/0918/5597/8816/files/dentr_c_e18edc6c-b88f-40e3-80fd-282637e0c645.png	https://luonvuituoi.co/products/ao-thun-employed-but-what-cost	2026-03-20
Em Xuất File Giúp Chị	Job	Thun	https://cdn.shopify.com/s/files/1/0918/5597/8816/files/tr_ngsau_57595ca0-6fc8-4d1f-8457-6f05e0a9b275.png	https://luonvuituoi.co/products/ao-thun-em-xuất-file-giup-chị	2026-03-20
Em Xuất File Giúp Anh	Job	Thun	https://cdn.shopify.com/s/files/1/0918/5597/8816/files/kemsau_19cba092-70c2-4744-a15f-790cb7090dc0.png	https://luonvuituoi.co/products/ao-thun-em-xuất-file-giup-anh	2026-03-20
Chị Xuất File Giúp Em	Job	Thun	https://cdn.shopify.com/s/files/1/0918/5597/8816/files/tr_ngsau_c26489d0-d665-4a33-ba3a-7300ecd9a805.png	https://luonvuituoi.co/products/ao-thun-chị-xuất-file-giup-em	2026-03-20
Anh Xuất File Giúp Em	Job	Thun	https://cdn.shopify.com/s/files/1/0918/5597/8816/files/densau_83cf01fc-1fc3-4db7-bd44-ff0aa903c8ba.png	https://luonvuituoi.co/products/ao-thun-anh-xuất-file-giup-em	2026-03-20
Ô Hay Cái Cuộc Đời Này	Job	Thun	https://cdn.shopify.com/s/files/1/0918/5597/8816/files/tr_ngtr_c_f9cb8bd5-7dd6-4b94-a262-9c60625baeb4.png	https://luonvuituoi.co/products/ao-thun-o-hay-cai-cuộc-dời-nay-1	2026-03-16
Sống Một Đời Rực Rỡ	Lifey Stuff	Thun	https://cdn.shopify.com/s/files/1/0918/5597/8816/files/tr_ngtr_c_e3a3ec79-9b80-4e11-a179-70a7b357762b.png	https://luonvuituoi.co/products/ao-thun-sống-một-dời-rực-rỡ	2026-03-18
Mình Hào Nhoáng Lên	Lifey Stuff	Thun	https://cdn.shopify.com/s/files/1/0918/5597/8816/files/kemtr_c_3000230a-1768-43ce-bf4a-7ea98aca5b63.png	https://luonvuituoi.co/products/ao-thun-minh-hao-nhoang-len	2026-03-18
Leave My Tits Alone	Animal Circus	Thun	https://cdn.shopify.com/s/files/1/0918/5597/8816/files/tr_ngtr_c_12bd3647-59d6-4046-bce9-e61b9bbbae4e.png	https://luonvuituoi.co/products/ao-thun-leave-my-tits-alone	2026-03-18
Làm Gì Khó Coi Vậy Bay	Animal Circus	Thun	https://cdn.shopify.com/s/files/1/0918/5597/8816/files/tr_ngtr_c_354f6ebc-f677-47fc-823d-32fb95cba23d.png	https://luonvuituoi.co/products/ao-thun-lam-gi-kho-coi-vậy-bay	2026-03-18
Chữ Z	Alpha Best	Thun	https://cdn.shopify.com/s/files/1/0918/5597/8816/files/dentr_c_6dd41a78-a892-46ae-9801-6d7d2a0ecb32.png	https://luonvuituoi.co/products/ao-thun-chữ-z	2026-03-17
Chữ Y	Alpha Best	Thun	https://cdn.shopify.com/s/files/1/0918/5597/8816/files/kemtr_c_22ca6191-2f92-48e1-a7e9-3bb6b93c84fa.png	https://luonvuituoi.co/products/ao-thun-chữ-y	2026-03-17
Chữ X	Alpha Best	Thun	https://cdn.shopify.com/s/files/1/0918/5597/8816/files/navytr_c_1b0fc6da-3ccb-4968-84bc-b206bb33a458.png	https://luonvuituoi.co/products/ao-thun-chữ-x	2026-03-17
Chữ W	Alpha Best	Thun	https://cdn.shopify.com/s/files/1/0918/5597/8816/files/tr_ngtr_c_d07cfe7d-3ea7-4d81-bc63-6e08972350c3.png	https://luonvuituoi.co/products/ao-thun-chữ-w	2026-03-17
Chữ Á	A-Z	Thun	https://cdn.shopify.com/s/files/1/0918/5597/8816/files/dentr_c_1e2d44f7-e7c7-457f-a90f-5a5ce7f71f70.png	https://luonvuituoi.co/products/ao-thun-chữ-v	2026-03-17
Chữ U	Alpha Best	Thun	https://cdn.shopify.com/s/files/1/0918/5597/8816/files/kemtr_c_e450a545-2668-40d1-b3d0-f92276dc8afe.png	https://luonvuituoi.co/products/ao-thun-chữ-u	2026-03-17
Chữ T	Alpha Best	Thun	https://cdn.shopify.com/s/files/1/0918/5597/8816/files/navytr_c_0e1126db-b592-461b-a1b8-b01033f37cd9.png	https://luonvuituoi.co/products/ao-thun-chữ-t	2026-03-17
Chữ S	Alpha Best	Thun	https://cdn.shopify.com/s/files/1/0918/5597/8816/files/tr_ngtr_c_ddf97ac6-0739-48e0-814d-5fbbf10050d5.png	https://luonvuituoi.co/products/ao-thun-chữ-s	2026-03-17
Chữ R	Alpha Best	Thun	https://cdn.shopify.com/s/files/1/0918/5597/8816/files/dentr_c_37d5bcd7-e8b6-4c9a-acde-194f6cc3de70.png	https://luonvuituoi.co/products/ao-thun-chữ-r	2026-03-17
Chữ Q	Alpha Best	Thun	https://cdn.shopify.com/s/files/1/0918/5597/8816/files/kemtr_c_6918bdf5-509a-4fcc-a271-04aab9bef687.png	https://luonvuituoi.co/products/ao-thun-chữ-q	2026-03-17
Chữ P	Alpha Best	Thun	https://cdn.shopify.com/s/files/1/0918/5597/8816/files/dentr_c_8ff8d529-76be-48ac-a16c-bb99d9f1a630.png	https://luonvuituoi.co/products/ao-thun-chữ-p	2026-03-17
Chữ O	Alpha Best	Thun	https://cdn.shopify.com/s/files/1/0918/5597/8816/files/tr_ngtr_c_d71ca212-6570-47c3-ba33-0e6afd87c9f2.png	https://luonvuituoi.co/products/ao-thun-chữ-o	2026-03-17
Chữ N	Alpha Best	Thun	https://cdn.shopify.com/s/files/1/0918/5597/8816/files/dentr_c_4376d066-1e1f-4f15-9614-aab1b87c26ce.png	https://luonvuituoi.co/products/ao-thun-chữ-n	2026-03-17
Chữ M	Alpha Best	Thun	https://cdn.shopify.com/s/files/1/0918/5597/8816/files/kemtr_c_6b043861-c4f7-4a07-a975-ea9fdff0b556.png	https://luonvuituoi.co/products/ao-thun-chữ-m	2026-03-17
Chữ L	Alpha Best	Thun	https://cdn.shopify.com/s/files/1/0918/5597/8816/files/kemtr_c_6403fea0-1a71-49e2-a7fe-95e0a04c3ab9.png	https://luonvuituoi.co/products/ao-thun-chữ-l	2026-03-17
Chữ K	Alpha Best	Thun	https://cdn.shopify.com/s/files/1/0918/5597/8816/files/navytr_c_131036a2-d36c-41dc-b508-f0daee0a4b8b.png	https://luonvuituoi.co/products/ao-thun-chữ-k	2026-03-17
Chữ J	Alpha Best	Thun	https://cdn.shopify.com/s/files/1/0918/5597/8816/files/tr_ngtr_c_39e90a95-dee9-44cd-9ed0-d278883a62b2.png	https://luonvuituoi.co/products/ao-thun-chữ-j	2026-03-17
Chữ I	Alpha Best	Thun	https://cdn.shopify.com/s/files/1/0918/5597/8816/files/dentr_c_bec17e9e-496d-4d38-b74d-9c60786ac88a.png	https://luonvuituoi.co/products/ao-thun-chữ-i	2026-03-17
Chữ H	Alpha Best	Thun	https://cdn.shopify.com/s/files/1/0918/5597/8816/files/kemtr_c_b17242b5-8827-4cce-a90a-80ca820b910f.png	https://luonvuituoi.co/products/ao-thun-chữ-h	2026-03-17
Chữ G	Alpha Best	Thun	https://cdn.shopify.com/s/files/1/0918/5597/8816/files/navytr_c_daaf53b1-eb54-4174-8f49-3be6b30c3cab.png	https://luonvuituoi.co/products/ao-thun-chữ-g	2026-03-17
Chữ F	Alpha Best	Thun	https://cdn.shopify.com/s/files/1/0918/5597/8816/files/tr_ngtr_c_8a2dd7e6-b5a6-4301-ad43-dc83f5edc6fa.png	https://luonvuituoi.co/products/ao-thun-chữ-f	2026-03-17
Chữ E	Alpha Best	Thun	https://cdn.shopify.com/s/files/1/0918/5597/8816/files/dentr_c_5c0464e3-bc0b-4fe7-87f8-0582948ea54f.png	https://luonvuituoi.co/products/ao-thun-chữ-e	2026-03-17
Chữ D	Alpha Best	Thun	https://cdn.shopify.com/s/files/1/0918/5597/8816/files/kemtr_c_65e41a77-6149-439c-8ac8-063d1a27ca9a.png	https://luonvuituoi.co/products/ao-thun-chữ-d	2026-03-17
Chữ C	Alpha Best	Thun	https://cdn.shopify.com/s/files/1/0918/5597/8816/files/navytr_c_531ebb62-4ecd-42cc-9a34-e6b3fd7d584f.png	https://luonvuituoi.co/products/ao-thun-chữ-c	2026-03-17
Chữ B	Alpha Best	Thun	https://cdn.shopify.com/s/files/1/0918/5597/8816/files/tr_ngtr_c_bcdfdd00-ad3b-489e-921e-f927c8986df1.png	https://luonvuituoi.co/products/ao-thun-chữ-b	2026-03-17
Chữ A	Alpha Best	Thun	https://cdn.shopify.com/s/files/1/0918/5597/8816/files/dentr_c_7e716394-223d-4986-a324-d56dff5de8b4.png	https://luonvuituoi.co/products/ao-thun-chữ-a	2026-03-17
Tôi Bị Nghèo	Đũy Mèo	Thun	https://cdn.shopify.com/s/files/1/0918/5597/8816/files/dentr_c_ddb26b6a-ea98-42d8-9c6d-55a502260da0.png	https://luonvuituoi.co/products/ao-thun-toi-bị-ngheo	2026-03-14
Vải Lon Lươn	Lifey Stuff	Thun	https://cdn.shopify.com/s/files/1/0918/5597/8816/files/tr_ngtr_c_97f3a636-bb8e-428b-8701-52e2e007ed90.png	https://luonvuituoi.co/products/ao-thun-vải-lon-lươn	2026-03-14
Quá Là Đỉnh	Lifey Stuff	Thun	https://cdn.shopify.com/s/files/1/0918/5597/8816/files/kemtr_c_0a8985d0-1cc0-4908-85ff-f8e4d2de2bbf.png	https://luonvuituoi.co/products/ao-thun-qua-la-dỉnh	2026-03-14
Quá Ghê Gớm	Lifey Stuff	Thun	https://cdn.shopify.com/s/files/1/0918/5597/8816/files/kemtr_c_8a8d713d-0a94-4268-9dc3-dbaab0e224ae.png	https://luonvuituoi.co/products/ao-thun-qua-ghe-gớm	2026-03-14
Ghê Vậy Sao	Lifey Stuff	Thun	https://cdn.shopify.com/s/files/1/0918/5597/8816/files/dentr_c_afd27cd0-2908-40fa-9261-9f0b76378609.png	https://luonvuituoi.co/products/ao-thun-ghe-vậy-sao	2026-03-14
Dù Mã Mây	Lifey Stuff	Thun	https://cdn.shopify.com/s/files/1/0918/5597/8816/files/tr_ngtr_c_f0eff102-3ef0-4cb5-9d91-02750c7b57fd.png	https://luonvuituoi.co/products/ao-thun-du-ma-may	2026-03-14
Cái Lon Ma	Lifey Stuff	Thun	https://cdn.shopify.com/s/files/1/0918/5597/8816/files/tr_ngtr_c_bf2fa349-7b52-41b4-b2d7-e5b27a94bbf5.png	https://luonvuituoi.co/products/ao-thun-cai-lon-ma	2026-03-14
Thug Story	Tuyệt Đối Điện Ảnh	Thun	https://cdn.shopify.com/s/files/1/0918/5597/8816/files/kemtr_c_7daac220-09f7-461b-b929-36d22164acb8.png	https://luonvuituoi.co/products/ao-thun-thug-story	2026-03-07
Sweetie Đưa Tiền Đây	Tuyệt Đối Điện Ảnh	Thun	https://cdn.shopify.com/s/files/1/0918/5597/8816/files/dentr_c_f6c20e45-43ea-4f90-ab86-7938a351dfe4.png	https://luonvuituoi.co/products/ao-thun-sweetie-dưa-tiền-day	2026-03-07
Snu Snu Is My Cardio	Tuyệt Đối Điện Ảnh	Thun	https://cdn.shopify.com/s/files/1/0918/5597/8816/files/navysau_88b76dbd-6bcb-41f1-8330-81bae99bdbbc.png	https://luonvuituoi.co/products/ao-thun-snu-snu-is-my-cardio	2026-03-07
Pawer Rangers	Tuyệt Đối Điện Ảnh	Thun	https://cdn.shopify.com/s/files/1/0918/5597/8816/files/dentr_c_d0578fbc-b0a7-4454-91c7-2f610ca44e7c.png	https://luonvuituoi.co/products/ao-thun-pawer-rangers	2026-03-07
No Thank You	Lifey Stuff	Thun	https://cdn.shopify.com/s/files/1/0918/5597/8816/files/kemtr_c_6ad2fed1-b6b0-4af5-9cdd-ba2fe4fe2a2e.png	https://luonvuituoi.co/products/ao-thun-no-thank-you	2026-03-07
No Complaints	Lifey Stuff	Thun	https://cdn.shopify.com/s/files/1/0918/5597/8816/files/tr_ngtr_c_579fbfd5-035f-4a40-9abd-ffe2092e04f1.png	https://luonvuituoi.co/products/ao-thun-no-complaints	2026-03-07
Mine Mine Mine	Tuyệt Đối Điện Ảnh	Thun	https://cdn.shopify.com/s/files/1/0918/5597/8816/files/dentr_c_6c2f6d1c-8072-40fe-a3b1-7b2d44910541.png	https://luonvuituoi.co/products/ao-thun-mine-mine-mine	2026-03-07
Mấy Con Mèo	Đũy Mèo	Thun	https://cdn.shopify.com/s/files/1/0918/5597/8816/files/tr_ngtr_c_5778945a-3157-4ed5-9e15-917532a2ff81.png	https://luonvuituoi.co/products/ao-thun-mấy-con-meo	2026-03-07
Life Sucks	Lifey Stuff	Thun	https://cdn.shopify.com/s/files/1/0918/5597/8816/files/tr_ngtr_c_65ad2fc3-dcb3-453c-bdbd-5ad3049cf3dc.png	https://luonvuituoi.co/products/ao-thun-life-sucks	2026-03-07
Kiss Me It My Birthday	Lifey Stuff	Thun	https://cdn.shopify.com/s/files/1/0918/5597/8816/files/kemtr_c_2d993574-00c9-40b5-9bf9-55770706fc58.png	https://luonvuituoi.co/products/ao-thun-kiss-me-it-my-birthday	2026-03-07
Ken Is Gay	Tuyệt Đối Điện Ảnh	Thun	https://cdn.shopify.com/s/files/1/0918/5597/8816/files/tr_ngsau_6e17e726-ca35-4457-a079-341212cda114.png	https://luonvuituoi.co/products/ao-thun-ken-is-gay	2026-03-07
It Is What It Is	Lifey Stuff	Thun	https://cdn.shopify.com/s/files/1/0918/5597/8816/files/navytr_c_e7ea456e-ca54-4c78-ae97-f4588248dc7c.png	https://luonvuituoi.co/products/ao-thun-it-is-what-it-is	2026-03-07
Buzz Light Beer	Tuyệt Đối Điện Ảnh	Thun	https://cdn.shopify.com/s/files/1/0918/5597/8816/files/densau_77802fdd-d445-44bf-b863-a84c6ca1d93f.png	https://luonvuituoi.co/products/ao-thun-buzz-light-beer	2026-03-07
Blow Me	Lifey Stuff	Thun	https://cdn.shopify.com/s/files/1/0918/5597/8816/files/dentr_c_9887f987-157d-4f32-baef-1847aa8eab9c.png	https://luonvuituoi.co/products/ao-thun-blow-me	2026-03-07
Aint I So Cool	Lifey Stuff	Thun	https://cdn.shopify.com/s/files/1/0918/5597/8816/files/densau_6f4aa8f6-2100-43f2-ad83-3bf6620a0024.png	https://luonvuituoi.co/products/ao-thun-aint-i-so-cool	2026-03-07
LGBT - Luôn Giữ Bình Tĩnh	Lifey Stuff	Thun;Dài tay	https://cdn.shopify.com/s/files/1/0918/5597/8816/files/dentr_c_dcb714c8-c533-40d9-9a87-2a30844c750f.png	https://luonvuituoi.co/products/ao-thun-lgbt-luon-giữ-binh-tinh	2026-01-10
Không Được Đấm Sếp	Job	Thun	https://cdn.shopify.com/s/files/1/0918/5597/8816/files/densau_f51728ab-c701-4311-97fb-b6e2c2e6a0e9.png	https://luonvuituoi.co/products/ao-thun-khong-dược-dấm-sếp	2026-03-04
Phông Bạt	Lifey Stuff	Thun	https://cdn.shopify.com/s/files/1/0918/5597/8816/files/navytr_c_b763be31-78c4-4353-b224-2eb3338eb142.png	https://luonvuituoi.co/products/ao-thun-phong-bạt	2026-03-04
I Dont Need Chat Gpt , My Hubby Knows Everything	Love Bites	Thun	https://cdn.shopify.com/s/files/1/0918/5597/8816/files/tr_ngsau_0ec96a5a-1bfd-4abc-a298-3f8c64b9f603.png	https://luonvuituoi.co/products/ao-thunlvt-i-dont-need-chat-gpt-my-hubby-knows-everything	2026-03-04
Sếp Thật Quá Đáng - Qúa Đáng Để Iu	Job	Thun	https://cdn.shopify.com/s/files/1/0918/5597/8816/files/densau_061352a5-cc65-42e5-b2ed-2876cd64ccfb.png	https://luonvuituoi.co/products/ao-thun-sếp-thật-qua-dang-qua-dang-dể-iu	2026-03-03
Không Được Cãi Sếp	Job	Thun	https://cdn.shopify.com/s/files/1/0918/5597/8816/files/densau_dc6b4fd1-be31-4324-8a65-6ac8e86b0ee9.png	https://luonvuituoi.co/products/ao-thun-khong-dược-cai-sếp	2026-03-03
Khách Nói Gì Cũng Đúng Đúng Đúng	Job	Thun	https://cdn.shopify.com/s/files/1/0918/5597/8816/files/densau_610cc11c-14bd-47ad-9022-da969d86770e.png	https://luonvuituoi.co/products/ao-thun-khach-noi-gi-cung-dung-dung-dung	2026-03-03
Mình Tự Do Do Tự Mình	Lifey Stuff	Thun	https://cdn.shopify.com/s/files/1/0918/5597/8816/files/kemtr_c_795e8fac-7f23-4813-af88-a5409ba7ed02.png	https://luonvuituoi.co/products/ao-thun-minh-tự-do-do-tự-minh	2026-03-03
Looking For Somebody To Love	Trơi Bời	Thun	https://cdn.shopify.com/s/files/1/0918/5597/8816/files/tr_ngsau_19002376-9e9f-4e6a-98b2-fc7d155a928e.png	https://luonvuituoi.co/products/ao-thun-looking-for-somebody-to-love	2026-03-03
Music Is My Only Drug	Trơi Bời	Thun	https://cdn.shopify.com/s/files/1/0918/5597/8816/files/tr_ngsau_d306c983-8f85-444f-8deb-54fdf06b7bf8.png	https://luonvuituoi.co/products/ao-thun-music-is-my-only-drug	2026-03-03
Now I Work	Trơi Bời	Thun	https://cdn.shopify.com/s/files/1/0918/5597/8816/files/tr_ngsau_45807b1f-f6e3-4f94-a6ca-da8395fcca9a.png	https://luonvuituoi.co/products/ao-thun-now-i-work	2026-03-03
Send Me Your Playlist	Trơi Bời	Thun	https://cdn.shopify.com/s/files/1/0918/5597/8816/files/densau_878c0fa2-d13e-4863-b200-5459f580f84a.png	https://luonvuituoi.co/products/ao-thun-send-me-your-playlist	2026-03-03
Send Me Money	Trơi Bời	Thun	https://cdn.shopify.com/s/files/1/0918/5597/8816/files/densau_c2672569-d47f-45bf-90cb-af49ccfce8da.png	https://luonvuituoi.co/products/ao-thun-send-me-money	2026-03-03
Tôi Sống Rất Lương Thiện	Trơi Bời	Thun	https://cdn.shopify.com/s/files/1/0918/5597/8816/files/densau_d7cbbc0a-76ac-48b7-b197-978d24490ad7.png	https://luonvuituoi.co/products/ao-thun-toi-sống-rất-lương-thiện	2026-03-03
Đi Tập Thể Dục Một Mình	Lifey Stuff	Thun	https://cdn.shopify.com/s/files/1/0918/5597/8816/files/kemtr_c_51f28f7c-c072-4a31-baba-e70f3eaf160c.png	https://luonvuituoi.co/products/ao-thun-di-tập-thể-dục-một-minh	2026-03-03
Lười Lao động	Lifey Stuff	Thun	https://cdn.shopify.com/s/files/1/0918/5597/8816/files/kemtr_c_819e44b4-7d88-4f63-ab5b-828bd709abfb.png	https://luonvuituoi.co/products/ao-thun-lười-lao-dộng	2026-03-03
Đi Cafe Một Mình	Lifey Stuff	Dài tay;Thun	https://cdn.shopify.com/s/files/1/0918/5597/8816/files/tr_ngtr_c_df1ab35e-c3b4-420d-bbcf-06c705bbbbd0.png	https://luonvuituoi.co/products/ao-thun-dai-tay-di-cafe-một-minh	2026-02-23
Đi Tập Yoga Một Mình	Lifey Stuff	Dài tay;Thun	https://cdn.shopify.com/s/files/1/0918/5597/8816/files/tr_ngtr_c_3da91b46-3cdf-4e08-9c22-9f7364f33bee.png	https://luonvuituoi.co/products/ao-thun-dai-tay-di-tập-yoga-một-minh	2026-02-23
Đi Chill Một Mình	Lifey Stuff	Dài tay;Thun	https://cdn.shopify.com/s/files/1/0918/5597/8816/files/kemtr_c_497765a9-4a49-4308-90b0-6b9abc40af40.png	https://luonvuituoi.co/products/ao-thun-dai-tay-di-chill-một-minh	2026-02-23
Đi Thám Hiểm Một Mình	Lifey Stuff	Dài tay;Thun	https://cdn.shopify.com/s/files/1/0918/5597/8816/files/kemtr_c_797099c4-87fa-489f-ba27-0b9beb215b07.png	https://luonvuituoi.co/products/ao-thun-dai-tay-di-tham-hiểm-một-minh	2026-02-23
Học Nqu Nhưng Gu Học Bá	Trơi Bời	Thun	https://cdn.shopify.com/s/files/1/0918/5597/8816/files/dentr_c_f1311e6e-f548-4581-aabd-0dc29dbbceb6.png	https://luonvuituoi.co/products/ao-thun-học-nqu-nhưng-gu-học-ba	2026-02-24
Đời Cơ Thủ - Lỗ Nào Cũng Bắn - Lúc Trúng Lúc Không	Trơi Bời	Thun	https://cdn.shopify.com/s/files/1/0918/5597/8816/files/kemtr_c_4cd4e3e3-0a5b-4058-a54d-073c82150293.png	https://luonvuituoi.co/products/ao-thun-dời-cơ-thủ-lỗ-nao-cung-bắn-luc-trung-luc-khong	2026-02-24
Cộng Đồng Chat GPT	Trơi Bời	Thun	https://cdn.shopify.com/s/files/1/0918/5597/8816/files/kemtr_c_df3d92df-1386-4bdc-b7b8-6f4329bd5e45.png	https://luonvuituoi.co/products/ao-thun-cộng-dồng-chat-gpt	2026-02-24
You Hate Me	Lifey Stuff	Thun	https://cdn.shopify.com/s/files/1/0918/5597/8816/files/tr_ngtr_c_d8a6726a-70c9-4c00-87ed-4e25143b32c5.png	https://luonvuituoi.co/products/ao-thun-you-hate-me	2026-02-07
You Are So Ngon	Lifey Stuff	Thun	https://cdn.shopify.com/s/files/1/0918/5597/8816/files/dentr_c_6c413125-f0f8-4d50-8be7-1e8e2b26be8e.png	https://luonvuituoi.co/products/ao-thun-you-are-so-ngon	2026-02-07
We Are Pre-Rich	Lifey Stuff	Thun	https://cdn.shopify.com/s/files/1/0918/5597/8816/files/kemtr_c_bf58cc94-0bcf-453b-b89c-903700ddb9e0.png	https://luonvuituoi.co/products/ao-thun-we-are-pre-rich	2026-02-07
This Is Fire	Lifey Stuff	Thun	https://cdn.shopify.com/s/files/1/0918/5597/8816/files/dentr_c_3e89dfc6-c53f-47eb-a485-81490ef6bcc8.png	https://luonvuituoi.co/products/ao-thun-this-is-fire	2026-02-07
Tao Nên Cười	Lifey Stuff	Thun	https://cdn.shopify.com/s/files/1/0918/5597/8816/files/tr_ngtr_c_c95de410-48c0-4a82-90f6-4d7bb5e2d722.png	https://luonvuituoi.co/products/ao-thun-tao-nen-cười	2026-02-07
Sounds Gay	Lifey Stuff	Thun	https://cdn.shopify.com/s/files/1/0918/5597/8816/files/dentr_c_02bed4b6-e6a8-4cd0-851e-b61636ee1ea3.png	https://luonvuituoi.co/products/ao-thun-sounds-gay	2026-02-07
Mẹo Mày Bé	Lifey Stuff	Thun	https://cdn.shopify.com/s/files/1/0918/5597/8816/files/dentr_c_6b375c68-298d-458e-89f3-5c46b991af1a.png	https://luonvuituoi.co/products/ao-thun-mẹo-may-be	2026-02-07
I'm Not Mad	Lifey Stuff	Thun	https://cdn.shopify.com/s/files/1/0918/5597/8816/files/kemtr_c_b8e92862-3867-4046-b1b4-9789a31ecffe.png	https://luonvuituoi.co/products/ao-thun-im-not-mad	2026-02-07
Im Not Gay	Lifey Stuff	Thun	https://cdn.shopify.com/s/files/1/0918/5597/8816/files/navytr_c_d50a3264-58d3-4690-b32e-f1310f8d7708.png	https://luonvuituoi.co/products/ao-thun-im-not-gay	2026-02-07
I Over Think	Lifey Stuff	Thun	https://cdn.shopify.com/s/files/1/0918/5597/8816/files/tr_ngtr_c_2fcb288a-3b1a-44e2-8a7f-cb50742a1d86.png	https://luonvuituoi.co/products/ao-thun-i-over-think	2026-02-07
Giỏi Ielts	Job	Thun	https://cdn.shopify.com/s/files/1/0918/5597/8816/files/dentr_c_dcb2a838-e789-4f82-bc37-4baf146c3036.png	https://luonvuituoi.co/products/ao-thun-giỏi-ielts	2026-02-07
F-Word	Lifey Stuff	Thun	https://cdn.shopify.com/s/files/1/0918/5597/8816/files/tr_ngtr_c_91c486b6-a470-4fa1-8d16-17b87e8e79a3.png	https://luonvuituoi.co/products/ao-thun-f-word	2026-02-07
Fist Luck	Lifey Stuff	Thun	https://cdn.shopify.com/s/files/1/0918/5597/8816/files/tr_ngtr_c_9da75ec0-ab3a-4d5a-9db2-8b7cdd44cf8c.png	https://luonvuituoi.co/products/ao-thun-fist-luck	2026-02-07
Đi Thi Là Có Giải	Lifey Stuff	Thun	https://cdn.shopify.com/s/files/1/0918/5597/8816/files/dentr_c_3c2844d3-5a26-493f-97ae-98e7cbcd43e5.png	https://luonvuituoi.co/products/ao-thun-di-thi-la-co-giải	2026-02-07
Nhức Cái Đầu	Đũy Mèo	Thun	https://cdn.shopify.com/s/files/1/0918/5597/8816/files/dentr_c_28eb8654-052e-40d0-9043-9448081ebfcc.png	https://luonvuituoi.co/products/ao-thun-nhức-cai-dầu	2026-02-03
Yo Bitch Hoodie	Tuyệt Đối Điện Ảnh	Hoodie	https://cdn.shopify.com/s/files/1/0918/5597/8816/files/tr_ngtr_c_1127e958-2c5a-4f7e-ba3f-d495f5ad7108.png	https://luonvuituoi.co/products/yo-bitch-hoodie	2026-02-02
Trùm Diệt Đồ Chơi Hoodie	Tuyệt Đối Điện Ảnh	Hoodie	https://cdn.shopify.com/s/files/1/0918/5597/8816/files/dentr_c_d21f9103-852a-48bf-ad9f-3ca4e4a830a0.png	https://luonvuituoi.co/products/trum-diệt-dồ-chơi-hoodie	2026-02-02
Pink Monster Hoodie	Trơi Bời	Hoodie	https://cdn.shopify.com/s/files/1/0918/5597/8816/files/h_ngsau_00fe6d55-fc6b-4b56-8867-5fc1b743869b.png	https://luonvuituoi.co/products/pink-monster-hoodie	2026-02-02
Oppai Hoodie	Tuyệt Đối Điện Ảnh	Hoodie	https://cdn.shopify.com/s/files/1/0918/5597/8816/files/h_ngtr_c_706b4577-4bf2-42c9-b166-300195d2ac18.png	https://luonvuituoi.co/products/oppai-hoodie	2026-02-02
Mấy Viên Bi Rồng Hoodie	Tuyệt Đối Điện Ảnh	Hoodie	https://cdn.shopify.com/s/files/1/0918/5597/8816/files/kemsau_c28c7a9c-829a-441b-b2a8-ca0d24906638.png	https://luonvuituoi.co/products/mấy-vien-bi-rồng-hoodie	2026-02-02
Im OK Hoodie	Tuyệt Đối Điện Ảnh;Đũy Mèo;Lifey Stuff	Hoodie	https://cdn.shopify.com/s/files/1/0918/5597/8816/files/tr_ngtr_c_e6f374ee-284c-4173-b151-139309ff3466.png	https://luonvuituoi.co/products/im-ok-hoodie-2	2025-11-18
Eat Sleep Anime Repeat Hoodie	Tuyệt Đối Điện Ảnh	Hoodie	https://cdn.shopify.com/s/files/1/0918/5597/8816/files/densau_366d4e97-9a8a-4c1b-87a0-d04329097a0c.png	https://luonvuituoi.co/products/eat-sleep-anime-repeat-hoodie	2026-02-02
Dồ Ái Mồ Hoodie	Tuyệt Đối Điện Ảnh	Hoodie	https://cdn.shopify.com/s/files/1/0918/5597/8816/files/tr_ngtr_c_44c8538e-27f2-4419-8bd0-7cc61155e465.png	https://luonvuituoi.co/products/dồ-ai-mồ-hoodie	2026-02-02
Disme Hoodie	Tuyệt Đối Điện Ảnh	Hoodie	https://cdn.shopify.com/s/files/1/0918/5597/8816/files/dentr_c_b01395ab-d5b8-434d-bd18-0a395fecbedd.png	https://luonvuituoi.co/products/disme-hoodie	2026-02-02
Baka Hoodie	Tuyệt Đối Điện Ảnh	Hoodie	https://cdn.shopify.com/s/files/1/0918/5597/8816/files/dentr_c_5bb1a510-0c95-43f4-b840-11b14db2db30.png	https://luonvuituoi.co/products/baka-hoodie	2026-02-02
Pink Monster Sweater	Trơi Bời	Sweater	https://cdn.shopify.com/s/files/1/0918/5597/8816/files/h_ngtr_c_6158ba33-fe2d-4bfc-b364-146a9d82a757.png	https://luonvuituoi.co/products/pink-monster-sweater	2026-02-02
Yo Bitch Sweater	Tuyệt Đối Điện Ảnh	Sweater	https://cdn.shopify.com/s/files/1/0918/5597/8816/files/dentr_c_5398a049-3f20-4535-ab58-014c83d51a88.png	https://luonvuituoi.co/products/yo-bitch-sweater	2026-02-02
Trùm Diệt Đồ Chơi Sweater	Tuyệt Đối Điện Ảnh	Sweater	https://cdn.shopify.com/s/files/1/0918/5597/8816/files/dentr_c_694ad724-d4f4-4bbd-b32e-0cb851a02f37.png	https://luonvuituoi.co/products/trum-diệt-dồ-chơi-sweater	2026-02-02
Oppai Sweater	Tuyệt Đối Điện Ảnh	Sweater	https://cdn.shopify.com/s/files/1/0918/5597/8816/files/tr_ngtr_c_bf5702ad-0c80-4b1c-a02f-266194e24895.png	https://luonvuituoi.co/products/oppai-sweater	2026-02-02
Mấy Viên Bi Rồng Sweater	Tuyệt Đối Điện Ảnh	Sweater	https://cdn.shopify.com/s/files/1/0918/5597/8816/files/kemsau_0ee0ac72-70ef-4dbc-9a21-d39a3dc4a6e8.png	https://luonvuituoi.co/products/mấy-vien-bi-rồng-sweater	2026-02-02
Im OK Sweater	Tuyệt Đối Điện Ảnh;Animal Circus;Đũy Mèo	Sweater	https://cdn.shopify.com/s/files/1/0918/5597/8816/files/tr_ngtr_c_d5424677-5d76-4d81-8d82-66e8045e1484.png	https://luonvuituoi.co/products/im-ok-sweater-1	2025-11-04
Eat Sleep Anime Repeat Sweater	Tuyệt Đối Điện Ảnh	Sweater	https://cdn.shopify.com/s/files/1/0918/5597/8816/files/dentr_c_7c752d53-e817-45a9-972a-b240f7377e97.png	https://luonvuituoi.co/products/eat-sleep-anime-repeat-sweater	2026-02-02
Dồ Ái Mồ Sweater	Tuyệt Đối Điện Ảnh	Sweater	https://cdn.shopify.com/s/files/1/0918/5597/8816/files/tr_ngtr_c_d543bf33-7b32-4989-aa11-e88e77878281.png	https://luonvuituoi.co/products/dồ-ai-mồ-sweater	2026-02-02
Disme Sweater	Tuyệt Đối Điện Ảnh	Sweater	https://cdn.shopify.com/s/files/1/0918/5597/8816/files/tr_ngtr_c_c962409e-fcfc-4483-b2f1-4251f4317585.png	https://luonvuituoi.co/products/disme-sweater	2026-02-02
Baka Sweater	Tuyệt Đối Điện Ảnh	Sweater	https://cdn.shopify.com/s/files/1/0918/5597/8816/files/h_ngtr_c_b7d402f2-0fa7-4a0c-b0b0-252fda475dc6.png	https://luonvuituoi.co/products/baka-sweater	2026-02-02
Yo Bitch	Tuyệt Đối Điện Ảnh	Dài tay;Thun	https://cdn.shopify.com/s/files/1/0918/5597/8816/files/tr_ngtr_c_292e2d73-07be-4317-94b0-88cde9b09108.png	https://luonvuituoi.co/products/ao-thun-dai-tay-yo-bitch	2026-01-31
Trùm Diệt Đồ Chơi	Tuyệt Đối Điện Ảnh	Dài tay;Thun	https://cdn.shopify.com/s/files/1/0918/5597/8816/files/dentr_c_0ef2816e-16be-4036-8169-1585031810a6.png	https://luonvuituoi.co/products/ao-thun-dai-tay-trum-diệt-dồ-chơi	2026-01-31
Pink Monster	Trơi Bời	Dài tay;Thun	https://cdn.shopify.com/s/files/1/0918/5597/8816/files/kemtr_c_febf4f86-b1a9-4c8f-ba9e-59c8442aabe8.png	https://luonvuituoi.co/products/ao-thun-dai-tay-pink-monster	2026-01-31
Oppai	Tuyệt Đối Điện Ảnh	Dài tay;Thun	https://cdn.shopify.com/s/files/1/0918/5597/8816/files/tr_ngtr_c_5781b408-5d22-438c-8d4b-1feaac23c49b.png	https://luonvuituoi.co/products/ao-thun-dai-tay-oppai	2026-01-31
Mấy Viên Bi Rồng	Tuyệt Đối Điện Ảnh	Dài tay;Thun	https://cdn.shopify.com/s/files/1/0918/5597/8816/files/kemsau_369b804e-f6f6-48c8-9f24-bb64cd9e893c.png	https://luonvuituoi.co/products/ao-thun-dai-tay-mấy-vien-bi-rồng	2026-01-31
Eat Sleep Anime Repeat	Tuyệt Đối Điện Ảnh	Dài tay;Thun	https://cdn.shopify.com/s/files/1/0918/5597/8816/files/dentr_c_67564ea6-7e08-497f-b716-017aadab1772.png	https://luonvuituoi.co/products/ao-thun-dai-tay-eat-sleep-anime-repeat	2026-01-31
Dồ Ái Mồ	Tuyệt Đối Điện Ảnh	Dài tay;Thun	https://cdn.shopify.com/s/files/1/0918/5597/8816/files/tr_ngtr_c_5e709bc6-0cb0-4d51-bd50-61fe0a81c93d.png	https://luonvuituoi.co/products/ao-thun-dai-tay-dồ-ai-mồ	2026-01-31
Disme	Tuyệt Đối Điện Ảnh	Dài tay;Thun	https://cdn.shopify.com/s/files/1/0918/5597/8816/files/dentr_c_c7e9df95-e1ca-46fd-a6e4-82bdf66aed50.png	https://luonvuituoi.co/products/ao-thun-dai-tay-disme	2026-01-31
Baka	Tuyệt Đối Điện Ảnh	Dài tay;Thun	https://cdn.shopify.com/s/files/1/0918/5597/8816/files/tr_ngtr_c_8ec36035-7e56-4cba-b1b3-39a4e8cec6bb.png	https://luonvuituoi.co/products/ao-thun-dai-tay-baka	2026-01-31
Trùm Cuối Nhà Họ Phan Hoodie	Vietnamese Culture	Hoodie	https://cdn.shopify.com/s/files/1/0918/5597/8816/files/navytr_c_c9a434fd-a47d-4b90-be02-50ce97a22fa2.jpg	https://luonvuituoi.co/products/trum-cuối-nha-họ-phan-hoodie	2026-01-29
Sản Phẩm Lõi Dòng Họ Lê Hoodie	Vietnamese Culture	Hoodie	https://cdn.shopify.com/s/files/1/0918/5597/8816/files/tr_ngtr_c_04b0c616-e46e-4bb2-af78-904538661a2e.jpg	https://luonvuituoi.co/products/sản-phẩm-loi-dong-họ-le-hoodie	2026-01-29
Nóc Nhà Họ Vũ Hoodie	Vietnamese Culture	Hoodie	https://cdn.shopify.com/s/files/1/0918/5597/8816/files/dentr_c_9313e441-2279-4a50-bdaa-be6f0b1b2c54.jpg	https://luonvuituoi.co/products/noc-nha-họ-vu-hoodie	2026-01-29
Nhặt Ngoài Bãi Rác Họ Trần Hoodie	Vietnamese Culture	Hoodie	https://cdn.shopify.com/s/files/1/0918/5597/8816/files/kemtr_c_695b136b-09f3-4f2b-8ed2-756f2d0db6ff.jpg	https://luonvuituoi.co/products/nhặt-ngoai-bai-rac-họ-trần-hoodie	2026-01-29
Nghịch Tử Số 1 Họ Hà Hoodie	Vietnamese Culture	Hoodie	https://cdn.shopify.com/s/files/1/0918/5597/8816/files/navytr_c_bdfaa851-1938-4044-a95f-af77fa0bd97a.jpg	https://luonvuituoi.co/products/nghịch-tử-số-1-họ-ha-hoodie	2026-01-29
Made By Lê Family Hoodie	Vietnamese Culture	Hoodie	https://cdn.shopify.com/s/files/1/0918/5597/8816/files/tr_ngtr_c_cab90f4b-e47e-4a0e-a029-6f9a461d97a1.jpg	https://luonvuituoi.co/products/made-by-le-family-hoodie	2026-01-29
Gen Tinh Hoa Đỗ Gia Tộc Hoodie	Vietnamese Culture	Hoodie	https://cdn.shopify.com/s/files/1/0918/5597/8816/files/dentr_c_1ff69d46-2bcd-4637-b646-1454a6b719ef.jpg	https://luonvuituoi.co/products/gen-tinh-hoa-dỗ-gia-tộc-hoodie	2026-01-29
Gen Lặn Nhà Họ Nguyễn Hoodie	Vietnamese Culture	Hoodie	https://cdn.shopify.com/s/files/1/0918/5597/8816/files/kemtr_c_18610152-69cb-43a7-9c72-24408b7f4b0c.jpg	https://luonvuituoi.co/products/gen-lặn-nha-họ-nguyễn-hoodie	2026-01-29
Gánh Nặng Họ Ngô Hoodie	Vietnamese Culture	Hoodie	https://cdn.shopify.com/s/files/1/0918/5597/8816/files/navytr_c_6aaf84a6-8f68-41c0-890a-78d276b601ac.jpg	https://luonvuituoi.co/products/ganh-nặng-họ-ngo-hoodie	2026-01-29
Đột Biến Gen Họ Hà Hoodie	Vietnamese Culture	Hoodie	https://cdn.shopify.com/s/files/1/0918/5597/8816/files/tr_ngtr_c_a7ecba05-a00e-498c-82d8-fb469c4260eb.jpg	https://luonvuituoi.co/products/dột-biến-gen-họ-ha-hoodie	2026-01-29
Diễn Viên Hề Họ Nguyễn Hoodie	Vietnamese Culture	Hoodie	https://cdn.shopify.com/s/files/1/0918/5597/8816/files/tr_ngtr_c_dbb580ac-8e23-417b-bbba-4ea9ca07c031.jpg	https://luonvuituoi.co/products/diễn-vien-hề-họ-nguyễn-hoodie	2026-01-29
Cục Nợ Nhà Họ Trần Hoodie	Vietnamese Culture	Hoodie	https://cdn.shopify.com/s/files/1/0918/5597/8816/files/dentr_c_87de4c6b-8b22-4bab-a06b-6f71739d23c9.jpg	https://luonvuituoi.co/products/cục-nợ-nha-họ-trần-hoodie	2026-01-29
Báo Thủ Họ Phạm Hoodie	Vietnamese Culture	Hoodie	https://cdn.shopify.com/s/files/1/0918/5597/8816/files/kemtr_c_4c88e3b0-d51b-442d-9d7b-56d574feb9f1.jpg	https://luonvuituoi.co/products/bao-thủ-họ-phạm-hoodie	2026-01-29
Sản Phẩm Lõi Dòng Họ Lê	Vietnamese Culture	Dài tay;Thun	https://cdn.shopify.com/s/files/1/0918/5597/8816/files/tr_ngtr_c_1a9b7f05-ac8f-42b7-b62d-3ed555aec056.png	https://luonvuituoi.co/products/ao-thun-dai-tay-sản-phẩm-loi-dong-họ-le	2026-01-29
Nghịch Tử Số 1 Họ Hà	Vietnamese Culture	Dài tay;Thun	https://cdn.shopify.com/s/files/1/0918/5597/8816/files/navytr_c_d65d985b-8412-4d44-98ae-df0dfd7d46ea.png	https://luonvuituoi.co/products/ao-thun-dai-tay-nghịch-tử-số-1-họ-ha	2026-01-29
Gánh Nặng Họ Ngô	Vietnamese Culture	Dài tay;Thun	https://cdn.shopify.com/s/files/1/0918/5597/8816/files/navytr_c_4cad5a93-2cf2-4e28-b11d-3373684dedce.png	https://luonvuituoi.co/products/ao-thun-dai-tay-ganh-nặng-họ-ngo	2026-01-29
Diễn Viên Hề Họ Nguyễn	Vietnamese Culture	Dài tay;Thun	https://cdn.shopify.com/s/files/1/0918/5597/8816/files/tr_ngtr_c_9e02fa6e-942c-478b-8950-aa5295e47989.png	https://luonvuituoi.co/products/ao-thun-dai-tay-diễn-vien-hề-họ-nguyễn	2026-01-29
Trùm Cuối Nhà Họ Phan Sweater	Vietnamese Culture	Sweater	https://cdn.shopify.com/s/files/1/0918/5597/8816/files/kemtr_c_ddead44c-f2b9-44b5-831c-a08103e526d0.png	https://luonvuituoi.co/products/trum-cuối-nha-họ-phan-sweater	2026-01-29
Sản Phẩm Lõi Dòng Họ Lê Sweater	Vietnamese Culture	Sweater	https://cdn.shopify.com/s/files/1/0918/5597/8816/files/dentr_c_1b9b18d6-5852-4656-98e1-d4e645d68991.png	https://luonvuituoi.co/products/sản-phẩm-loi-dong-họ-le-sweater	2026-01-29
Nóc Nhà Họ Vũ Sweater	Vietnamese Culture	Sweater	https://cdn.shopify.com/s/files/1/0918/5597/8816/files/tr_ngtr_c_08ee0d52-c60e-4716-8f46-a370cac6bddc.png	https://luonvuituoi.co/products/noc-nha-họ-vu-sweater	2026-01-29
Nhặt Ngoài Bãi Rác Họ Trần Sweater	Vietnamese Culture	Sweater	https://cdn.shopify.com/s/files/1/0918/5597/8816/files/h_ngtr_c_e437e06c-f1a6-410d-a39a-db7a0c84e65e.png	https://luonvuituoi.co/products/nhặt-ngoai-bai-rac-họ-trần-sweater	2026-01-29
Nghịch Tử Số 1 Họ Hà Sweater	Vietnamese Culture	Sweater	https://cdn.shopify.com/s/files/1/0918/5597/8816/files/xamtr_c_43b720a4-f9dc-4544-8e0c-d839602d11f8.png	https://luonvuituoi.co/products/nghịch-tử-số-1-họ-ha-sweater	2026-01-29
Made By Lê Family Sweater	Vietnamese Culture	Sweater	https://cdn.shopify.com/s/files/1/0918/5597/8816/files/navytr_c_4dc9b9b9-50c8-44ba-92c0-ea6ed40fc921.png	https://luonvuituoi.co/products/made-by-le-family-sweater	2026-01-29
Gen Tinh Hoa Đỗ Gia Tộc Sweater	Vietnamese Culture	Sweater	https://cdn.shopify.com/s/files/1/0918/5597/8816/files/kemtr_c_5a7deda5-919f-43b2-b85b-ee9eef8af1ae.png	https://luonvuituoi.co/products/gen-tinh-hoa-dỗ-gia-tộc-sweater	2026-01-29
Gen Lặn Nhà Họ Nguyễn Sweater	Vietnamese Culture	Sweater	https://cdn.shopify.com/s/files/1/0918/5597/8816/files/dentr_c_9fcb5a73-966f-4380-b57d-9a0c436c7f08.png	https://luonvuituoi.co/products/gen-lặn-nha-họ-nguyễn-sweater	2026-01-29
Gánh Nặng Họ Ngô Sweater	Vietnamese Culture	Sweater	https://cdn.shopify.com/s/files/1/0918/5597/8816/files/tr_ngtr_c_14ff0b90-3266-4fb6-970a-3ff9f4ca9e55.png	https://luonvuituoi.co/products/ganh-nặng-họ-ngo-sweater	2026-01-29
Đột Biến Gen Họ Hà Sweater	Vietnamese Culture	Sweater	https://cdn.shopify.com/s/files/1/0918/5597/8816/files/h_ngtr_c_abea895d-07de-4d9a-9590-bfa4c7f0cb0f.png	https://luonvuituoi.co/products/dột-biến-gen-họ-ha-sweater	2026-01-29
Diễn Viên Hề Họ Nguyễn Sweater	Vietnamese Culture	Sweater	https://cdn.shopify.com/s/files/1/0918/5597/8816/files/xamtr_c_28b0e916-6afd-46fc-b53b-50f306281264.png	https://luonvuituoi.co/products/diễn-vien-hề-họ-nguyễn-sweater	2026-01-29
Cục Nợ Nhà Họ Trần Sweater	Vietnamese Culture	Sweater	https://cdn.shopify.com/s/files/1/0918/5597/8816/files/navytr_c_ae6fe23a-639a-4a16-b3d7-4a67415e0f8b.png	https://luonvuituoi.co/products/cục-nợ-nha-họ-trần-sweater	2026-01-29
Báo Thủ Họ Phạm Sweater	Vietnamese Culture	Sweater	https://cdn.shopify.com/s/files/1/0918/5597/8816/files/tr_ngtr_c_7f8dbd53-1e51-4f55-8fc4-163c63a40700.png	https://luonvuituoi.co/products/bao-thủ-họ-phạm-sweater	2026-01-29
To Be Continued	Tuyệt Đối Điện Ảnh	Dài tay;Thun	https://cdn.shopify.com/s/files/1/0918/5597/8816/files/tr_ngtr_c_53722c96-68f7-4fce-9647-9c3c3e70f1ff.png	https://luonvuituoi.co/products/ao-thun-dai-tay-to-be-continued	2026-01-10
SBR Wild West Zeppelin	Tuyệt Đối Điện Ảnh	Dài tay;Thun	https://cdn.shopify.com/s/files/1/0918/5597/8816/files/dentr_c_c6597c5b-c449-4bc3-8a64-5f07b3532227.png	https://luonvuituoi.co/products/ao-thun-dai-tay-sbr-wild-west-zeppelin	2026-01-10
SBR Wild West Johnny Joestar	Tuyệt Đối Điện Ảnh	Dài tay;Thun	https://cdn.shopify.com/s/files/1/0918/5597/8816/files/dentr_c_cbb7e0e7-9d00-48f8-a208-510600d97645.png	https://luonvuituoi.co/products/ao-thun-dai-tay-sbr-wild-west-johnny-joestar	2026-01-10
SBR Wild West Diego Brando	Tuyệt Đối Điện Ảnh	Dài tay;Thun	https://cdn.shopify.com/s/files/1/0918/5597/8816/files/dentr_c_e71c4194-a103-4d9e-9cf4-c46f95f2d51f.png	https://luonvuituoi.co/products/ao-thun-dai-tay-sbr-wild-west-diego-brando	2026-01-10
Oh! My! God!	Tuyệt Đối Điện Ảnh	Dài tay;Thun	https://cdn.shopify.com/s/files/1/0918/5597/8816/files/dentr_c_00258ab5-4258-4365-a4ae-7863da2839f8.png	https://luonvuituoi.co/products/ao-thun-dai-tay-oh-my-god	2026-01-10
Forgive Them Father	Tuyệt Đối Điện Ảnh	Dài tay;Thun	https://cdn.shopify.com/s/files/1/0918/5597/8816/files/Densau_7e55f7f9-fe91-4dd7-9ef4-88a4afed7588.png	https://luonvuituoi.co/products/ao-thun-dai-tay-forgive-them-father	2026-01-23
Chú Chuột Bếp Trưởng	Tuyệt Đối Điện Ảnh	Dài tay;Thun	https://cdn.shopify.com/s/files/1/0918/5597/8816/files/Tr_ngsau_dc5fa396-e0a9-4e86-b06d-9b43b564a5b1.png	https://luonvuituoi.co/products/ao-thun-dai-tay-chu-chuột-bếp-trưởng	2026-01-10
But It Was Me Dio	Tuyệt Đối Điện Ảnh	Dài tay;Thun	https://cdn.shopify.com/s/files/1/0918/5597/8816/files/Tr_ngsau_264bcff4-2c31-4ac2-963b-da28782b571b.png	https://luonvuituoi.co/products/ao-thun-dai-tay-but-it-was-me-dio-mh2433mh	2026-01-10
Vịt Và Heo Về Nhà Ăn Tết Sweater	Nghỉ Lễ	Sweater	https://cdn.shopify.com/s/files/1/0918/5597/8816/files/h_ngtr_c_81d85837-6b59-426a-8294-7b37245d03da.png	https://luonvuituoi.co/products/vịt-va-heo-về-nha-an-tết-sweater	2026-01-23
Gấp Đôi Thì Được Sweater	Nghỉ Lễ	Sweater	https://cdn.shopify.com/s/files/1/0918/5597/8816/files/dentr_c_bc579d0d-2e86-48c7-a904-f5c25ff33e32.png	https://luonvuituoi.co/products/gấp-doi-thi-dược-sweater	2026-01-23
To Be Continued Sweater	Tuyệt Đối Điện Ảnh	Sweater	https://cdn.shopify.com/s/files/1/0918/5597/8816/files/tr_ngtr_c_070e9638-c3fb-4954-b32c-8a0283b62f27.png	https://luonvuituoi.co/products/to-be-continued-sweater	2026-01-23
SBR Wild West Zeppelin Sweater	Tuyệt Đối Điện Ảnh	Sweater	https://cdn.shopify.com/s/files/1/0918/5597/8816/files/dentr_c_e15ce079-75fd-486a-8b2b-47ebe653f902.png	https://luonvuituoi.co/products/sbr-wild-west-zeppelin-sweater	2026-01-23
SBR Wild West Johnny Joestar Sweater	Tuyệt Đối Điện Ảnh	Sweater	https://cdn.shopify.com/s/files/1/0918/5597/8816/files/kemtr_c_d0dddf3d-d6cb-4e19-a6d9-60ff102622bb.png	https://luonvuituoi.co/products/sbr-wild-west-johnny-joestar-sweater	2026-01-23
SBR Wild West Diego Brando Sweater	Tuyệt Đối Điện Ảnh	Sweater	https://cdn.shopify.com/s/files/1/0918/5597/8816/files/tr_ngtr_c_3610288d-ec76-44d3-a798-6f9d6c8317ae.png	https://luonvuituoi.co/products/sbr-wild-west-diego-brando-sweater	2026-01-23
Oh! My! God! Sweater	Tuyệt Đối Điện Ảnh	Sweater	https://cdn.shopify.com/s/files/1/0918/5597/8816/files/dentr_c_e15ed6e6-76ac-45b0-a207-0606fc137db9.png	https://luonvuituoi.co/products/oh-my-god-sweater	2026-01-23
Forgive Them Father Sweater	Tuyệt Đối Điện Ảnh	Sweater	https://cdn.shopify.com/s/files/1/0918/5597/8816/files/densau_9f604697-ee30-40e1-8f98-59d35b617c91.png	https://luonvuituoi.co/products/forgive-them-father-sweater	2026-01-23
Chú Chuột Bếp Trưởng Sweater	Tuyệt Đối Điện Ảnh	Sweater	https://cdn.shopify.com/s/files/1/0918/5597/8816/files/tr_ngsau_a4ddc8da-89be-4343-813b-3cec247e6994.png	https://luonvuituoi.co/products/chu-chuột-bếp-trưởng-sweater	2026-01-23
But It Was Me Dio Sweater	Tuyệt Đối Điện Ảnh	Sweater	https://cdn.shopify.com/s/files/1/0918/5597/8816/files/tr_ngsau_28ab57af-8d06-4bda-a399-fa1ce3fe7a30.png	https://luonvuituoi.co/products/but-it-was-me-dio-sweater	2026-01-23
Tăng High, Tăng Bar, Không Tăng Ca	Job	Thun	https://cdn.shopify.com/s/files/1/0918/5597/8816/files/dentr_c_47346c8b-787c-4a90-80a3-ba08cc409058.png	https://luonvuituoi.co/products/ao-thun-tang-high-tang-bar-khong-tang-ca	2026-01-23
Đồng Nghiệp Cùng Nhau Tạo Nghiệp	Job	Thun	https://cdn.shopify.com/s/files/1/0918/5597/8816/files/kemtr_c_5be501ad-0e03-437c-8951-d9bb5cb93223.png	https://luonvuituoi.co/products/ao-thun-dồng-nghiệp-cung-nhau-tạo-nghiệp	2026-01-23
Đủ Wow Rồi Đó	Job	Thun	https://cdn.shopify.com/s/files/1/0918/5597/8816/files/dentr_c_0d1117c4-860a-4eb3-8ea9-7562663da163.png	https://luonvuituoi.co/products/ao-thun-dủ-wow-rồi-do	2026-01-22
99% Cơ Thể Là Xá Lợi	Job	Thun	https://cdn.shopify.com/s/files/1/0918/5597/8816/files/dentr_c_b7632d62-ca24-499f-bd90-5ea11770e787.png	https://luonvuituoi.co/products/ao-thun-99-cơ-thể-la-xa-lợi	2026-01-22
Không Được Đánh Khách Hoodie	Job	Hoodie	https://cdn.shopify.com/s/files/1/0918/5597/8816/files/densau_7ceaa946-7ae1-4067-87dc-85690ec51d58.png	https://luonvuituoi.co/products/khong-dược-danh-khach-hoodie	2026-01-22
Đánh Khách là hư lắm Hoodie	Job	Hoodie	https://cdn.shopify.com/s/files/1/0918/5597/8816/files/densau_658f1d04-52f1-4f3d-a9f0-8a7d998cf5e5.png	https://luonvuituoi.co/products/danh-khach-la-hư-lắm-hoodie	2026-01-22
Không Được Đánh Khách Sweater	Job	Sweater	https://cdn.shopify.com/s/files/1/0918/5597/8816/files/densau_407f6630-c0f9-4b92-911b-835ca45295af.png	https://luonvuituoi.co/products/khong-dược-danh-khach-sweater	2026-01-22
Tăng High, Tăng Bar, Không Tăng Ca Sweater	Job	Sweater	https://cdn.shopify.com/s/files/1/0918/5597/8816/files/dentr_c_a913dc52-6a14-4115-a178-4f818e26118a.png	https://luonvuituoi.co/products/tang-high-tang-bar-khong-tang-ca-sweater	2026-01-22
Đủ Wow Rồi Đó Sweater	Job	Sweater	https://cdn.shopify.com/s/files/1/0918/5597/8816/files/dentr_c_4ce529bc-73fc-4fa3-8fd4-4aff53caf838.png	https://luonvuituoi.co/products/dủ-wow-rồi-do-sweater	2026-01-22
Đồng Nghiệp Cùng Nhau Tạo Nghiệp Sweater	Job	Sweater	https://cdn.shopify.com/s/files/1/0918/5597/8816/files/navytr_c_46c19a0d-d1e6-4a95-8d79-f376e5c7ce0e.png	https://luonvuituoi.co/products/dồng-nghiệp-cung-nhau-tạo-nghiệp-sweater	2026-01-22
Đánh Khách là hư lắm Sweater	Job	Sweater	https://cdn.shopify.com/s/files/1/0918/5597/8816/files/densau_bc3b0fe9-9515-4b26-89ca-1ce502043b5f.png	https://luonvuituoi.co/products/danh-khach-la-hư-lắm-sweater	2026-01-22
99% Cơ Thể Là Xá Lợi Sweater	Job	Sweater	https://cdn.shopify.com/s/files/1/0918/5597/8816/files/dentr_c_18bca718-ef0d-4c4f-a696-579cd4ae7146.png	https://luonvuituoi.co/products/99-cơ-thể-la-xa-lợi-sweater	2026-01-22
Thợ Hurt Tóc	Job	Dài tay;Thun	https://cdn.shopify.com/s/files/1/0918/5597/8816/files/dentr_c_df8020e5-cf7f-49c5-bfcf-5d116305c046.png	https://luonvuituoi.co/products/ao-thun-dai-tay-thợ-hurt-toc	2025-07-12
Thế Hệ Cợt Nhả	Job	Dài tay;Thun	https://cdn.shopify.com/s/files/1/0918/5597/8816/files/dentr_c_5c2caf21-0a1d-43ae-9487-f9d54a0ef4dd.png	https://luonvuituoi.co/products/ao-thun-dai-tay-thế-hệ-cợt-nhả	2025-07-12
Tảttoo Ảtist	Job	Dài tay;Thun	https://cdn.shopify.com/s/files/1/0918/5597/8816/files/dentr_c_2390553d-093a-4638-a11d-5139e13174e9.png	https://luonvuituoi.co/products/ao-thun-dai-tay-tảttoo-ảtist	2025-07-12
Tảrot Readẻ	Job	Dài tay;Thun	https://cdn.shopify.com/s/files/1/0918/5597/8816/files/dentr_c_ab114470-452e-4e2e-8fcb-4c004d9610f4.png	https://luonvuituoi.co/products/ao-thun-dai-tay-tảrot-readẻ	2025-07-12
Tăng High Tăng Bar	Job	Dài tay;Thun	https://cdn.shopify.com/s/files/1/0918/5597/8816/files/dentr_c_76b17c6e-e031-4bc0-83cc-4177cadae8b4.png	https://luonvuituoi.co/products/ao-thun-dai-tay-tang-high-tang-bar	2025-07-12
Studèn	Job	Dài tay;Thun	https://cdn.shopify.com/s/files/1/0918/5597/8816/files/kemtr_c_d78bb9f5-c0f5-4207-98a2-275df6cf9a00.png	https://luonvuituoi.co/products/ao-thun-dai-tay-studen	2025-07-12
Dríver	Job	Dài tay;Thun	https://cdn.shopify.com/s/files/1/0918/5597/8816/files/kemtr_c_e4fc0048-8914-4a0a-990e-a061283abb3f.png	https://luonvuituoi.co/products/ao-thun-dai-tay-driver	2025-07-12
Đồng Nghiệp	Job	Dài tay;Thun	https://cdn.shopify.com/s/files/1/0918/5597/8816/files/dentr_c_9fe788c8-4263-44d8-af0c-05c0fde948d8.png	https://luonvuituoi.co/products/ao-thun-dai-tay-dồng-nghiệp	2025-07-12
Stylist	Job	Dài tay;Thun	https://cdn.shopify.com/s/files/1/0918/5597/8816/files/kemtr_c_389e1fcc-edce-48e6-ad4f-d3df95830be0.png	https://luonvuituoi.co/products/ao-thun-dai-tay-stylist	2025-07-23
Singer	Job	Dài tay;Thun	https://cdn.shopify.com/s/files/1/0918/5597/8816/files/tr_ngtr_c_fc2406fa-2b94-4643-991b-84c34515e7c9.png	https://luonvuituoi.co/products/ao-thun-dai-tay-singer	2025-07-19
Lawyer	Job	Dài tay;Thun	https://cdn.shopify.com/s/files/1/0918/5597/8816/files/tr_ngtr_c_72f470d9-32b3-4267-b573-a99293205401.png	https://luonvuituoi.co/products/ao-thun-dai-tay-lawyer	2025-07-23
Kiến Trúc Sư	Job	Dài tay;Thun	https://cdn.shopify.com/s/files/1/0918/5597/8816/files/kemtr_c_ab7db1b2-6bda-4dc3-bfca-5927b217d8a8.png	https://luonvuituoi.co/products/kiến-truc-sư	2025-07-23
HR	Job	Dài tay;Thun	https://cdn.shopify.com/s/files/1/0918/5597/8816/files/tr_ngtr_c_a1d474e0-df14-427d-8b32-4e14013f7a2c.png	https://luonvuituoi.co/products/ao-thun-dai-tay-hr	2025-07-23
Freelancer	Job	Dài tay;Thun	https://cdn.shopify.com/s/files/1/0918/5597/8816/files/tr_ngtr_c_ba3e2f37-2d1e-402c-8b59-403efd54db38.png	https://luonvuituoi.co/products/ao-thun-dai-tay-freelancer	2025-07-19
Ủa Sếp	Job	Dài tay;Thun	https://cdn.shopify.com/s/files/1/0918/5597/8816/files/kemtr_c_6c5c63d8-34b3-465d-b796-b39a3901a43c.png	https://luonvuituoi.co/products/ao-thun-dai-tay-ủa-sếp	2025-11-27
Nước Trong Thì Không Có Cá	Job	Dài tay;Thun	https://cdn.shopify.com/s/files/1/0918/5597/8816/files/tr_ngtr_c_6f625cdb-1523-4204-afb9-edff7547c2c5.png	https://luonvuituoi.co/products/ao-thun-dai-tay-nước-trong-thi-khong-co-ca	2025-10-15
Người Vô Dụng	Job	Dài tay;Thun	https://cdn.shopify.com/s/files/1/0918/5597/8816/files/kemtr_c_76e8a776-ed3c-4d3f-8d43-66b00035cb8c.png	https://luonvuituoi.co/products/ao-thun-dai-tay-người-vo-dụng	2025-10-18
Ngủ Giờ Hành Chính	Job;Lifey Stuff	Dài tay;Thun	https://cdn.shopify.com/s/files/1/0918/5597/8816/files/kemtr_c_0d1d0a5c-d877-4028-a8d0-b0215319aada.png	https://luonvuituoi.co/products/ao-thun-dai-tay-ngủ-giờ-hanh-chinh	2025-06-19
Ngợp Thở Quá Sếp	Job	Dài tay;Thun	https://cdn.shopify.com/s/files/1/0918/5597/8816/files/tr_ngtr_c_bf6bee4e-9fad-4d63-858e-418cb479cdc9.png	https://luonvuituoi.co/products/ao-thun-dai-tay-ngợp-thở-qua-sếp	2025-10-15
Muốn Nghỉ Làm Nhưng Nghèo Nên Vừa Khóc Vừa Làm	Job	Dài tay;Thun	https://cdn.shopify.com/s/files/1/0918/5597/8816/files/kemtr_c_25e3a747-7d16-4bc1-95e6-030819903495.png	https://luonvuituoi.co/products/ao-thun-dai-tay-muốn-nghỉ-lam-nhưng-ngheo-nen-vừa-khoc-vừa-lam	2025-12-22
Meme Chú Vịt Muốn Nghỉ Làm	Job	Dài tay;Thun	https://cdn.shopify.com/s/files/1/0918/5597/8816/files/navytr_c_c5e488bb-e859-4e63-9597-b0996bd2cd71.png	https://luonvuituoi.co/products/ao-thun-dai-tay-meme-chu-vịt-muốn-nghỉ-lam	2025-09-29
Lương Cao Thế	Job	Dài tay;Thun	https://cdn.shopify.com/s/files/1/0918/5597/8816/files/tr_ngtr_c_0bd173c1-ae11-4b9b-80df-81c13b126030.png	https://luonvuituoi.co/products/ao-thun-dai-tay-lương-cao-thế	2025-06-20
Help Me	Job	Dài tay;Thun	https://cdn.shopify.com/s/files/1/0918/5597/8816/files/tr_ngtr_c_2be1dae8-02ae-4172-b47e-6de4cc57016d.png	https://luonvuituoi.co/products/ao-thun-dai-tay-help-me	2025-12-31
Graphic Designer	Job	Dài tay;Thun	https://cdn.shopify.com/s/files/1/0918/5597/8816/files/kemtr_c_15d7a27b-cd25-439a-a0b1-5728f6e847c3.png	https://luonvuituoi.co/products/ao-thun-dai-tay-graphic-designer	2025-12-31
Final Pr	Job	Dài tay;Thun	https://cdn.shopify.com/s/files/1/0918/5597/8816/files/tr_ngtr_c_e85a60e4-4f51-4534-ab76-2ce892aec653.png	https://luonvuituoi.co/products/ao-thun-dai-tay-final-pr	2025-08-05
Final Lightroom	Job	Dài tay;Thun	https://cdn.shopify.com/s/files/1/0918/5597/8816/files/tr_ngtr_c_5f492e93-3af8-4de1-9fd3-5f7c12346e48.png	https://luonvuituoi.co/products/ao-thun-dai-tay-final-lightroom	2025-09-03
Final Ai	Job	Dài tay;Thun	https://cdn.shopify.com/s/files/1/0918/5597/8816/files/dentr_c_591b86bb-1ed7-4199-bf2c-146d07b19c2c.png	https://luonvuituoi.co/products/ao-thun-dai-tay-final-ai	2025-08-05
Final Ae	Job	Dài tay;Thun	https://cdn.shopify.com/s/files/1/0918/5597/8816/files/dentr_c_425ec0ac-34b3-4aa1-b354-34cefa2839b4.png	https://luonvuituoi.co/products/ao-thun-dai-tay-final-ae	2025-08-05
Cột Sống Sinh Viên	Job	Dài tay;Thun	https://cdn.shopify.com/s/files/1/0918/5597/8816/files/densau_0905314a-809a-4fde-8178-0f9098030abc.png	https://luonvuituoi.co/products/ao-thun-dai-tay-cột-sống-sinh-vien	2025-09-18
Bật Sếp Tanh Tách	Job	Dài tay;Thun	https://cdn.shopify.com/s/files/1/0918/5597/8816/files/tr_ngsau_c17d5e4b-4266-43a6-a95d-8c7bb96805a9.png	https://luonvuituoi.co/products/ao-thun-dai-tay-bật-sếp-tanh-tach	2025-10-21
Help Me New Year Hoodie	Nghỉ Lễ	Hoodie	https://cdn.shopify.com/s/files/1/0918/5597/8816/files/swtr_ckem_1057ac4f-76dc-4b60-9d07-9f9e8bd9cf23.png	https://luonvuituoi.co/products/help-me-new-year-hoodie	2026-01-20
Sasuke Tamin Sweater	Tuyệt Đối Điện Ảnh	Sweater	https://cdn.shopify.com/s/files/1/0918/5597/8816/files/tr_ngtr_c_488f6886-e377-4ab1-9de6-315694165a53.png	https://luonvuituoi.co/products/sasuke-tamin-sweater	2026-01-20
Naruto Baco Sweater	Tuyệt Đối Điện Ảnh	Sweater	https://cdn.shopify.com/s/files/1/0918/5597/8816/files/tr_ngtr_c_f1108bd3-3c38-4520-b1cb-19ea0b516917.png	https://luonvuituoi.co/products/naruto-baco-sweater	2026-01-20
Faker Is Calling Sweater	Đời Game Thủ	Sweater	https://cdn.shopify.com/s/files/1/0918/5597/8816/files/dentr_c_7d388f9f-a750-4908-8b7b-b42bdf69f3bf.png	https://luonvuituoi.co/products/faker-is-calling-sweater	2026-01-20
Diệt Khổng Lồ Ánh Sáng Sweater	Đời Game Thủ	Sweater	https://cdn.shopify.com/s/files/1/0918/5597/8816/files/dentr_c_2d75aaea-8617-4f90-aca0-43847233d37c.png	https://luonvuituoi.co/products/diệt-khổng-lồ-anh-sang-sweater	2026-01-20
Sasuke Tamin	Tuyệt Đối Điện Ảnh	Thun	https://cdn.shopify.com/s/files/1/0918/5597/8816/files/tr_ngtr_c_de639418-b766-48f7-82a8-fd4633e9a81d.png	https://luonvuituoi.co/products/ao-thun-sasuke-tamin	2026-01-20
Naruto Baco	Tuyệt Đối Điện Ảnh	Thun	https://cdn.shopify.com/s/files/1/0918/5597/8816/files/tr_ngtr_c_aa8a30b4-9ccb-43be-ba73-c5a95d7262f7.png	https://luonvuituoi.co/products/ao-thun-naruto-baco	2026-01-20
Xấu Người Xấu Nết	Lifey Stuff	Dài tay;Thun	https://cdn.shopify.com/s/files/1/0918/5597/8816/files/kemtr_c_3212bf79-45c0-4d75-9948-cee3b9963587.png	https://luonvuituoi.co/products/ao-thun-dai-tay-xấu-người-xấu-nết	2025-08-27
Xấu Người Đẹp Nết	Lifey Stuff	Dài tay;Thun	https://cdn.shopify.com/s/files/1/0918/5597/8816/files/tr_ngtr_c_0cd6ada1-9cea-420e-ba63-5ec58c7e5b94.png	https://luonvuituoi.co/products/ao-thun-dai-tay-xấu-người-dẹp-nết	2025-08-27
Tiệm Tạp Hoá	Lifey Stuff	Dài tay;Thun	https://cdn.shopify.com/s/files/1/0918/5597/8816/files/tr_ngsau_d18c629a-feff-4e5b-bb7a-9cc4be4773c8.png	https://luonvuituoi.co/products/ao-thun-dai-tay-tiệm-tạp-hoa	2025-08-18
Sống Trong Đời Sống	Lifey Stuff	Dài tay;Thun	https://cdn.shopify.com/s/files/1/0918/5597/8816/files/dentr_c_2e6ec736-0e00-4b66-9054-577e0f029781.png	https://luonvuituoi.co/products/ao-thun-dai-tay-sống-trong-dời-sống	2025-08-18
Sai Đẹp Giú	Lifey Stuff	Dài tay;Thun	https://cdn.shopify.com/s/files/1/0918/5597/8816/files/tr_ngtr_c_b2776a8f-3322-4cdc-a302-dcfc99244354.png	https://luonvuituoi.co/products/ao-thun-dai-tay-sai-dẹp-giu	2025-08-18
Sai Đẹp Chill	Lifey Stuff	Dài tay;Thun	https://cdn.shopify.com/s/files/1/0918/5597/8816/files/tr_ngtr_c_48e6b69e-01ab-4af4-851d-cf497e1494ee.png	https://luonvuituoi.co/products/ao-thun-dai-tay-sai-dẹp-chill	2025-08-18
Pussy White Dice	Lifey Stuff	Dài tay;Thun	https://cdn.shopify.com/s/files/1/0918/5597/8816/files/densau_e8ab5cc3-578d-4e03-86f7-aed352acf85b.png	https://luonvuituoi.co/products/ao-thun-dai-tay-pussy-white-dice	2025-08-18
Mắc Tè	Lifey Stuff	Dài tay;Thun	https://cdn.shopify.com/s/files/1/0918/5597/8816/files/kemtr_c_3abd435d-9c79-4068-8a2d-4e55de5e55ea.png	https://luonvuituoi.co/products/ao-thun-dai-tay-mắc-te	2025-08-27
Tôi Tired Bạn Cũng Thế	Lifey Stuff	Dài tay;Thun	https://cdn.shopify.com/s/files/1/0918/5597/8816/files/dentr_c_4893ab4b-94be-495d-a06d-4023222e2715.png	https://luonvuituoi.co/products/ao-thun-dai-tay-toi-tired-bạn-cung-thế	2025-09-06
Trạng Thái Của Tôi Lúc Này	Lifey Stuff	Dài tay;Thun	https://cdn.shopify.com/s/files/1/0918/5597/8816/files/dentr_c_ed98c4e9-6e74-4210-ab7b-9d780686a26c.png	https://luonvuituoi.co/products/ao-thun-dai-tay-trạng-thai-của-toi-luc-nay	2025-08-30
Tôi Tài Giỏi Bạn Cũng Cũng	Lifey Stuff	Dài tay;Thun	https://cdn.shopify.com/s/files/1/0918/5597/8816/files/tr_ngtr_c_08387ef5-67b2-45b5-9810-a8e5c4c0ba74.png	https://luonvuituoi.co/products/ao-thun-dai-tay-toi-tai-giỏi-bạn-cung-cung	2025-08-30
Sunday Vibes	Lifey Stuff	Dài tay;Thun	https://cdn.shopify.com/s/files/1/0918/5597/8816/files/kemtr_c_0e146089-9f37-4f53-99a3-464d4f30051c.png	https://luonvuituoi.co/products/ao-thun-dai-tay-sunday-vibes	2025-09-06
Sợ NY	Lifey Stuff	Dài tay;Thun	https://cdn.shopify.com/s/files/1/0918/5597/8816/files/tr_ngtr_c_a4bc99b9-e565-41c2-a078-0b6e6c9d3b0c.png	https://luonvuituoi.co/products/ao-thun-dai-tay-sợ-ny	2026-01-14
LGBT	Lifey Stuff	Dài tay;Thun	https://cdn.shopify.com/s/files/1/0918/5597/8816/files/tr_ngtr_c_cfe0ff0d-faa7-4452-8bf6-c4c5f9822f0f.png	https://luonvuituoi.co/products/ao-thun-dai-tay-lgbt	2025-09-04
I_m Busy	Lifey Stuff	Dài tay;Thun	https://cdn.shopify.com/s/files/1/0918/5597/8816/files/kemtr_c_abd202d9-46c3-460a-ab6e-be2036a4cc61.png	https://luonvuituoi.co/products/ao-thun-dai-tay-i_m-busy	2025-09-06
Đứa Trẻ Vô Tư Năm Ấy	Lifey Stuff	Dài tay;Thun	https://cdn.shopify.com/s/files/1/0918/5597/8816/files/dentr_c_d937bc64-0a57-440a-86e6-4b87fe3f40bb.png	https://luonvuituoi.co/products/ao-thun-dai-tay-dứa-trẻ-vo-tư-nam-ấy	2025-09-06
Don't Think About Tomorrow	Lifey Stuff	Dài tay;Thun	https://cdn.shopify.com/s/files/1/0918/5597/8816/files/navytr_c_ff299642-95f8-4bd1-92cf-f1cad1f1dcf5.png	https://luonvuituoi.co/products/ao-thun-dai-tay-dont-think-about-tomorrow	2025-09-06
CLGT	Lifey Stuff	Dài tay;Thun	https://cdn.shopify.com/s/files/1/0918/5597/8816/files/dentr_c_fbe578b1-1cb9-4892-8188-4cc4ad32ebd0.png	https://luonvuituoi.co/products/ao-thun-dai-tay-clgt	2025-09-04
Chuẩn Bị Gầy	Lifey Stuff	Dài tay;Thun	https://cdn.shopify.com/s/files/1/0918/5597/8816/files/tr_ngtr_c_fd88d6fb-3bf6-435e-a093-58036c88cf9e.png	https://luonvuituoi.co/products/ao-thun-dai-tay-chuẩn-bị-gầy	2025-10-07
Chín Bỏ Vào Mồm	Lifey Stuff	Dài tay;Thun	https://cdn.shopify.com/s/files/1/0918/5597/8816/files/dentr_c_5d84a126-c13a-4582-990d-4a5717725e30.png	https://luonvuituoi.co/products/ao-thun-dai-tay-chin-bỏ-vao-mồm	2025-09-09
Câm Mồm	Lifey Stuff	Dài tay;Thun	https://cdn.shopify.com/s/files/1/0918/5597/8816/files/tr_ngtr_c_564727de-0abb-48ef-b1ff-14c634b7c1cb.png	https://luonvuituoi.co/products/ao-thun-dai-tay-cam-mồm	2026-01-14
BDSM	Lifey Stuff	Dài tay;Thun	https://cdn.shopify.com/s/files/1/0918/5597/8816/files/tr_ngtr_c_378c4949-6e28-44bb-b16e-c723946961bf.png	https://luonvuituoi.co/products/ao-thun-dai-tay-bdsm	2025-09-04
Áo đẹp bền vững	Lifey Stuff	Dài tay;Thun	https://cdn.shopify.com/s/files/1/0918/5597/8816/files/kemtr_c_e722ef13-148d-4c7b-857d-f6d52576c62f.png	https://luonvuituoi.co/products/ao-thun-dai-tay-ao-dẹp-bền-vững	2025-09-06
Về Nhà Ăn Tết	Nghỉ Lễ	Dài tay;Thun	https://cdn.shopify.com/s/files/1/0918/5597/8816/files/kemsau_55c9b089-523f-42ad-8475-8916ff594df4.png	https://luonvuituoi.co/products/ao-thun-dai-tay-về-nha-an-tết	2026-01-12
Tiền Vào Như Nước	Nghỉ Lễ	Dài tay;Thun	https://cdn.shopify.com/s/files/1/0918/5597/8816/files/dentr_c_e5b69ea4-1823-4178-96bb-0630a30d47a7.png	https://luonvuituoi.co/products/ao-thun-dai-tay-tiền-vao-như-nước	2026-01-08
Tài Lộc Chọn Bạn	Nghỉ Lễ	Dài tay;Thun	https://cdn.shopify.com/s/files/1/0918/5597/8816/files/dentr_c_0f3dcb61-0ac4-4abc-ac6f-dfb25ad96797.png	https://luonvuituoi.co/products/ao-thun-dai-tay-tai-lộc-chọn-bạn	2026-01-08
Ngồi Trên Đống Tiền	Nghỉ Lễ	Dài tay;Thun	https://cdn.shopify.com/s/files/1/0918/5597/8816/files/dentr_c_375f373d-a685-4579-a15c-7833cc03cb0a.png	https://luonvuituoi.co/products/ao-thun-dai-tay-ngồi-tren-dống-tiền	2026-01-08
Năm Mới Vui Vẻ	Nghỉ Lễ	Dài tay;Thun	https://cdn.shopify.com/s/files/1/0918/5597/8816/files/tr_ngtr_c_cf1a0fce-dce1-4551-949c-10ac8714f9ed.png	https://luonvuituoi.co/products/ao-thun-dai-tay-nam-mới-vui-vẻ	2026-01-08
Năm Mới Phát Tài	Nghỉ Lễ	Dài tay;Thun	https://cdn.shopify.com/s/files/1/0918/5597/8816/files/kemtr_c_46391281-10e5-46b9-adb1-acc60232a419.png	https://luonvuituoi.co/products/ao-thun-dai-tay-nam-mới-phat-tai	2026-01-08
Mang Tiền Về Cho Mẹ	Nghỉ Lễ	Dài tay;Thun	https://cdn.shopify.com/s/files/1/0918/5597/8816/files/densau_336f6d44-2713-4a1b-9853-cd98fd21c2cf.png	https://luonvuituoi.co/products/ao-thun-dai-tay-mang-tiền-về-cho-mẹ	2026-01-12
Lì Xì Tới	Nghỉ Lễ	Dài tay;Thun	https://cdn.shopify.com/s/files/1/0918/5597/8816/files/dentr_c_20e757c6-d4a7-4cec-bff3-db667ec28634.png	https://luonvuituoi.co/products/ao-thun-dai-tay-li-xi-tới	2026-01-08
Đỏ Tình Đỏ Bạc	Nghỉ Lễ	Dài tay;Thun	https://cdn.shopify.com/s/files/1/0918/5597/8816/files/kemtr_c_f6f74175-5534-4ab5-a6d9-fb1149d709ce.png	https://luonvuituoi.co/products/ao-thun-dai-tay-dỏ-tinh-dỏ-bạc	2026-01-13
Đen Tình Đỏ Bạc	Nghỉ Lễ	Dài tay;Thun	https://cdn.shopify.com/s/files/1/0918/5597/8816/files/dentr_c_f82fc8cc-8f3f-4548-bae3-670a2640d5ac.png	https://luonvuituoi.co/products/ao-thun-dai-tay-den-tinh-dỏ-bạc	2026-01-13
5 Tiền 3 Sao Hoodie	Đời Game Thủ	Hoodie	https://cdn.shopify.com/s/files/1/0918/5597/8816/files/kemsau_e755cb2f-67c7-4369-b0cd-b77ce00ef3b9.png	https://luonvuituoi.co/products/5-tiền-3-sao-hoodie	2026-01-14
Winner Winner Chicken Dinner Hoodie	Đời Game Thủ	Hoodie	https://cdn.shopify.com/s/files/1/0918/5597/8816/files/densau_0154b0dc-8d80-40c9-9bd2-0b09fef2980c.png	https://luonvuituoi.co/products/winner-winner-chicken-dinner-hoodie-1	2025-12-12
Top Tier Hoodie	Đời Game Thủ	Hoodie	https://cdn.shopify.com/s/files/1/0918/5597/8816/files/densau_17d588e4-b2ba-46b6-955b-db62c488618b.png	https://luonvuituoi.co/products/top-tier-hoodie	2026-01-14
Top 1 Winner Hoodie	Đời Game Thủ	Hoodie	https://cdn.shopify.com/s/files/1/0918/5597/8816/files/densau_bc564d00-6315-4c26-a4db-c24ea6ea981d.png	https://luonvuituoi.co/products/top-1-winner-hoodie	2026-01-14
Slay Demacia Hoodie	Đời Game Thủ	Hoodie	https://cdn.shopify.com/s/files/1/0918/5597/8816/files/densau_08e779c8-eee1-47b8-a261-e6faa4bedcf5.png	https://luonvuituoi.co/products/slay-demacia-hoodie	2026-01-14
Slay Boss Hoodie	Đời Game Thủ	Hoodie	https://cdn.shopify.com/s/files/1/0918/5597/8816/files/densau_69e12af1-b36c-4d37-9fba-94eb09e90574.png	https://luonvuituoi.co/products/slay-boss-hoodie	2026-01-14
Phá Đảo Hoodie	Đời Game Thủ	Hoodie	https://cdn.shopify.com/s/files/1/0918/5597/8816/files/dentr_c_42db2358-e164-419f-95d0-25bee33ae472.png	https://luonvuituoi.co/products/pha-dảo-hoodie	2026-01-14
Only Teamfight Tactics Hoodie	Đời Game Thủ	Hoodie	https://cdn.shopify.com/s/files/1/0918/5597/8816/files/kemtr_c_29c75653-1211-48d6-ae62-af95c14a470f.png	https://luonvuituoi.co/products/only-teamfight-tactics-hoodie	2026-01-14
Only League Of Legends Hoodie	Đời Game Thủ	Hoodie	https://cdn.shopify.com/s/files/1/0918/5597/8816/files/navytr_c_a24247fd-3c8f-47ad-be7b-0b9361002776.png	https://luonvuituoi.co/products/only-league-of-legends-hoodie	2026-01-14
Only Aram Hoodie	Đời Game Thủ	Hoodie	https://cdn.shopify.com/s/files/1/0918/5597/8816/files/dentr_c_8ab2abb6-41b3-4eaa-bd04-5f2c751f745b.png	https://luonvuituoi.co/products/only-aram-hoodie	2026-01-14
Jungler I Like Bushes Hoodie	Đời Game Thủ	Hoodie	https://cdn.shopify.com/s/files/1/0918/5597/8816/files/tr_ngsau_c49ce690-61cb-4ad3-8a6a-90eed72b966e.png	https://luonvuituoi.co/products/jungler-i-like-bushes-hoodie	2026-01-14
Ez Game Hoodie	Đời Game Thủ	Hoodie	https://cdn.shopify.com/s/files/1/0918/5597/8816/files/tr_ngtr_c_f3fa87ac-2604-44e5-bfbd-ed1fdeda7bee.png	https://luonvuituoi.co/products/ez-game-hoodie	2026-01-14
Best Yasuo Hoodie	Đời Game Thủ	Hoodie	https://cdn.shopify.com/s/files/1/0918/5597/8816/files/densau_2a1f391f-7aae-4b7e-b02b-630c5c2469a6.png	https://luonvuituoi.co/products/best-yasuo-hoodie	2026-01-14
Help Me New Year 2	Nghỉ Lễ	Dài tay;Thun	https://cdn.shopify.com/s/files/1/0918/5597/8816/files/kemtr_c_26c452d5-8ca5-461b-ae52-51c2decdeeaa.png	https://luonvuituoi.co/products/ao-thun-dai-tay-help-me-new-year-2	2026-01-12
Help Me New Year	Nghỉ Lễ	Dài tay;Thun	https://cdn.shopify.com/s/files/1/0918/5597/8816/files/kemtr_c_6351dde7-3d91-4f3d-aa48-36251b71b9b4.png	https://luonvuituoi.co/products/ao-thun-dai-tay-help-me-new-year	2026-01-02
Beauty With Brain	Lifey Stuff	Dài tay;Thun	https://cdn.shopify.com/s/files/1/0918/5597/8816/files/tr_ngtr_c_3c6caa3f-94af-4816-a7cf-98f4d0494055.png	https://luonvuituoi.co/products/ao-thun-dai-tay-beauty-with-brain	2025-12-26
Không Phận Sự Miễn Góp Ý	Lifey Stuff	Dài tay;Thun	https://cdn.shopify.com/s/files/1/0918/5597/8816/files/tr_ngsau_fad657df-933f-4ce5-8726-b5f45dd7019e.png	https://luonvuituoi.co/products/ao-thun-dai-tay-khong-phận-sự-miễn-gop-y	2025-12-02
Cái Gì	Lifey Stuff	Dài tay;Thun	https://cdn.shopify.com/s/files/1/0918/5597/8816/files/dentr_c_09c43824-2932-4ecf-bf8d-5631870cbb65.png	https://luonvuituoi.co/products/ao-thun-dai-tay-cai-gi	2025-12-02
No Money	Lifey Stuff	Dài tay;Thun	https://cdn.shopify.com/s/files/1/0918/5597/8816/files/dentr_c_0ca8b059-4b0f-4d6f-910a-db3459741000.png	https://luonvuituoi.co/products/ao-thun-dai-tay-no-money	2025-11-26
Đẹp Gái Làm Ơn Đừng Có Buồn	Lifey Stuff	Dài tay;Thun	https://cdn.shopify.com/s/files/1/0918/5597/8816/files/kemtr_c_fda18fce-a861-4b37-ba3e-98238b5fa3a0.png	https://luonvuituoi.co/products/ao-thun-dai-tay-dẹp-gai-lam-ơn-dừng-co-buồn	2025-10-20
Trời Đánh Tránh Người Xink	Lifey Stuff	Dài tay;Thun	https://cdn.shopify.com/s/files/1/0918/5597/8816/files/dentr_c_d506b2eb-7868-4b7b-ac37-afd8fe78ecce.png	https://luonvuituoi.co/products/ao-thun-dai-tay-trời-danh-tranh-người-xink	2025-10-18
Hướng Ngoại Partime	Lifey Stuff	Dài tay	https://cdn.shopify.com/s/files/1/0918/5597/8816/files/kemtr_c_f7de96a5-5dc1-48f6-bda3-e95b3a4004ea.png	https://luonvuituoi.co/products/ao-thun-dai-tay-hướng-ngoại-partime	2026-01-10
Hướng Nội Partime	Lifey Stuff	Dài tay	https://cdn.shopify.com/s/files/1/0918/5597/8816/files/kemtr_c_2061b341-d1cc-4d28-8ac3-b2749ee41151.png	https://luonvuituoi.co/products/ao-thun-dai-tay-hướng-nội-partime	2026-01-10
Trai Đẹp	Lifey Stuff	Dài tay;Thun	https://cdn.shopify.com/s/files/1/0918/5597/8816/files/dentr_c_e19f2a43-e749-4f6b-948d-a1d95c66ea2c.png	https://luonvuituoi.co/products/ao-thun-dai-tay-trai-dẹp	2025-12-30
Ổn Lòi Lìa	Lifey Stuff	Dài tay;Thun	https://cdn.shopify.com/s/files/1/0918/5597/8816/files/tr_ngtr_c_a2584da6-a55c-4359-9aa0-9c6c9223abcc.png	https://luonvuituoi.co/products/ao-thun-dai-tay-ổn-loi-lia	2025-10-15
Chủ Nhân Của Bảo Kiếm	Lifey Stuff	Dài tay;Thun	https://cdn.shopify.com/s/files/1/0918/5597/8816/files/dentr_c_310065c0-25d8-48e9-bc20-f70ff6348ce9.png	https://luonvuituoi.co/products/ao-thun-dai-tay-chủ-nhan-của-bảo-kiếm	2025-10-15
Alway Right	Lifey Stuff	Dài tay;Thun	https://cdn.shopify.com/s/files/1/0918/5597/8816/files/kemtr_c_7a856cfa-6b2c-499c-aabe-5cd7da01157c.png	https://luonvuituoi.co/products/ao-thun-dai-tay-alway-right	2025-10-11
Xà Quần	Animal Circus	Dài tay;Thun	https://cdn.shopify.com/s/files/1/0918/5597/8816/files/tr_ngtr_c_fd80e718-6116-4408-8893-7733adbe4058.png	https://luonvuituoi.co/products/ao-thun-dai-tay-xa-quần	2025-06-17
Thân Cận	Animal Circus	Dài tay;Thun	https://cdn.shopify.com/s/files/1/0918/5597/8816/files/dentr_c_cb9924aa-7895-4264-9282-abb4116edcaf.png	https://luonvuituoi.co/products/ao-thun-dai-tay-than-cận	2025-06-17
LIVE LIKE A DOG	Animal Circus	Dài tay;Thun	https://cdn.shopify.com/s/files/1/0918/5597/8816/files/kemtr_c_862b66ba-9f90-4ad6-b0b9-1ee885090fe5.png	https://luonvuituoi.co/products/ao-thun-dai-tay-live-like-a-dog	2025-06-17
Fly Like A Beagle	Animal Circus	Dài tay;Thun	https://cdn.shopify.com/s/files/1/0918/5597/8816/files/tr_ngtr_c_a2b707db-c794-40d2-a5ff-e93051d5f9c8.png	https://luonvuituoi.co/products/ao-thun-dai-tay-fly-like-a-beagle	2025-06-17
Feeling Unproducktive	Animal Circus	Dài tay;Thun	https://cdn.shopify.com/s/files/1/0918/5597/8816/files/kemtr_c_bba69391-cca6-4d55-a85e-0ba877e1008a.png	https://luonvuituoi.co/products/ao-thun-dai-tay-feeling-unproducktive	2025-06-17
Em Bé Duck	Animal Circus	Dài tay;Thun	https://cdn.shopify.com/s/files/1/0918/5597/8816/files/kemtr_c_cbb5f6a3-e536-46b2-b220-94a3ea9573c0.png	https://luonvuituoi.co/products/ao-thun-dai-tay-em-be-duck	2025-06-18
Dog Days Of Summer	Animal Circus	Dài tay;Thun	https://cdn.shopify.com/s/files/1/0918/5597/8816/files/tr_ngtr_c_7659be98-6968-43c7-bc0a-008c8494be8a.png	https://luonvuituoi.co/products/ao-thun-dai-tay-dog-days-of-summer	2025-06-17
Chó Săn Mồi	Animal Circus	Dài tay;Thun	https://cdn.shopify.com/s/files/1/0918/5597/8816/files/dentr_c_fb0b0a76-edcb-48e9-aeef-9715c613321f.png	https://luonvuituoi.co/products/ao-thun-dai-tay-cho-san-mồi	2025-06-17
Năm Qua Tui Đã	Nghỉ Lễ	Dài tay;Thun	https://cdn.shopify.com/s/files/1/0918/5597/8816/files/densau_73a4998b-c691-4e82-8121-35df3b873d36.png	https://luonvuituoi.co/products/ao-thun-dai-tay-nam-qua-tui-da	2026-01-09
Năm Qua Tui Đã Hoodie	Nghỉ Lễ	Hoodie	https://cdn.shopify.com/s/files/1/0918/5597/8816/files/densau_bce49da7-da19-465e-9992-548e56541243.png	https://luonvuituoi.co/products/nam-qua-tui-da-hoodie	2026-01-10
Năm Qua Tui Đã Sweater	Nghỉ Lễ	Sweater	https://cdn.shopify.com/s/files/1/0918/5597/8816/files/densau_69766395-cf3c-42c3-9be2-89cada3b1f35.png	https://luonvuituoi.co/products/nam-qua-tui-da-sweater	2026-01-10
You Just Can Do It Dog	Animal Circus	Dài tay;Thun	https://cdn.shopify.com/s/files/1/0918/5597/8816/files/kemtr_c_263b75cb-ea27-4186-802c-5b1206c3e0b9.png	https://luonvuituoi.co/products/ao-thun-dai-tay-you-just-can-do-it-dog	2025-06-20
The Beagles	Animal Circus	Dài tay;Thun	https://cdn.shopify.com/s/files/1/0918/5597/8816/files/dentr_c_26da298e-061e-4d8e-85d0-d37e03345f89.png	https://luonvuituoi.co/products/ao-thun-dai-tay-the-beagles	2025-06-19
Rockin Out Raccoon	Animal Circus	Dài tay;Thun	https://cdn.shopify.com/s/files/1/0918/5597/8816/files/kemtr_c_54c17bb8-a442-465f-8720-41e5864c6fb4.png	https://luonvuituoi.co/products/ao-thun-dai-tay-rockin-out-raccoon	2025-06-20
Retro Cat Y2K	Animal Circus	Dài tay;Thun	https://cdn.shopify.com/s/files/1/0918/5597/8816/files/dentr_c_a35b6b33-ab46-4a7a-b19f-de316fbdcdc8.png	https://luonvuituoi.co/products/ao-thun-dai-tay-retro-cat-y2k	2025-06-20
Funny Bull Dog	Animal Circus	Dài tay	https://cdn.shopify.com/s/files/1/0918/5597/8816/files/tr_ngtr_c_df1f02f0-a563-4543-924e-a6bfa9f8e65c.png	https://luonvuituoi.co/products/ao-thun-dai-tay-funny-bull-dog	2026-01-10
Ducking Motherquacker	Animal Circus	Dài tay;Thun	https://cdn.shopify.com/s/files/1/0918/5597/8816/files/tr_ngtr_c_834db7e5-3d58-46f5-a81a-501960ef92b4.png	https://luonvuituoi.co/products/ao-thun-dai-tay-ducking-motherquacker	2025-06-20
Don't Panic It's Organic Cat	Animal Circus	Dài tay;Thun	https://cdn.shopify.com/s/files/1/0918/5597/8816/files/dentr_c_3373efd0-bf49-42c7-bd1e-deb1f73680b3.png	https://luonvuituoi.co/products/ao-thun-dai-tay-dont-panic-its-organic-cat	2025-06-20
Don't Duck With Me	Animal Circus	Dài tay;Thun	https://cdn.shopify.com/s/files/1/0918/5597/8816/files/densau_51c51410-83d1-47be-9d26-bb8d966ebe3d.png	https://luonvuituoi.co/products/ao-thun-dai-tay-dont-duck-with-me	2025-10-21
Cool Cat	Animal Circus	Dài tay;Thun	https://cdn.shopify.com/s/files/1/0918/5597/8816/files/dentr_c_38c6fd35-9486-4fc3-9404-b9c6311daaf0.png	https://luonvuituoi.co/products/ao-thun-dai-tay-cool-cat	2025-06-20
Cay Cú	Animal Circus	Dài tay;Thun	https://cdn.shopify.com/s/files/1/0918/5597/8816/files/kemtr_c_9d59e511-591a-40cc-ab27-4d340698f187.png	https://luonvuituoi.co/products/ao-thun-dai-tay-cay-cu	2025-06-20
Cat Skate	Animal Circus	Dài tay;Thun	https://cdn.shopify.com/s/files/1/0918/5597/8816/files/dentr_c_d5190d83-44af-43c3-a16d-987d67fe3164.png	https://luonvuituoi.co/products/ao-thun-dai-tay-cat-skate	2025-06-20
Black Dog	Animal Circus	Dài tay	https://cdn.shopify.com/s/files/1/0918/5597/8816/files/dentr_c_ee350cdf-4206-469c-af49-ae63573dff61.png	https://luonvuituoi.co/products/ao-thun-dai-tay-black-dog	2026-01-10
Hàng Việt Nam Chất Lượng Cao Sweater	Vietnamese Culture	Sweater	https://cdn.shopify.com/s/files/1/0918/5597/8816/files/tr_ngtr_c_470eebdf-6734-49ec-8c21-7145c56c4de9.png	https://luonvuituoi.co/products/hang-việt-nam-chất-lượng-cao-sweater	2026-01-09
Hàng Tồn Kho Sweater	Vietnamese Culture	Sweater	https://cdn.shopify.com/s/files/1/0918/5597/8816/files/tr_ngtr_c_1c95a82e-16aa-417b-b592-9b86dee59763.png	https://luonvuituoi.co/products/hang-tồn-kho-sweater	2026-01-09
Hàng Nóng Sweater	Vietnamese Culture	Sweater	https://cdn.shopify.com/s/files/1/0918/5597/8816/files/tr_ngtr_c_b1778e31-cf77-49ee-8045-c4c2e2abe576.png	https://luonvuituoi.co/products/hang-nong-sweater	2026-01-09
Hàng Limited Sweater	Vietnamese Culture	Sweater	https://cdn.shopify.com/s/files/1/0918/5597/8816/files/kemtr_c_3b011872-b539-42a6-b30b-812de5a81175.png	https://luonvuituoi.co/products/hang-limited-sweater	2026-01-09
Hàng Khủng Sweater	Vietnamese Culture	Sweater	https://cdn.shopify.com/s/files/1/0918/5597/8816/files/kemtr_c_8ae47564-b43c-4b87-8e2a-f8c5ce855ad7.png	https://luonvuituoi.co/products/hang-khủng-sweater	2026-01-09
Hàng Hiếm Sweater	Vietnamese Culture	Sweater	https://cdn.shopify.com/s/files/1/0918/5597/8816/files/dentr_c_da7b5610-2c6b-4af9-8334-d09da8c31ed9.png	https://luonvuituoi.co/products/hang-hiếm-sweater	2026-01-09
Hàng Độc Quyền Sweater	Vietnamese Culture	Sweater	https://cdn.shopify.com/s/files/1/0918/5597/8816/files/dentr_c_cd63f043-34bb-4256-b551-9eca82132277.png	https://luonvuituoi.co/products/hang-dộc-quyền-sweater	2026-01-09
Hàng Dễ Vỡ Sweater	Vietnamese Culture;Lifey Stuff;Love Bites	Sweater	https://cdn.shopify.com/s/files/1/0918/5597/8816/files/h_ngtr_c_38871d5e-0ef9-48bc-b6f2-e02e5fd65d4a.png	https://luonvuituoi.co/products/hang-dễ-vỡ-sweater-1	2025-10-28
Only Aram Sweater	Đời Game Thủ	Sweater	https://cdn.shopify.com/s/files/1/0918/5597/8816/files/dentr_c_f11d48b2-5be0-48aa-b657-bf3fdfc396a5.png	https://luonvuituoi.co/products/only-aram-sweater	2026-01-09
Trẻ Không Chơi	Trơi Bời	Dài tay;Thun	https://cdn.shopify.com/s/files/1/0918/5597/8816/files/densau_1844b678-b622-42eb-8893-97e0ee28213b.png	https://luonvuituoi.co/products/ao-thun-dai-tay-trẻ-khong-chơi	2025-08-01
Nobody Care	Trơi Bời	Dài tay;Thun	https://cdn.shopify.com/s/files/1/0918/5597/8816/files/kemsau_0906c0c5-ffc1-41d2-935c-1c75a8f563e9.png	https://luonvuituoi.co/products/ao-thun-dai-tay-nobody-care	2025-07-25
Đường Đua Tốn Gái	Trơi Bời	Dài tay;Thun	https://cdn.shopify.com/s/files/1/0918/5597/8816/files/densau_03683c51-dc1c-4d26-9642-d9cbdde8ffcd.png	https://luonvuituoi.co/products/ao-thun-dai-tay-dường-dua-tốn-gai	2025-08-01
Công Chúa Bong Bóng	Trơi Bời	Dài tay;Thun	https://cdn.shopify.com/s/files/1/0918/5597/8816/files/dentr_c_40f5aec8-7d95-41e3-b2a8-f87445be50dd.png	https://luonvuituoi.co/products/ao-thun-dai-tay-cong-chua-bong-bong	2025-07-31
Thợ Săn Tiểu Tiên Nữ	Trơi Bời	Dài tay;Thun	https://cdn.shopify.com/s/files/1/0918/5597/8816/files/densau_af6d1e67-d648-4662-bc4d-180239fe2726.png	https://luonvuituoi.co/products/ao-thun-dai-tay-thợ-san-tiểu-tien-nữ	2025-08-09
Thợ Săn Thái Tử	Trơi Bời	Dài tay;Thun	https://cdn.shopify.com/s/files/1/0918/5597/8816/files/densau_1ba14489-ae1d-4e71-9b22-8f77a6466962.png	https://luonvuituoi.co/products/ao-thun-dai-tay-thợ-san-thai-tử	2025-08-09
Thợ Săn Nhị Lang Thần	Trơi Bời	Dài tay;Thun	https://cdn.shopify.com/s/files/1/0918/5597/8816/files/densau_227b854d-f2ad-4494-bbf5-7a5865f37be6.png	https://luonvuituoi.co/products/ao-thun-dai-tay-thợ-san-nhị-lang-thần	2025-08-09
Thợ Săn Ngưu Ma Vương	Trơi Bời	Dài tay;Thun	https://cdn.shopify.com/s/files/1/0918/5597/8816/files/densau_62dd221f-de8e-49f9-8243-f1bff25877cf.png	https://luonvuituoi.co/products/ao-thun-dai-tay-thợ-san-ngưu-ma-vương	2025-08-09
Vắt Cực Khô	Trơi Bời	Dài tay;Thun	https://cdn.shopify.com/s/files/1/0918/5597/8816/files/dentr_c_89734f97-c5d7-49dd-b5e3-661b30eb574c.png	https://luonvuituoi.co/products/ao-thun-dai-tay-vắt-cực-kho	2025-09-18
Vào Bar Ra Nhạc	Trơi Bời	Dài tay;Thun	https://cdn.shopify.com/s/files/1/0918/5597/8816/files/densau_0baea94e-584c-4316-a238-5e5a8b1a87a4.png	https://luonvuituoi.co/products/ao-thun-dai-tay-vao-bar-ra-nhạc	2025-10-04
Nỉ Bông Luôn Vui Tươi Basic	Soft Routine	Hoodie;Sweater	https://cdn.shopify.com/s/files/1/0918/5597/8816/files/tr_ngtr_c_7d7bd619-0d85-4f0b-90bb-5282ceffb906.png	https://luonvuituoi.co/products/ao-hoodie-nỉ-bong-luon-vui-tươi-basic	2026-01-09
Trai Tài Gái Xỉu 2	Trơi Bời	Dài tay;Thun	https://cdn.shopify.com/s/files/1/0918/5597/8816/files/densau_e6778d6e-e18e-4295-98e6-c7e89b6b9824.png	https://luonvuituoi.co/products/ao-thun-dai-tay-trai-tai-gai-xỉu-2	2025-09-18
Trai Dân Tổ	Trơi Bời	Dài tay;Thun	https://cdn.shopify.com/s/files/1/0918/5597/8816/files/dentr_c_8b1a6f7d-b48c-4647-bc06-2b208a39fe0b.png	https://luonvuituoi.co/products/ao-thun-dai-tay-trai-dan-tổ	2025-09-09
Thấy Lỗ Là Bắn	Trơi Bời	Dài tay;Thun	https://cdn.shopify.com/s/files/1/0918/5597/8816/files/densau_a70de1d9-b2a0-43f3-a95c-d5ca93fa56a8.png	https://luonvuituoi.co/products/ao-thun-dai-tay-thấy-lỗ-la-bắn	2025-09-09
Tâm Con Không Ác	Trơi Bời	Dài tay;Thun	https://cdn.shopify.com/s/files/1/0918/5597/8816/files/densau_f0655ab1-a9f9-4e13-9aaf-a2fa8a3d304b.png	https://luonvuituoi.co/products/ao-thun-dai-tay-tam-con-khong-ac	2025-09-18
Quên Cái Cần Nhớ	Trơi Bời	Dài tay;Thun	https://cdn.shopify.com/s/files/1/0918/5597/8816/files/tr_ngsau_c649aff2-2156-43a7-a207-cf62cede97b6.png	https://luonvuituoi.co/products/ao-thun-dai-tay-quen-cai-cần-nhớ	2025-08-01
Pool Hub	Trơi Bời	Dài tay;Thun	https://cdn.shopify.com/s/files/1/0918/5597/8816/files/tr_ngtr_c_4b00955c-3397-4c49-86ec-b2f5a60053bf.png	https://luonvuituoi.co/products/ao-thun-dai-tay-pool-hub	2025-10-15
Người Việt Bay	Trơi Bời	Dài tay;Thun	https://cdn.shopify.com/s/files/1/0918/5597/8816/files/densau_b0058b5a-7831-4d48-8400-cf356df2d7b1.png	https://luonvuituoi.co/products/ao-thun-dai-tay-người-việt-bay	2025-09-10
Người Chơi Hệ Hoả	Trơi Bời	Dài tay;Thun	https://cdn.shopify.com/s/files/1/0918/5597/8816/files/tr_ngsau_575376b4-22d3-464c-8c8f-a3398f84f176.png	https://luonvuituoi.co/products/ao-thun-dai-tay-người-chơi-hệ-hoả	2025-08-09
Luôn Là Người May Mắn	Trơi Bời	Dài tay;Thun	https://cdn.shopify.com/s/files/1/0918/5597/8816/files/tr_ngtr_c_24162c7f-bb2a-4cc4-8ce5-1d341d59c0d3.png	https://luonvuituoi.co/products/ao-thun-dai-tay-luon-la-người-may-mắn	2025-09-18
Lái Bia Rượu	Trơi Bời	Dài tay;Thun	https://cdn.shopify.com/s/files/1/0918/5597/8816/files/kemtr_c_f6f9c40f-071f-4ee3-95c4-fa376925ac40.png	https://luonvuituoi.co/products/ao-thun-dai-tay-lai-bia-rượu	2025-08-09
Đứng Núi Này Trông Núi Nọ	Trơi Bời	Dài tay;Thun	https://cdn.shopify.com/s/files/1/0918/5597/8816/files/tr_ngtr_c_9a29472b-3579-4acc-9382-6ad144ce011b.png	https://luonvuituoi.co/products/ao-thun-dai-tay-dứng-nui-nay-trong-nui-nọ	2025-09-12
Đứng Núi Này Trông Núi Nọ 2	Trơi Bời	Dài tay;Thun	https://cdn.shopify.com/s/files/1/0918/5597/8816/files/dentr_c_5193f629-73e2-4aa3-aca2-090e9b93f8a3.png	https://luonvuituoi.co/products/ao-thun-dai-tay-dứng-nui-nay-trong-nui-nọ-2	2025-09-25
Dân Tổ Việt - Nơi Tình Yêu Bốc Đầu	Trơi Bời	Dài tay;Thun	https://cdn.shopify.com/s/files/1/0918/5597/8816/files/tr_ngsau_a96dbd09-a168-4b87-88f1-9908d3efd948.png	https://luonvuituoi.co/products/ao-thun-dai-tay-dan-tổ-việt-nơi-tinh-yeu-bốc-dầu	2025-08-11
Còn Cái Nịt	Trơi Bời	Dài tay;Thun	https://cdn.shopify.com/s/files/1/0918/5597/8816/files/densau_40e654a0-15fb-4c56-8701-ca1083f430d4.png	https://luonvuituoi.co/products/ao-thun-dai-tay-con-cai-nịt	2025-09-10
Bật Chế Độ Bay Lên	Trơi Bời	Dài tay;Thun	https://cdn.shopify.com/s/files/1/0918/5597/8816/files/dentr_c_2ee7930e-cac0-4480-905c-1bf13c9c24d6.png	https://luonvuituoi.co/products/ao-thun-dai-tay-bật-chế-dộ-bay-len	2025-09-10
Bản Đôn Chề	Trơi Bời	Dài tay;Thun	https://cdn.shopify.com/s/files/1/0918/5597/8816/files/densau_1edd471b-7a1a-4a5c-99ad-29cb980fe230.png	https://luonvuituoi.co/products/ao-thun-dai-tay-bản-don-chề	2025-08-18
Aura Farming	Trơi Bời	Dài tay;Thun	https://cdn.shopify.com/s/files/1/0918/5597/8816/files/dentr_c_8b9da237-9aed-4f22-8045-12d9fefdbb8e.png	https://luonvuituoi.co/products/ao-thun-dai-tay-aura-farming	2025-12-05
Tiệm Gà 2 Anh Em	Tuyệt Đối Điện Ảnh	Dài tay;Thun	https://cdn.shopify.com/s/files/1/0918/5597/8816/files/tr_ngtr_c_aaf5319f-d530-4657-a1eb-ed387f9d5f42.png	https://luonvuituoi.co/products/ao-thun-dai-tay-tiệm-ga-2-anh-em	2025-09-09
Sigma Boy	Tuyệt Đối Điện Ảnh	Dài tay;Thun	https://cdn.shopify.com/s/files/1/0918/5597/8816/files/dentr_c_196e7873-100b-4e19-b458-3b98709fb829.png	https://luonvuituoi.co/products/ao-thun-dai-tay-sigma-boy	2025-10-11
Ông Bô Mẽo	Tuyệt Đối Điện Ảnh	Dài tay;Thun	https://cdn.shopify.com/s/files/1/0918/5597/8816/files/kemsau_4564a9a1-5167-4a13-ba60-b6c3f7b9a269.png	https://luonvuituoi.co/products/ao-thun-dai-tay-ong-bo-mẽo	2025-11-28
Người Đàn Ông Gia Trưởng	Tuyệt Đối Điện Ảnh	Dài tay;Thun	https://cdn.shopify.com/s/files/1/0918/5597/8816/files/tr_ngsau_131d7a96-8695-4258-a94a-71dc5452c684.png	https://luonvuituoi.co/products/ao-thun-dai-tay-người-dan-ong-gia-trưởng	2025-11-28
Chú Chuột Đầu Bết	Tuyệt Đối Điện Ảnh	Dài tay;Thun	https://cdn.shopify.com/s/files/1/0918/5597/8816/files/tr_ngsau_1aae8d7c-9855-4fdf-a224-a2708900cd5a.png	https://luonvuituoi.co/products/ao-thun-dai-tay-chu-chuột-dầu-bết	2025-09-18
Làm Lành Chữa Tình Sweater	Love Bites	Sweater	https://cdn.shopify.com/s/files/1/0918/5597/8816/files/h_ngtr_c_8e3e3ebc-4c17-45e2-a047-7bd024a71af2.png	https://luonvuituoi.co/products/lam-lanh-chữa-tinh-sweater	2026-01-08
Ez Game Sweater	Đời Game Thủ	Sweater	https://cdn.shopify.com/s/files/1/0918/5597/8816/files/tr_ngtr_c_437dc920-807b-4565-a749-c9638143bba0.png	https://luonvuituoi.co/products/ez-game-sweater	2026-01-08
Best Yasuo Sweater	Đời Game Thủ	Sweater	https://cdn.shopify.com/s/files/1/0918/5597/8816/files/tr_ngsau_d4698d2c-b0de-4815-a208-ce41978c37d0.png	https://luonvuituoi.co/products/best-yasuo-sweater	2026-01-08
Help Me Sweater	Job	Sweater	https://cdn.shopify.com/s/files/1/0918/5597/8816/files/kemtr_c_b174c8e8-0fc6-4f98-a809-124daf01ad84.png	https://luonvuituoi.co/products/help-me-sweater	2026-01-08
Graphic Designer Sweater	Job	Sweater	https://cdn.shopify.com/s/files/1/0918/5597/8816/files/h_ngtr_c_59db1a6f-6392-4519-949b-c159b655d3fd.png	https://luonvuituoi.co/products/graphic-designer-sweater	2026-01-08
Giục Nữa Thì Vào Mà Làm Sweater	Job	Sweater	https://cdn.shopify.com/s/files/1/0918/5597/8816/files/h_ngsau_510fa5da-3625-41ee-b61b-f1cd243c909d.png	https://luonvuituoi.co/products/giục-nữa-thi-vao-ma-lam-sweater-1	2025-12-31
Hà Nội Nghìn Năm Sweater	Việt Nam Du Hí	Sweater	https://cdn.shopify.com/s/files/1/0918/5597/8816/files/dentr_c_10f02354-f6c0-4d94-b35e-2ea9cdae1a9e.png	https://luonvuituoi.co/products/ha-nội-nghin-nam-sweater	2026-01-08
Biểu Tượng Hải Phòng Sweater	Việt Nam Du Hí	Sweater	https://cdn.shopify.com/s/files/1/0918/5597/8816/files/tr_ngsau_192de3ba-cc89-4219-b6e9-9c3a5034b40d.png	https://luonvuituoi.co/products/biểu-tượng-hải-phong-sweater	2026-01-08
Tài Lộc Chọn Bạn Sweater	Nghỉ Lễ	Sweater	https://cdn.shopify.com/s/files/1/0918/5597/8816/files/dentr_c_29153044-12b6-4a96-8118-bc56c3f10c29.png	https://luonvuituoi.co/products/tai-lộc-chọn-bạn-sweater	2026-01-08
Ngồi Trên Đống Tiền Sweater	Nghỉ Lễ	Sweater	https://cdn.shopify.com/s/files/1/0918/5597/8816/files/dentr_c_153761e3-f98e-4921-8474-afe5998a85b6.png	https://luonvuituoi.co/products/ngồi-tren-dống-tiền-sweater	2026-01-08
Năm Mới Phát Tài Sweater	Nghỉ Lễ	Sweater	https://cdn.shopify.com/s/files/1/0918/5597/8816/files/tr_ngtr_c_32a7cf32-dd0a-45e0-8859-f59ad352ec2e.png	https://luonvuituoi.co/products/nam-mới-phat-tai-sweater	2026-01-08
Tiền Vào Như Nước Sweater	Nghỉ Lễ	Sweater	https://cdn.shopify.com/s/files/1/0918/5597/8816/files/dentr_c_7139890f-357d-42c7-9b73-b77b31374d5e.png	https://luonvuituoi.co/products/tiền-vao-như-nước-sweater	2026-01-08
Lì Xì Tới Sweater	Nghỉ Lễ	Sweater	https://cdn.shopify.com/s/files/1/0918/5597/8816/files/kemtr_c_0cea89a4-f97a-49de-8915-0026f31580e3.png	https://luonvuituoi.co/products/li-xi-tới-sweater	2026-01-08
Hà Nội Nghìn Năm	Việt Nam Du Hí	Thun	https://cdn.shopify.com/s/files/1/0918/5597/8816/files/dentr_c_e9323587-bac2-4e3b-910c-b83317057413.png	https://luonvuituoi.co/products/ao-thun-ha-nội-nghin-nam	2026-01-08
Biểu Tượng Hải Phòng	Việt Nam Du Hí	Thun	https://cdn.shopify.com/s/files/1/0918/5597/8816/files/kemsau_8a453262-1347-4d6b-a069-0416222b5b20.png	https://luonvuituoi.co/products/ao-thun-biểu-tượng-hải-phong	2026-01-08
Quy Nhơn	Việt Nam Du Hí	Thun	https://cdn.shopify.com/s/files/1/0918/5597/8816/files/kemtr_c_eb729b97-c65c-4da2-8a84-4f72ef20898e.png	https://luonvuituoi.co/products/ao-thun-quy-nhơn	2026-01-08
Gia Lai	Việt Nam Du Hí	Thun	https://cdn.shopify.com/s/files/1/0918/5597/8816/files/tr_ngtr_c_325edb94-e70b-491c-85d0-5d97a89d73b4.png	https://luonvuituoi.co/products/ao-thun-gia-lai	2026-01-08
Đồng Nai	Việt Nam Du Hí	Thun	https://cdn.shopify.com/s/files/1/0918/5597/8816/files/kemtr_c_29204363-07f6-4d10-9fb0-64c706d1f386.png	https://luonvuituoi.co/products/ao-thun-dồng-nai	2026-01-08
Bình Dương	Việt Nam Du Hí	Thun	https://cdn.shopify.com/s/files/1/0918/5597/8816/files/tr_ngtr_c_6f812463-0697-4d74-a85d-7a1549a333b7.png	https://luonvuituoi.co/products/ao-thun-binh-dương	2026-01-08
Bến Tre	Việt Nam Du Hí	Thun	https://cdn.shopify.com/s/files/1/0918/5597/8816/files/kemtr_c_23bf30e6-6296-443f-a724-cb5786a8cfe8.png	https://luonvuituoi.co/products/ao-thun-bến-tre	2026-01-08
Sắp Đẻ Rùi Nè Cả Nhà Đợi Xíu Nghe	Nghỉ Lễ	Dài tay;Thun	https://cdn.shopify.com/s/files/1/0918/5597/8816/files/densau_43ce0203-b632-4fd7-a298-e1f3955308c8.png	https://luonvuituoi.co/products/ao-thun-dai-tay-sắp-dẻ-rui-ne-cả-nha-dợi-xiu-nghe	2026-01-07
Sắp Cưới Rùi Nè Cả Nhà Đợi Xíu Nghe	Nghỉ Lễ	Dài tay;Thun	https://cdn.shopify.com/s/files/1/0918/5597/8816/files/kemsau_92cc8584-8676-41be-8995-21edbc4db651.png	https://luonvuituoi.co/products/ao-thun-dai-tay-sắp-cưới-rui-ne-cả-nha-dợi-xiu-nghe	2026-01-07
Năm Qua Thất Nghiệp Xin Đừng Hỏi Nhiều	Nghỉ Lễ	Dài tay;Thun	https://cdn.shopify.com/s/files/1/0918/5597/8816/files/kemsau_80263e5d-94d5-4da2-998c-19f64964f883.png	https://luonvuituoi.co/products/ao-thun-dai-tay-nam-qua-thất-nghiệp-xin-dừng-hỏi-nhiều	2026-01-06
Vẫn Còn Con Nít Nên Chưa Có Bồ	Nghỉ Lễ	Dài tay;Thun	https://cdn.shopify.com/s/files/1/0918/5597/8816/files/tr_ngsau_7beb2374-4767-4a3b-b91f-717749aed66d.png	https://luonvuituoi.co/products/ao-thun-dai-tay-vẫn-con-con-nit-nen-chưa-co-bồ	2026-01-07
Lương Tháng 5 Triệu Xin Đừng Hỏi Nhiều	Nghỉ Lễ	Dài tay;Thun	https://cdn.shopify.com/s/files/1/0918/5597/8816/files/tr_ngsau_ac7aa5fb-ba0a-4cc7-8bd6-a43e3a2b1d45.png	https://luonvuituoi.co/products/ao-thun-dai-tay-lương-thang-5-triệu-xin-dừng-hỏi-nhiều	2026-01-06
Hãy Đánh Thức Con Ngọ Trong Người Tui	Nghỉ Lễ	Dài tay;Thun	https://cdn.shopify.com/s/files/1/0918/5597/8816/files/kemtr_c_f35b597d-84f0-493f-8b51-adb9205c21a9.png	https://luonvuituoi.co/products/ao-thun-dai-tay-hay-danh-thức-con-ngọ-trong-người-tui	2026-01-06
Việt Nam - Tự Hào là Người Việt Nam	Việt Nam Du Hí	Dài tay;Thun	https://cdn.shopify.com/s/files/1/0918/5597/8816/files/tr_ngtr_c_de398f02-f576-476d-8c85-8b1c5586ecef.png	https://luonvuituoi.co/products/ao-thun-dai-tay-việt-nam-tự-hao-la-người-việt-nam	2026-01-06
Phú Quốc	Việt Nam Du Hí	Dài tay;Thun	https://cdn.shopify.com/s/files/1/0918/5597/8816/files/tr_ngtr_c_8d03c805-8072-4e74-a9e9-8d14d22e8807.png	https://luonvuituoi.co/products/ao-thun-dai-tay-phu-quốc	2026-01-06
Phan Thiết	Việt Nam Du Hí	Dài tay;Thun	https://cdn.shopify.com/s/files/1/0918/5597/8816/files/tr_ngtr_c_bb1ec6b0-72ee-4d22-9a35-5014aa314c00.png	https://luonvuituoi.co/products/ao-thun-dai-tay-phan-thiết	2026-01-06
Nha Trang	Việt Nam Du Hí	Dài tay;Thun	https://cdn.shopify.com/s/files/1/0918/5597/8816/files/tr_ngtr_c_e98ee018-f956-4af7-bd01-c0d4137a78b0.png	https://luonvuituoi.co/products/ao-thun-dai-tay-nha-trang	2026-01-06
Mũi Né	Việt Nam Du Hí	Dài tay;Thun	https://cdn.shopify.com/s/files/1/0918/5597/8816/files/kemtr_c_9144f910-2979-4632-8758-f388067073ec.png	https://luonvuituoi.co/products/ao-thun-dai-tay-mui-ne	2026-01-06
Vũng Tàu	Việt Nam Du Hí	Dài tay;Thun	https://cdn.shopify.com/s/files/1/0918/5597/8816/files/tr_ngtr_c_41df0988-655e-416d-a063-f67a2d6796b8.png	https://luonvuituoi.co/products/ao-thun-dai-tay-vung-tau	2026-01-06
Vĩnh Hy	Việt Nam Du Hí	Dài tay;Thun	https://cdn.shopify.com/s/files/1/0918/5597/8816/files/tr_ngtr_c_41cd0feb-8bbb-4598-a834-797087058613.png	https://luonvuituoi.co/products/ao-thun-dai-tay-vinh-hy	2026-01-06
Sài Gòn	Việt Nam Du Hí	Dài tay;Thun	https://cdn.shopify.com/s/files/1/0918/5597/8816/files/kemtr_c_4be10b8c-a789-433e-9c00-7a22af3a353c.png	https://luonvuituoi.co/products/ao-thun-dai-tay-sai-gon	2026-01-06
Phú Yên	Việt Nam Du Hí	Dài tay;Thun	https://cdn.shopify.com/s/files/1/0918/5597/8816/files/kemtr_c_a30a857f-4d47-4645-bf7f-ced8cfcf7c4e.png	https://luonvuituoi.co/products/ao-thun-dai-tay-phu-yen	2026-01-06
Phú Quý	Việt Nam Du Hí	Dài tay;Thun	https://cdn.shopify.com/s/files/1/0918/5597/8816/files/tr_ngtr_c_3e09a7ce-8c5c-4012-8adc-06ef55a063e0.png	https://luonvuituoi.co/products/ao-thun-dai-tay-phu-quy	2026-01-06
Năm Qua Thất Nghiệp Xin Đừng Hỏi Nhiều Sweater	Nghỉ Lễ	Sweater	https://cdn.shopify.com/s/files/1/0918/5597/8816/files/swsautr_ng_3f730900-dd63-4a88-8037-6b913459f4b9.png	https://luonvuituoi.co/products/nam-qua-thất-nghiệp-xin-dừng-hỏi-nhiều-sweater	2026-01-07
Ninh Bình	Việt Nam Du Hí	Dài tay;Thun	https://cdn.shopify.com/s/files/1/0918/5597/8816/files/kemtr_c_e97ced1d-7134-464d-a29b-2941c43cdb50.png	https://luonvuituoi.co/products/ao-thun-dai-tay-ninh-binh	2026-01-06
Lương Tháng 5 Triệu Xin Đừng Hỏi Nhiều Sweater	Nghỉ Lễ	Sweater	https://cdn.shopify.com/s/files/1/0918/5597/8816/files/swsautr_ng_633992c7-dcc2-44b0-be08-957edcdf2854.png	https://luonvuituoi.co/products/lương-thang-5-triệu-xin-dừng-hỏi-nhiều-sweater	2026-01-07
Măng Đen	Việt Nam Du Hí	Dài tay;Thun	https://cdn.shopify.com/s/files/1/0918/5597/8816/files/kemtr_c_932e96a5-9e9f-49b5-97cd-b733d707d1a3.png	https://luonvuituoi.co/products/ao-thun-dai-tay-mang-den	2026-01-06
Vẫn Còn Con Nít Nên Chưa Có Bồ Hoodie	Nghỉ Lễ	Hoodie	https://cdn.shopify.com/s/files/1/0918/5597/8816/files/swsaukem_b35eec71-feaa-470a-9789-4db39fea1c2b.png	https://luonvuituoi.co/products/vẫn-con-con-nit-nen-chưa-co-bồ-hoodie	2026-01-07
Huế	Việt Nam Du Hí	Dài tay;Thun	https://cdn.shopify.com/s/files/1/0918/5597/8816/files/tr_ngtr_c_3f44f656-53f9-443b-89d4-153d6f3133aa.png	https://luonvuituoi.co/products/ao-thun-dai-tay-huế	2026-01-06
Sắp Đẻ Rùi Nè Cả Nhà Đợi Xíu Nghe Hoodie	Nghỉ Lễ	Hoodie	https://cdn.shopify.com/s/files/1/0918/5597/8816/files/swsauh_ng_6edd06aa-5f25-41d0-afe4-5af8b6b9f723.png	https://luonvuituoi.co/products/sắp-dẻ-rui-ne-cả-nha-dợi-xiu-nghe-hoodie	2026-01-07
Hội An	Việt Nam Du Hí	Dài tay;Thun	https://cdn.shopify.com/s/files/1/0918/5597/8816/files/tr_ngtr_c_83c01289-b79d-43f1-abd6-700dc3390974.png	https://luonvuituoi.co/products/ao-thun-dai-tay-hội-an	2026-01-06
Sắp Cưới Rùi Nè Cả Nhà Đợi Xíu Nghe Hoodie	Nghỉ Lễ	Hoodie	https://cdn.shopify.com/s/files/1/0918/5597/8816/files/swsaukem_ac56e719-7c8a-42d7-9f99-f5c0fa519b85.png	https://luonvuituoi.co/products/sắp-cưới-rui-ne-cả-nha-dợi-xiu-nghe-hoodie	2026-01-07
Hải Phòng	Việt Nam Du Hí	Dài tay;Thun	https://cdn.shopify.com/s/files/1/0918/5597/8816/files/tr_ngtr_c_0e618d3b-c7f8-484f-9947-1267909851f2.png	https://luonvuituoi.co/products/ao-thun-dai-tay-hải-phong	2026-01-06
Hà Nội	Việt Nam Du Hí	Dài tay;Thun	https://cdn.shopify.com/s/files/1/0918/5597/8816/files/kemtr_c_36fee260-67b2-4ee1-b390-4a9214a57d3a.png	https://luonvuituoi.co/products/ao-thun-dai-tay-ha-nội	2026-01-06
Vẫn Còn Con Nít Nên Chưa Có Bồ Sweater	Nghỉ Lễ	Sweater	https://cdn.shopify.com/s/files/1/0918/5597/8816/files/swsauh_ng_7854f926-c8da-4343-b393-02e42fa2abf2.png	https://luonvuituoi.co/products/vẫn-con-con-nit-nen-chưa-co-bồ-sweater	2026-01-07
Hạ Long	Việt Nam Du Hí	Dài tay;Thun	https://cdn.shopify.com/s/files/1/0918/5597/8816/files/kemtr_c_7c719220-f58c-4d71-b5da-24dc7d39c9ac.png	https://luonvuituoi.co/products/ao-thun-dai-tay-hạ-long	2026-01-06
Sắp Đẻ Rùi Nè Cả Nhà Đợi Xíu Nghe Sweater	Nghỉ Lễ	Sweater	https://cdn.shopify.com/s/files/1/0918/5597/8816/files/swsauh_ng_d29794fc-bb59-4f70-9d7c-9349677d04a7.png	https://luonvuituoi.co/products/sắp-dẻ-rui-ne-cả-nha-dợi-xiu-nghe-sweater	2026-01-07
Hà Giang	Việt Nam Du Hí	Dài tay;Thun	https://cdn.shopify.com/s/files/1/0918/5597/8816/files/tr_ngtr_c_e47087a7-f731-4802-bc30-7612433aa9ee.png	https://luonvuituoi.co/products/ao-thun-dai-tay-ha-giang	2026-01-06
Sắp Cưới Rùi Nè Cả Nhà Đợi Xíu Nghe Sweater	Nghỉ Lễ	Sweater	https://cdn.shopify.com/s/files/1/0918/5597/8816/files/swsautr_ng_4f9268f8-14fa-4912-9282-814e41827489.png	https://luonvuituoi.co/products/sắp-cưới-rui-ne-cả-nha-dợi-xiu-nghe-sweater	2026-01-07
Đà Nẵng	Việt Nam Du Hí	Dài tay;Thun	https://cdn.shopify.com/s/files/1/0918/5597/8816/files/kemtr_c_08af37eb-b04e-4897-84ba-cd26edd2dfda.png	https://luonvuituoi.co/products/ao-thun-dai-tay-da-nẵng	2026-01-06
Đà Lạt	Việt Nam Du Hí	Dài tay;Thun	https://cdn.shopify.com/s/files/1/0918/5597/8816/files/tr_ngtr_c_2e5ea89b-eec4-4673-89df-3f5f8f64941c.png	https://luonvuituoi.co/products/ao-thun-dai-tay-da-lạt-nt31201nt	2026-01-06
Cà Mau	Việt Nam Du Hí	Dài tay;Thun	https://cdn.shopify.com/s/files/1/0918/5597/8816/files/tr_ngtr_c_fa01bead-11d7-4452-9916-8981cb8bd10d.png	https://luonvuituoi.co/products/ao-thun-dai-tay-ca-mau	2026-01-06
Lương Tháng 5 Triệu Xin Đừng Hỏi Nhiều Hoodie	Nghỉ Lễ	Hoodie	https://cdn.shopify.com/s/files/1/0918/5597/8816/files/swsaukem_34531ea0-dc0c-4cdf-8ca5-2a1d31cf59a9.png	https://luonvuituoi.co/products/lương-thang-5-triệu-xin-dừng-hỏi-nhiều-hoodie	2026-01-06
Năm Qua Thất Nghiệp Xin Đừng Hỏi Nhiều Hoodie	Nghỉ Lễ	Hoodie	https://cdn.shopify.com/s/files/1/0918/5597/8816/files/swsaukem_cf9d6467-9988-4d21-9b97-01ef1ff90490.png	https://luonvuituoi.co/products/nam-qua-thất-nghiệp-xin-dừng-hỏi-nhiều-hoodie	2026-01-06
Xuân Về Hoa Nở Sweater	Nghỉ Lễ	Sweater	https://cdn.shopify.com/s/files/1/0918/5597/8816/files/h_ngsau_2dbb385c-f3c3-4fbf-ae26-8384544ba26b.png	https://luonvuituoi.co/products/xuan-về-hoa-nở-sweater	2026-01-06
Vui Xuyên Tết Sweater	Nghỉ Lễ	Sweater	https://cdn.shopify.com/s/files/1/0918/5597/8816/files/h_ngsau_b8a4842a-01b0-403d-b19a-0572ef2ba754.png	https://luonvuituoi.co/products/vui-xuyen-tết-sweater	2026-01-06
Thôi Cháu Lớn Rồi Gấp Đôi Đi Sweater	Nghỉ Lễ	Sweater	https://cdn.shopify.com/s/files/1/0918/5597/8816/files/densau_1c9c8daf-eb46-4942-96cf-990e9a20e55f.png	https://luonvuituoi.co/products/thoi-chau-lớn-rồi-gấp-doi-di-sweater	2026-01-06
Phát Tài Phát Lộc Sweater	Nghỉ Lễ	Sweater	https://cdn.shopify.com/s/files/1/0918/5597/8816/files/h_ngtr_c_0e6ac82b-5acd-44cd-98da-348d5c625d2b.png	https://luonvuituoi.co/products/phat-tai-phat-lộc-sweater	2026-01-06
Mang Con Rể Về Cho Mẹ Sweater	Nghỉ Lễ	Sweater	https://cdn.shopify.com/s/files/1/0918/5597/8816/files/h_ngsau_6ee8c546-5799-4482-a775-e727f025d9bb.png	https://luonvuituoi.co/products/mang-con-rể-về-cho-mẹ-sweater	2026-01-06
Mang Con Dâu Về Cho Mẹ Sweater	Nghỉ Lễ	Sweater	https://cdn.shopify.com/s/files/1/0918/5597/8816/files/kemsau_b78b9bd0-ebb0-4dc5-abbc-fdf9ec98cae1.png	https://luonvuituoi.co/products/mang-con-dau-về-cho-mẹ-sweater	2026-01-06
Hổng Lì Xì Là Cắn Á Sweater	Nghỉ Lễ	Sweater	https://cdn.shopify.com/s/files/1/0918/5597/8816/files/h_ngtr_c_37fb4423-4d8e-4024-9962-85a4f5b7a171.png	https://luonvuituoi.co/products/hổng-li-xi-la-cắn-a-sweater	2026-01-06
Em Chưa Từng Trải Sweater	Nghỉ Lễ	Sweater	https://cdn.shopify.com/s/files/1/0918/5597/8816/files/h_ngsau_07678b86-79dc-419d-a888-372093b1d76b.png	https://luonvuituoi.co/products/em-chưa-từng-trải-sweater	2026-01-06
Chuyển Khoản Đi Ạ Nữ Sweater	Nghỉ Lễ	Sweater	https://cdn.shopify.com/s/files/1/0918/5597/8816/files/h_ngtr_c_5729abcb-e6bb-4fd4-a6cc-82c628746aca.png	https://luonvuituoi.co/products/chuyển-khoản-di-ạ-nữ-sweater	2026-01-06
Chuyển Khoản Đi Ạ Nam Sweater	Nghỉ Lễ	Sweater	https://cdn.shopify.com/s/files/1/0918/5597/8816/files/kemtr_c_851be15a-5bfb-4931-8c19-1a5b25f9ee69.png	https://luonvuituoi.co/products/chuyển-khoản-di-ạ-nam-sweater	2026-01-06
Chiếu Quỷ Nước Nam Sweater	Nghỉ Lễ	Sweater	https://cdn.shopify.com/s/files/1/0918/5597/8816/files/kemtr_c_c7b5d81f-f1f9-4c86-b082-631ad4284b61.png	https://luonvuituoi.co/products/chiếu-quỷ-nước-nam-sweater	2026-01-06
Cháu Chưa Được Lì Xì Sweater	Nghỉ Lễ	Sweater	https://cdn.shopify.com/s/files/1/0918/5597/8816/files/densau_ff6d488d-e85b-4ac8-a844-f367d233a78c.png	https://luonvuituoi.co/products/chau-chưa-dược-li-xi-sweater	2026-01-06
Cầu Dừa Đủ Xoài Sweater	Nghỉ Lễ	Sweater	https://cdn.shopify.com/s/files/1/0918/5597/8816/files/densau_a75d55bf-872a-48af-a558-9b019bb7be88.png	https://luonvuituoi.co/products/cầu-dừa-dủ-xoai-sweater	2026-01-06
Anh Chưa Từng Trải Sweater	Nghỉ Lễ	Sweater	https://cdn.shopify.com/s/files/1/0918/5597/8816/files/kemsau_8d6ba863-9aba-4440-ac5e-143722d2a481.png	https://luonvuituoi.co/products/anh-chưa-từng-trải-sweater	2026-01-06
Ủa Em Lần Nữa Xem Sweater	Job	Sweater	https://cdn.shopify.com/s/files/1/0918/5597/8816/files/dentr_c_d64f7a9b-ec55-412a-9594-da23f1480ec1.png	https://luonvuituoi.co/products/ủa-em-lần-nữa-xem-sweater	2026-01-05
Mở Cửa Trái Tym	Love Bites	Dài tay;Thun	https://cdn.shopify.com/s/files/1/0918/5597/8816/files/dentr_c_e6492837-a054-4b17-9f81-7f1162d4b02e.png	https://luonvuituoi.co/products/ao-thun-dai-tay-mở-cửa-trai-tym	2025-08-27
Tập Làm Cô Tấm	Love Bites	Dài tay	https://cdn.shopify.com/s/files/1/0918/5597/8816/files/densau_bb46c6ae-b4cd-43a6-aee5-6620c011a231.png	https://luonvuituoi.co/products/ao-thun-dai-tay-tập-lam-co-tấm	2026-01-05
Cho Tôi Một Ký Ức Em Cho Tôi Một Ký Ức	Love Bites	Dài tay	https://cdn.shopify.com/s/files/1/0918/5597/8816/files/densau_d735d5c5-4b75-4b6b-8549-56a048d8974a.png	https://luonvuituoi.co/products/ao-thun-dai-tay-cho-toi-một-ky-ức-em-cho-toi-một-ky-ức	2026-01-05
Vintage Cat	Animal Circus	Dài tay;Thun	https://cdn.shopify.com/s/files/1/0918/5597/8816/files/dentr_c_a03784ec-2f74-4abe-8f71-e9fe0e656323.png	https://luonvuituoi.co/products/ao-thun-dai-tay-vintage-cat	2025-06-20
Xà Bông	Animal Circus	Dài tay;Thun	https://cdn.shopify.com/s/files/1/0918/5597/8816/files/dentr_c_ee0c1816-e293-4a79-b603-636549988a1a.png	https://luonvuituoi.co/products/ao-thun-dai-tay-xa-bong	2025-06-19
Mấy Con Chó Phải Trả Cá	Animal Circus	Dài tay;Thun	https://cdn.shopify.com/s/files/1/0918/5597/8816/files/dentr_c_c3acb9c6-5486-40ac-a970-867e9b158055.png	https://luonvuituoi.co/products/ao-thun-dai-tay-mấy-con-cho-phải-trả-ca	2025-11-15
Funny Duck	Animal Circus	Dài tay;Thun	https://cdn.shopify.com/s/files/1/0918/5597/8816/files/dentr_c_2fb2d2fa-1275-4aeb-a458-296c1f780ad8.png	https://luonvuituoi.co/products/ao-thun-dai-tay-funny-duck	2025-06-19
Black Cat Coquette	Animal Circus	Dài tay;Thun	https://cdn.shopify.com/s/files/1/0918/5597/8816/files/kemtr_c_a3b1ed33-7d8d-43e4-8015-1c4c24e46f79.png	https://luonvuituoi.co/products/ao-thun-dai-tay-black-cat-coquette	2025-06-20
Bunny cat	Animal Circus	Dài tay	https://cdn.shopify.com/s/files/1/0918/5597/8816/files/dentr_c_78c03d3f-646e-4178-b1ef-4ba79e1edd34.png	https://luonvuituoi.co/products/ao-thun-dai-tay-bunny-cat-bunny-cat	2026-01-03
Anh Đại Bảo Kê	Animal Circus	Dài tay;Thun	https://cdn.shopify.com/s/files/1/0918/5597/8816/files/dentr_c_0168f95a-31fc-4515-adfc-2d3cc2f0d442.png	https://luonvuituoi.co/products/ao-thun-dai-tay-anh-dại-bảo-ke	2025-10-15
Vịt Quay Parking	Animal Circus	Dài tay;Thun	https://cdn.shopify.com/s/files/1/0918/5597/8816/files/kemtr_c_f623ec01-c3f9-43b3-86a3-6463f1e3221f.png	https://luonvuituoi.co/products/ao-thun-dai-tay-vịt-quay-parking	2025-06-20
Retro Funny Cat	Animal Circus	Dài tay;Thun	https://cdn.shopify.com/s/files/1/0918/5597/8816/files/navytr_c_008e97b8-4ab0-48df-a347-c96a2bc4e55a.png	https://luonvuituoi.co/products/ao-thun-dai-tay-retro-funny-cat	2025-06-20
Hê Lu Lu Khủng Long	Animal Circus	Dài tay;Thun	https://cdn.shopify.com/s/files/1/0918/5597/8816/files/kemtr_c_bcb252a2-2880-4415-a2c4-7d3d70f0f109.png	https://luonvuituoi.co/products/ao-thun-dai-tay-he-lu-lu-khủng-long	2025-06-18
Con Bò Tuôi	Animal Circus	Dài tay;Thun	https://cdn.shopify.com/s/files/1/0918/5597/8816/files/densau_5f1d9fc3-15fc-4a37-9dbf-e5ca17e0efd9.png	https://luonvuituoi.co/products/ao-thun-dai-tay-con-bo-tuoi	2025-07-25
Cat With Flower	Animal Circus	Dài tay;Thun	https://cdn.shopify.com/s/files/1/0918/5597/8816/files/denc_nng_c_319575a6-7cff-46dc-9db7-128d1c096368.png	https://luonvuituoi.co/products/ao-thun-dai-tay-cat-with-flower	2025-06-20
This Is Fine	Animal Circus	Dài tay;Thun	https://cdn.shopify.com/s/files/1/0918/5597/8816/files/navytr_c_e42c8ca3-69b0-40df-b47e-d83e71f86a7f.png	https://luonvuituoi.co/products/ao-thun-dai-tay-this-is-fine	2025-06-20
Hot Dog	Animal Circus	Dài tay;Thun	https://cdn.shopify.com/s/files/1/0918/5597/8816/files/kemtr_c_9ca3721a-c7e0-4b2f-acc4-05122f793257.png	https://luonvuituoi.co/products/ao-thun-dai-tay-hot-dog	2025-06-20
CẨU THẢ	Animal Circus	Dài tay;Thun	https://cdn.shopify.com/s/files/1/0918/5597/8816/files/tr_ngtr_c_79926097-cf79-4c06-89d9-aba7a6123a30.png	https://luonvuituoi.co/products/ao-thun-dai-tay-cẩu-thả	2025-06-17
Trà Trắc bánh Tráng Trộn	Vietnamese Culture	Dài tay	https://cdn.shopify.com/s/files/1/0918/5597/8816/files/tr_ngtr_c_25c1c19a-b051-4671-9194-3d7adb2de05e.png	https://luonvuituoi.co/products/ao-thun-dai-tay-tra-trắc-banh-trang-trộn	2026-01-03
Tiệm Bánh Mì LUONVUITUOI	Vietnamese Culture	Dài tay;Thun	https://cdn.shopify.com/s/files/1/0918/5597/8816/files/navytr_c_efd87027-dfba-4ea1-9dae-225de8eac27c.png	https://luonvuituoi.co/products/ao-thun-dai-tay-tiệm-banh-mi-luonvuituoi	2025-06-20
Xuân Về Hoa Nở	Nghỉ Lễ	Dài tay;Thun	https://cdn.shopify.com/s/files/1/0918/5597/8816/files/densau_a0842256-c44e-4b1d-bd61-aa08966487b3.png	https://luonvuituoi.co/products/ao-thun-dai-tay-xuan-về-hoa-nở	2026-01-02
Vui Xuyên Tết	Nghỉ Lễ	Dài tay;Thun	https://cdn.shopify.com/s/files/1/0918/5597/8816/files/kemtr_c_4a82fec9-1ba7-4933-9dc1-b5b52dfc713f.png	https://luonvuituoi.co/products/ao-thun-dai-tay-vui-xuyen-tết	2026-01-02
Thôi Cháu Lớn Rồi Gấp Đôi Đi	Nghỉ Lễ	Dài tay;Thun	https://cdn.shopify.com/s/files/1/0918/5597/8816/files/densau_9817e92e-5ed0-4a57-9ad4-1308372f73c1.png	https://luonvuituoi.co/products/ao-thun-dai-tay-thoi-chau-lớn-rồi-gấp-doi-di	2026-01-02
Phát Tài Phát Lộc	Nghỉ Lễ	Dài tay;Thun	https://cdn.shopify.com/s/files/1/0918/5597/8816/files/kemtr_c_6e2698ec-c03b-4222-8462-075904f9925d.png	https://luonvuituoi.co/products/ao-thun-dai-tay-phat-tai-phat-lộc	2026-01-02
Mang Con Rể Về Cho Mẹ	Nghỉ Lễ	Dài tay;Thun	https://cdn.shopify.com/s/files/1/0918/5597/8816/files/kemsau_9bff458a-e1ed-4d48-94f6-d8455bb3c3bb.png	https://luonvuituoi.co/products/ao-thun-dai-tay-mang-con-rể-về-cho-mẹ	2026-01-02
Mang Con Dâu Về Cho Mẹ	Nghỉ Lễ	Dài tay;Thun	https://cdn.shopify.com/s/files/1/0918/5597/8816/files/kemtr_c_33c3b907-4398-4355-987d-c20a4df0ad71.png	https://luonvuituoi.co/products/ao-thun-dai-tay-mang-con-dau-về-cho-mẹ	2026-01-02
Hổng Lì Xì Là Cắn Á	Nghỉ Lễ	Dài tay;Thun	https://cdn.shopify.com/s/files/1/0918/5597/8816/files/dentr_c_a4778e8e-9ca9-46d8-aa59-e69eb6377eb5.png	https://luonvuituoi.co/products/ao-thun-dai-tay-hổng-li-xi-la-cắn-a	2026-01-02
Em Chưa Từng Trải	Nghỉ Lễ	Dài tay;Thun	https://cdn.shopify.com/s/files/1/0918/5597/8816/files/densau_1924b468-9052-4d52-8b20-2e0c5323cea6.png	https://luonvuituoi.co/products/ao-thun-dai-em-chưa-từng-trải	2026-01-02
Chuyển Khoản Đi Ạ Nữ	Nghỉ Lễ	Dài tay;Thun	https://cdn.shopify.com/s/files/1/0918/5597/8816/files/dentr_c_4bf59758-b5d9-49ee-9a36-95a74d7e2416.png	https://luonvuituoi.co/products/ao-thun-dai-tay-chuyển-khoản-di-ạ-nữ	2026-01-02
Chuyển Khoản Đi Ạ Nam	Nghỉ Lễ	Dài tay;Thun	https://cdn.shopify.com/s/files/1/0918/5597/8816/files/tr_ngtr_c_9c3e7315-5409-409c-840e-01ce8c7d4a0e.png	https://luonvuituoi.co/products/ao-thun-dai-tay-chuyển-khoản-di-ạ-nam	2026-01-02
Chiếu Quỷ Nước Nam	Nghỉ Lễ	Dài tay;Thun	https://cdn.shopify.com/s/files/1/0918/5597/8816/files/tr_ngtr_c_369aa858-03b3-4289-b194-67b714e0154a.png	https://luonvuituoi.co/products/ao-thun-dai-tay-chiếu-quỷ-nước-nam	2026-01-02
Cháu Chưa Được Lì Xì	Nghỉ Lễ	Dài tay;Thun	https://cdn.shopify.com/s/files/1/0918/5597/8816/files/tr_ngsau_7450ce4f-0be9-4e97-8c5e-6cc0324e06ba.png	https://luonvuituoi.co/products/ao-thun-dai-tay-chau-chưa-dược-li-xi	2026-01-02
Cầu Dừa Đủ Xoài	Nghỉ Lễ	Dài tay;Thun	https://cdn.shopify.com/s/files/1/0918/5597/8816/files/densau_918a705c-ff66-4dd0-a396-f7ec54dd16ce.png	https://luonvuituoi.co/products/ao-thun-dai-tay-cầu-dừa-dủ-xoai	2026-01-02
Anh Chưa Từng Trải	Nghỉ Lễ	Dài tay;Thun	https://cdn.shopify.com/s/files/1/0918/5597/8816/files/densau_ab0b949c-2640-4f93-bc6b-4e31f23f6066.png	https://luonvuituoi.co/products/ao-thun-dai-tay-anh-chưa-từng-trải	2026-01-02
Manifest Ngủ Cũng Ra Tiền Sweater	Nghỉ Lễ	Sweater	https://cdn.shopify.com/s/files/1/0918/5597/8816/files/swtr_cxam_4f91a80c-0700-473f-8cce-75cab688801b.png	https://luonvuituoi.co/products/manifest-ngủ-cung-ra-tiền-sweater	2026-01-02
Help Me New Year Sweater	Nghỉ Lễ	Sweater	https://cdn.shopify.com/s/files/1/0918/5597/8816/files/swtr_cxam_338a6330-0a67-4bbc-abe8-3a30d2da723a.png	https://luonvuituoi.co/products/help-me-new-year-sweater	2026-01-02
LGBT - Luôn Giữ Bình Tĩnh Sweater	Lifey Stuff	Sweater	https://cdn.shopify.com/s/files/1/0918/5597/8816/files/swtr_cden_c2cbc594-877e-49c8-bf92-e6c10e89321a.png	https://luonvuituoi.co/products/lgbt-luon-giữ-binh-tinh-sweater	2026-01-02
Tôi Yêu Tiền Tiền Đến Với Tôi Sweater	Nghỉ Lễ	Sweater	https://cdn.shopify.com/s/files/1/0918/5597/8816/files/swsautr_ng_81623dbe-24a8-488e-80a1-f1686c0107b0.png	https://luonvuituoi.co/products/toi-yeu-tiền-tiền-dến-với-toi-sweater	2026-01-02
Manifest Ngập Tràn Hạnh Phúc Sweater	Nghỉ Lễ	Sweater	https://cdn.shopify.com/s/files/1/0918/5597/8816/files/swsaunavy_7643c920-3f2a-49b3-889b-bdd208888940.png	https://luonvuituoi.co/products/manifest-ngập-tran-hạnh-phuc-sweater	2026-01-02
Manifest Sức Khỏe Dồi Dào Sweater	Nghỉ Lễ	Sweater	https://cdn.shopify.com/s/files/1/0918/5597/8816/files/swsaunavy_71840926-1af2-46b8-bd16-44edb0aef6f1.png	https://luonvuituoi.co/products/manifest-sức-khỏe-dồi-dao-sweater	2026-01-02
Manifest Tiền Bạc Rủng Rỉnh Sweater	Nghỉ Lễ	Sweater	https://cdn.shopify.com/s/files/1/0918/5597/8816/files/swsaunavy_c23cbd10-bd0a-41d8-86f0-fed1c13ad2bc.png	https://luonvuituoi.co/products/manifest-tiền-bạc-rủng-rỉnh-sweater	2026-01-02
Manifest Ngủ Cũng Ra Tiền	Nghỉ Lễ	Thun	https://cdn.shopify.com/s/files/1/0918/5597/8816/files/kemtr_c_32927ae9-b6a8-4fe2-a7f8-a4e50103fb97.png	https://luonvuituoi.co/products/ao-thun-manifest-ngủ-cung-ra-tiền	2026-01-02
Tuyệt Vời	Lifey Stuff	Dài tay;Thun	https://cdn.shopify.com/s/files/1/0918/5597/8816/files/tr_ngtr_c_bdf0f112-6105-400b-8107-c5cf4501d4c3.png	https://luonvuituoi.co/products/ao-thun-dai-tay-tuyệt-vời	2025-06-20
Yêu Nước Vietnamese Boy	Yêu Nước	Dài tay;Thun	https://cdn.shopify.com/s/files/1/0918/5597/8816/files/tr_ngsau_50f96cd9-9a88-4fbd-9551-03d8c8339396.png	https://luonvuituoi.co/products/ao-thun-dai-tay-yeu-nước-vietnamese-boy	2025-08-01
Tôi Đã Sai	Đơn Giản Hóa	Dài tay;Thun	https://cdn.shopify.com/s/files/1/0918/5597/8816/files/densau_b20da742-056b-4c37-b1d6-bb081dc79800.png	https://luonvuituoi.co/products/ao-thun-dai-tay-toi-da-sai	2025-11-14
Tôi Yêu Tiền Tiền Đến Với Tôi	Nghỉ Lễ	Dài tay;Thun	https://cdn.shopify.com/s/files/1/0918/5597/8816/files/tr_ngsau_8c2263c0-be87-46b9-a0bc-04a500bef217.png	https://luonvuituoi.co/products/ao-thun-dai-tay-toi-yeu-tiền-tiền-dến-với-toi	2025-12-31
Manifest Ngập Tràn Hạnh Phúc	Nghỉ Lễ	Dài tay;Thun	https://cdn.shopify.com/s/files/1/0918/5597/8816/files/navysau_d92fa97c-1db1-4ed1-8f8a-708a501d5b36.png	https://luonvuituoi.co/products/ao-thun-dai-tay-manifest-ngập-tran-hạnh-phuc	2025-12-31
Manifest Sức Khỏe Dồi Dào	Nghỉ Lễ	Dài tay;Thun	https://cdn.shopify.com/s/files/1/0918/5597/8816/files/navysau_33277238-8c48-47f0-b0e9-75b0d4d986de.png	https://luonvuituoi.co/products/ao-thun-dai-tay-manifest-sức-khỏe-dồi-dao	2025-12-31
Manifest Tiền Bạc Rủng Rỉnh	Nghỉ Lễ	Dài tay;Thun	https://cdn.shopify.com/s/files/1/0918/5597/8816/files/densau_d1be34fd-e387-4cd4-b566-e17188091ce5.png	https://luonvuituoi.co/products/ao-thun-dai-tay-manifest-tiền-bạc-rủng-rỉnh	2025-12-31
Tình Yêu Dã Man	Đơn Giản Hóa	Dài tay;Thun	https://cdn.shopify.com/s/files/1/0918/5597/8816/files/densau_7f2a4834-4637-4c58-a30c-ced092f9cec3.png	https://luonvuituoi.co/products/ao-thun-dai-tay-tinh-yeu-da-man	2025-11-14
Người Ta Làm Được	Đơn Giản Hóa	Dài tay;Thun	https://cdn.shopify.com/s/files/1/0918/5597/8816/files/densau_bcbf9edf-7def-48a1-bf1f-cb48a0e7ecaa.png	https://luonvuituoi.co/products/ao-thun-dai-tay-người-ta-lam-dược	2025-11-14
Lương Năm Chẹo	Đơn Giản Hóa	Dài tay;Thun	https://cdn.shopify.com/s/files/1/0918/5597/8816/files/densau_9c7e8e3b-ab99-4e2b-ab34-25b124e64671.png	https://luonvuituoi.co/products/ao-thun-dai-tay-lương-nam-chẹo	2025-11-14
I WILL HANDLE IT BUT I WILL CRY FIRST	Animal Circus	Dài tay;Thun	https://cdn.shopify.com/s/files/1/0918/5597/8816/files/tr_ngtr_c_6a2d2a33-dcfa-4c28-a633-96941d20b299.png	https://luonvuituoi.co/products/ao-thun-dai-tay-i-will-handle-it-but-i-will-cry-first	2025-06-19
Đúng Vậy	Đơn Giản Hóa	Dài tay;Thun	https://cdn.shopify.com/s/files/1/0918/5597/8816/files/densau_8c53f9a1-e975-498e-866c-786c60cab651.png	https://luonvuituoi.co/products/ao-thun-dai-tay-dung-vậy	2025-11-14
Deadline Ít Đi	Đơn Giản Hóa	Dài tay;Thun	https://cdn.shopify.com/s/files/1/0918/5597/8816/files/densau_bf79ead1-9552-46c5-92cc-800bd2065754.png	https://luonvuituoi.co/products/ao-thun-dai-tay-deadline-it-di	2025-11-14
Cái Gì Không Làm Được	Đơn Giản Hóa	Dài tay;Thun	https://cdn.shopify.com/s/files/1/0918/5597/8816/files/densau_03773fff-9ad2-40a0-9445-7ce7f5023af5.png	https://luonvuituoi.co/products/ao-thun-dai-tay-cai-gi-khong-lam-dược	2025-11-14
Cafe Luôn Vui Tươi	Vietnamese Culture	Dài tay;Thun	https://cdn.shopify.com/s/files/1/0918/5597/8816/files/dentr_c_71853412-ad2f-4a9d-804f-273468226145.png	https://luonvuituoi.co/products/ao-thun-dai-tay-cafe-luon-vui-tươi	2025-06-19
Bớt Đẳng Cấp	Đơn Giản Hóa	Dài tay;Thun	https://cdn.shopify.com/s/files/1/0918/5597/8816/files/densau_918c97d8-ce3c-4cd2-93e8-8b33bb1a659b.png	https://luonvuituoi.co/products/ao-thun-dai-tay-bớt-dẳng-cấp	2025-11-14
Xinh Gái Cũng Bị Nói	Đơn Giản Hóa	Dài tay;Thun	https://cdn.shopify.com/s/files/1/0918/5597/8816/files/tr_ngsau_eb93f85a-cb79-4575-a5e7-72841b3657a6.png	https://luonvuituoi.co/products/ao-thun-dai-tay-xinh-gai-cung-bị-noi	2025-11-14
Công Đức Vô Dụng	Lifey Stuff	Dài tay;Thun	https://cdn.shopify.com/s/files/1/0918/5597/8816/files/kemtr_c_6d1f6433-d3c7-4921-8121-a6e1ea6aec9e.png	https://luonvuituoi.co/products/ao-thun-dai-tay-cong-dức-vo-dụng	2025-06-20
Trà Vinh Cốt	Băng Đĩa Hải Ngoại	Dài tay;Thun	https://cdn.shopify.com/s/files/1/0918/5597/8816/files/dentr_c_768fc935-78dc-4373-81d5-3af10ae2779e.png	https://luonvuituoi.co/products/ao-thun-dai-tay-tra-vinh-cốt	2025-09-05
Long Ca	Tuyệt Đối Điện Ảnh;Băng Đĩa Hải Ngoại	Dài tay;Thun	https://cdn.shopify.com/s/files/1/0918/5597/8816/files/dentr_c_cb42810e-ea88-422a-a093-128eccba9437.png	https://luonvuituoi.co/products/ao-thun-dai-tay-long-ca	2025-10-13
Phá Vỡ Tệ	Tuyệt Đối Điện Ảnh	Dài tay;Thun	https://cdn.shopify.com/s/files/1/0918/5597/8816/files/dentr_c_8172d5e9-a9ed-4659-8310-677cf89f1a4f.png	https://luonvuituoi.co/products/ao-thun-dai-tay-pha-vỡ-tệ	2025-09-05
CLB Tẩm Quất	Tuyệt Đối Điện Ảnh	Dài tay;Thun	https://cdn.shopify.com/s/files/1/0918/5597/8816/files/kemtr_c_7b7a606b-f07b-447f-953b-b2f2a62cd8a0.png	https://luonvuituoi.co/products/ao-thun-dai-tay-clb-tẩm-quất	2025-09-18
No Meow No Life	Animal Circus;Đũy Mèo	Dài tay;Thun	https://cdn.shopify.com/s/files/1/0918/5597/8816/files/kemtr_c_9f4af2dc-cb33-4726-877b-e9b02ff75695.png	https://luonvuituoi.co/products/ao-thun-dai-tay-no-meow-no-life	2025-11-25
Ủa Em Lần Nữa Xem	Job	Dài tay;Thun	https://cdn.shopify.com/s/files/1/0918/5597/8816/files/densau_1dbf10b2-d0f2-4421-b0e1-198aa3880de8.png	https://luonvuituoi.co/products/ao-thun-dai-tay-ủa-em-lần-nữa-xem	2025-12-31
Cứ Từ Từ Không Vội	Job	Dài tay;Thun	https://cdn.shopify.com/s/files/1/0918/5597/8816/files/densau_ba1c3c44-c9e5-41de-8a01-a08ec2d61888.png	https://luonvuituoi.co/products/ao-thun-dai-tay-cứ-từ-từ-khong-vội	2025-12-31
Ma Trĩ Sweater	Tuyệt Đối Điện Ảnh	Sweater	https://cdn.shopify.com/s/files/1/0918/5597/8816/files/dentr_c_6666faa3-fce1-4c6e-a263-98f2d167424e.png	https://luonvuituoi.co/products/ma-tri-sweater	2025-12-27
Slay Demacia Sweater	Đời Game Thủ	Sweater	https://cdn.shopify.com/s/files/1/0918/5597/8816/files/dentr_c_cad78410-afb8-4d51-99b6-4290b26b7b57.png	https://luonvuituoi.co/products/slay-demacia-sweater	2025-12-27
Slay Boss Sweater	Đời Game Thủ	Sweater	https://cdn.shopify.com/s/files/1/0918/5597/8816/files/dentr_c_57aa5fe7-6a37-4f5c-8f35-33138a8ef50e.png	https://luonvuituoi.co/products/slay-boss-sweater	2025-12-27
Top Tier Sweater	Đời Game Thủ	Sweater	https://cdn.shopify.com/s/files/1/0918/5597/8816/files/densau_1f0300ec-dca3-47ea-bbe0-73ba4fb7df28.png	https://luonvuituoi.co/products/top-tier-sweater	2025-12-27
Only Teamfight Tactics Sweater	Đời Game Thủ	Sweater	https://cdn.shopify.com/s/files/1/0918/5597/8816/files/tr_ngtr_c_4d073058-cd2b-46bf-b3b9-02feada0c1f5.png	https://luonvuituoi.co/products/only-teamfight-tactics-sweater	2025-12-27
Only League Of Legends Sweater	Đời Game Thủ	Sweater	https://cdn.shopify.com/s/files/1/0918/5597/8816/files/tr_ngtr_c_b755d0ef-f6f3-43de-807b-275354c3cd48.png	https://luonvuituoi.co/products/only-league-of-legends-sweater	2025-12-27
5 Tiền 3 Sao Sweater	Đời Game Thủ	Sweater	https://cdn.shopify.com/s/files/1/0918/5597/8816/files/tr_ngsau_b62ec6a7-f2a4-46e7-81dd-ed348932ced3.png	https://luonvuituoi.co/products/5-tiền-3-sao-sweater	2025-12-27
Tiền Vô Như Nước Sweater	Nghỉ Lễ	Sweater	https://cdn.shopify.com/s/files/1/0918/5597/8816/files/tr_ngtr_c_a5b832db-bcc0-4bb4-9d19-0f40d72caef4.png	https://luonvuituoi.co/products/tiền-vo-như-nước-sweater	2025-12-27
Ngựa Ngựa Sang Năm Mới Sweater	Nghỉ Lễ	Sweater	https://cdn.shopify.com/s/files/1/0918/5597/8816/files/dentr_c_7c6cf01d-308a-4223-8583-260a6ae0ea90.png	https://luonvuituoi.co/products/ngựa-ngựa-sang-nam-mới-sweater	2025-12-27
Mã Đáo Thành Công Sweater	Nghỉ Lễ	Sweater	https://cdn.shopify.com/s/files/1/0918/5597/8816/files/dentr_c_89b93baa-6cba-4bc3-9480-052de8471aaf.png	https://luonvuituoi.co/products/ma-dao-thanh-cong-sweater	2025-12-27
Xì Tép Sweater	Nghỉ Lễ	Sweater	https://cdn.shopify.com/s/files/1/0918/5597/8816/files/densau_f5a6d496-56cd-4d6b-bee6-f720f9ad0748.png	https://luonvuituoi.co/products/xi-tep-sweater	2025-12-27
Heo Cơ Sweater	Nghỉ Lễ	Sweater	https://cdn.shopify.com/s/files/1/0918/5597/8816/files/tr_ngsau_eb522a87-7e30-44d2-b60d-8b23e164a40b.png	https://luonvuituoi.co/products/heo-cơ-sweater	2025-12-27
Át Chủ Bài Sweater	Nghỉ Lễ	Sweater	https://cdn.shopify.com/s/files/1/0918/5597/8816/files/kemsau_9df2b14b-2886-44a6-950c-dd429a9c5490.png	https://luonvuituoi.co/products/at-chủ-bai-sweater	2025-12-27
Ace Rô Sweater	Nghỉ Lễ	Sweater	https://cdn.shopify.com/s/files/1/0918/5597/8816/files/kemsau_1f381b48-3c20-4c89-970a-94079122d985.png	https://luonvuituoi.co/products/ace-ro-sweater	2025-12-27
Ace Cơ Sweater	Nghỉ Lễ	Sweater	https://cdn.shopify.com/s/files/1/0918/5597/8816/files/h_ngsau_4d38cedf-5825-4273-952b-102f3a785b01.png	https://luonvuituoi.co/products/ace-cơ-sweater	2025-12-27
Mother Sweater	Love Bites	Sweater	https://cdn.shopify.com/s/files/1/0918/5597/8816/files/h_ngtr_c_74979651-4065-4979-93bc-2befdb23a3f0.png	https://luonvuituoi.co/products/mother-sweater	2025-12-27
Mother Fucker Sweater	Love Bites	Sweater	https://cdn.shopify.com/s/files/1/0918/5597/8816/files/h_ngtr_c_480485be-f0ba-4a75-a396-de070eb93977.png	https://luonvuituoi.co/products/mother-fucker-sweater	2025-12-27
Không Tin Đàn Ông - Tồi Thì Tin Sweater	Love Bites	Sweater	https://cdn.shopify.com/s/files/1/0918/5597/8816/files/h_ngsau_4fdc6f65-ba0f-43f4-9d49-e8da1f71bcc6.png	https://luonvuituoi.co/products/khong-tin-dan-ong-tồi-thi-tin-sweater	2025-12-27
Jungler I Like Bushes Sweater	Đời Game Thủ	Sweater	https://cdn.shopify.com/s/files/1/0918/5597/8816/files/densau_8564831a-98ff-46c3-9f7b-30a18b173932.png	https://luonvuituoi.co/products/jungler-i-like-bushes-sweater	2025-12-27
I Love NTR Sweater	Love Bites	Sweater	https://cdn.shopify.com/s/files/1/0918/5597/8816/files/dentr_c_62f4ef40-5946-4fcc-a9db-45eac985f500.png	https://luonvuituoi.co/products/i-love-ntr-sweater	2025-12-27
Anh Qua Em Nha Sweater	Love Bites	Sweater	https://cdn.shopify.com/s/files/1/0918/5597/8816/files/kemtr_c_769bdcc2-38f1-42c8-af30-71dd735b5e73.png	https://luonvuituoi.co/products/anh-qua-em-nha-sweater	2025-12-27
Thích Lì Xì Sweater	Nghỉ Lễ	Sweater	https://cdn.shopify.com/s/files/1/0918/5597/8816/files/kemtr_c_30e88c07-3314-4583-88ed-ef84659e1847.png	https://luonvuituoi.co/products/thich-li-xi-sweater	2025-12-27
Tết Ở Làng Xì Jack Sweater	Nghỉ Lễ	Sweater	https://cdn.shopify.com/s/files/1/0918/5597/8816/files/densau_94709149-7ccf-4943-8e31-f96258065e76.png	https://luonvuituoi.co/products/tết-ở-lang-xi-jack-sweater	2025-12-27
Tết Này Chưa Cưới Sweater	Nghỉ Lễ	Sweater	https://cdn.shopify.com/s/files/1/0918/5597/8816/files/kemsau_630ec572-99c4-48bc-b3db-705394ac4db5.png	https://luonvuituoi.co/products/tết-nay-chưa-cưới-sweater	2025-12-27
Đỗ Thánh Sweater	Nghỉ Lễ	Sweater	https://cdn.shopify.com/s/files/1/0918/5597/8816/files/dentr_c_4f8f9193-3416-4ddb-8cf8-af25be4b7dff.png	https://luonvuituoi.co/products/dỗ-thanh-sweater	2025-12-27
Ba Bích Đi Trước Sweater	Nghỉ Lễ	Sweater	https://cdn.shopify.com/s/files/1/0918/5597/8816/files/densau_721011c5-22f0-4b82-ac85-73f385c38095.png	https://luonvuituoi.co/products/ba-bich-di-trước-sweater	2025-12-27
Top 1 Winner Sweater	Đời Game Thủ	Sweater	https://cdn.shopify.com/s/files/1/0918/5597/8816/files/densau_1552780c-4db7-4159-8b25-d3f7fce498dc.png	https://luonvuituoi.co/products/top-1-winner-sweater	2025-12-27
Phá Đảo Sweater	Đời Game Thủ	Sweater	https://cdn.shopify.com/s/files/1/0918/5597/8816/files/densau_d968101d-ea90-4134-9f28-272c27fbd885.png	https://luonvuituoi.co/products/pha-dảo-sweater	2025-12-27
Ngựa Bà	Nghỉ Lễ	Dài tay;Thun	https://cdn.shopify.com/s/files/1/0918/5597/8816/files/kemtr_c_3b8242b3-6c59-4211-afee-50e0276a10a0.png	https://luonvuituoi.co/products/ao-thun-dai-tay-ngựa-ba	2025-12-24
Những Điều Lạ Loz Sweater	Tuyệt Đối Điện Ảnh	Sweater	https://cdn.shopify.com/s/files/1/0918/5597/8816/files/dentr_c_5b163285-a5ef-4fab-9712-85ff9de74a27.png	https://luonvuituoi.co/products/những-diều-lạ-loz-sweater	2025-12-27
Ngựa Ngựa Sang Năm Mới	Nghỉ Lễ	Dài tay;Thun	https://cdn.shopify.com/s/files/1/0918/5597/8816/files/tr_ngtr_c_c642562e-96e0-4a0a-aec3-895ef16d0e0c.png	https://luonvuituoi.co/products/ao-thun-dai-tay-ngựa-ngựa-sang-nam-mới	2025-12-25
Ngựa Ngựa	Nghỉ Lễ	Dài tay;Thun	https://cdn.shopify.com/s/files/1/0918/5597/8816/files/dentr_c_686a0471-48e2-45d8-9613-c7a3bf0a9a47.png	https://luonvuituoi.co/products/ao-thun-dai-tay-ngựa-ngựa	2025-12-24
Mã Đáo Thành Công	Nghỉ Lễ	Dài tay;Thun	https://cdn.shopify.com/s/files/1/0918/5597/8816/files/dentr_c_833ea6f1-64aa-4d45-bb9b-d3c58d686d02.png	https://luonvuituoi.co/products/ao-thun-dai-tay-ma-dao-thanh-cong	2025-12-25
Không Cháu Lớn Rồi - Gấp Đôi Đi Chú	Nghỉ Lễ	Dài tay;Thun	https://cdn.shopify.com/s/files/1/0918/5597/8816/files/kemsau_1da82321-1a73-4d7d-9be9-4e10b481e54c.png	https://luonvuituoi.co/products/ao-thun-dai-tay-khong-chau-lớn-rồi-gấp-doi-di-chu	2025-12-24
Heo Cơ	Nghỉ Lễ	Dài tay;Thun	https://cdn.shopify.com/s/files/1/0918/5597/8816/files/tr_ngsau_5d78785f-3807-4fc2-ac1c-1bb580551b65.png	https://luonvuituoi.co/products/ao-thun-dai-tay-heo-cơ	2025-12-25
Còn Thở Còn Gỡ	Nghỉ Lễ;Trơi Bời	Dài tay;Thun	https://cdn.shopify.com/s/files/1/0918/5597/8816/files/kemsau_4dba8828-d399-439a-9141-bad08a73730f.png	https://luonvuituoi.co/products/ao-thun-dai-tay-con-thở-con-gỡ	2025-09-10
Thơm&Ngon	Lifey Stuff	Dài tay;Thun	https://cdn.shopify.com/s/files/1/0918/5597/8816/files/dentr_c_d18753e1-4342-431f-ad51-f5102b9fb38f.png	https://luonvuituoi.co/products/ao-thun-dai-tay-thơm-ngon	2025-06-17
Tiền Vô Như Nước	Nghỉ Lễ	Dài tay;Thun	https://cdn.shopify.com/s/files/1/0918/5597/8816/files/tr_ngtr_c_828daa45-f960-4896-82fa-e2c4f97249eb.png	https://luonvuituoi.co/products/ao-thun-dai-tay-only-tiền-vo-như-nước	2025-12-25
Ma Trĩ	Tuyệt Đối Điện Ảnh	Dài tay;Thun	https://cdn.shopify.com/s/files/1/0918/5597/8816/files/dentr_c_cd6a55f8-0ef1-42b5-887a-a46ca10d9f6e.png	https://luonvuituoi.co/products/ao-thun-dai-tay-ma-tri	2025-12-25
2026 Will Be My Year	Nghỉ Lễ	Thun	https://cdn.shopify.com/s/files/1/0918/5597/8816/files/densau_d38b6e10-c5f1-4b2c-b4df-fc58b71c0606.png	https://luonvuituoi.co/products/ao-thun-2026-will-be-my-year	2025-12-26
Đừng Hỏi Khi Nào Lấy Vợ	Nghỉ Lễ	Dài tay;Thun	https://cdn.shopify.com/s/files/1/0918/5597/8816/files/dentr_c_22b86920-245a-4457-a371-8e3c2445db9e.png	https://luonvuituoi.co/products/ao-thun-dai-tay-dừng-hỏi-khi-nao-lấy-vợ	2025-12-24
Đừng Hỏi Khi Nào Lấy Chồng	Nghỉ Lễ	Dài tay;Thun	https://cdn.shopify.com/s/files/1/0918/5597/8816/files/kemtr_c_75d0960a-3a40-4503-9fd8-242908b3fc89.png	https://luonvuituoi.co/products/ao-thun-dai-tay-dừng-hỏi-khi-nao-lấy-chồng	2025-12-24
Đừng Đánh Thức Con Hổ Trong Tôi	Animal Circus	Dài tay;Thun	https://cdn.shopify.com/s/files/1/0918/5597/8816/files/kemtr_c_7ac99e87-6f69-4897-bd38-661897da57c2.png	https://luonvuituoi.co/products/ao-thun-dai-tay-dừng-danh-thức-con-hổ-trong-toi	2025-06-19
Còn Thở Còn Gỡ 2	Nghỉ Lễ	Dài tay;Thun	https://cdn.shopify.com/s/files/1/0918/5597/8816/files/densau_4a111fb3-ce5e-4713-af18-cc7126790803.png	https://luonvuituoi.co/products/ao-thun-dai-tay-con-thở-con-gỡ-2	2025-12-24
Át Cơ	Nghỉ Lễ	Dài tay;Thun	https://cdn.shopify.com/s/files/1/0918/5597/8816/files/tr_ngtr_c_37070a20-c06c-42d2-aa3b-a89f71eef582.png	https://luonvuituoi.co/products/ao-thun-dai-tay-at-cơ	2025-12-24
Át Chủ Bài	Nghỉ Lễ	Dài tay;Thun	https://cdn.shopify.com/s/files/1/0918/5597/8816/files/densau_174c1c4e-d031-4277-9dfd-deba6b66e49b.png	https://luonvuituoi.co/products/ao-thun-dai-tay-at-chủ-bai	2025-12-25
Át Bích	Nghỉ Lễ	Dài tay;Thun	https://cdn.shopify.com/s/files/1/0918/5597/8816/files/tr_ngtr_c_4875c12c-878b-45f3-a543-06242f205e46.png	https://luonvuituoi.co/products/ao-thun-dai-tay-at-bich	2025-12-23
Ace Rô	Nghỉ Lễ	Dài tay;Thun	https://cdn.shopify.com/s/files/1/0918/5597/8816/files/kemsau_0393b607-7d37-4783-a5a1-d9980012e7cf.png	https://luonvuituoi.co/products/ao-thun-dai-tay-ace-ro	2025-12-25
Ace Cơ	Nghỉ Lễ	Dài tay;Thun	https://cdn.shopify.com/s/files/1/0918/5597/8816/files/kemsau_88fb4bf5-d278-4e3c-aa3b-16fe16b0ed67.png	https://luonvuituoi.co/products/ao-thun-dai-tay-ace-cơ	2025-12-25
2 Cơ	Nghỉ Lễ	Dài tay;Thun	https://cdn.shopify.com/s/files/1/0918/5597/8816/files/tr_ngtr_c_e3597775-65b9-4497-bc36-03d3d4830416.png	https://luonvuituoi.co/products/ao-thun-dai-tay-2-cơ	2025-12-24
Đường Đua Tốn Gái Hoodie	Trơi Bời	Hoodie	https://cdn.shopify.com/s/files/1/0918/5597/8816/files/densau_2cddb6ec-2c06-4cb6-9037-8a2a9c7f3ae2.png	https://luonvuituoi.co/products/dường-dua-tốn-gai-hoodie-1	2025-12-26
HD I Trust Chat GPT than I trust you Hoodie	Love Bites	Hoodie	https://cdn.shopify.com/s/files/1/0918/5597/8816/files/kemsau_f044fc6c-a426-4ce7-8322-e1af1b0ee313.png	https://luonvuituoi.co/products/hd-i-trust-chat-gpt-than-i-trust-you-hoodie-2	2025-12-26
Mình Quay Lại Em Nhé Hoodie	Love Bites	Hoodie	https://cdn.shopify.com/s/files/1/0918/5597/8816/files/kemsau_5a430086-65e0-4a6c-b2b9-30f6a8b72ebc.png	https://luonvuituoi.co/products/minh-quay-lại-em-nhe-hoodie-3	2025-12-26
Áp Bồ Hoodie	Fruitland	Hoodie	https://cdn.shopify.com/s/files/1/0918/5597/8816/files/tr_ngtr_c_17ede7f8-b780-416b-be6f-1cdef2a6d08d.png	https://luonvuituoi.co/products/ap-bồ-hoodie-1	2025-12-26
Ba Lên Xe Tay Ga Hoodie	Trơi Bời	Hoodie	https://cdn.shopify.com/s/files/1/0918/5597/8816/files/dentr_c_ae0db27f-f2cd-4184-8c3a-89a3690bc662.png	https://luonvuituoi.co/products/ba-len-xe-tay-ga-hoodie-1	2025-12-26
Bản Đôn Chề Hoodie	Trơi Bời	Hoodie	https://cdn.shopify.com/s/files/1/0918/5597/8816/files/densau_8ed3c236-da67-410d-84d9-27ab38335c72.png	https://luonvuituoi.co/products/bản-don-chề-hoodie-2	2025-12-26
Chúc Bạn Mất Trinh Hoodie	Trơi Bời	Hoodie	https://cdn.shopify.com/s/files/1/0918/5597/8816/files/h_ngsau_a69feef4-dca7-4f71-bc59-17b9fc96d8d6.png	https://luonvuituoi.co/products/chuc-bạn-mất-trinh-hoodie-1	2025-12-26
Cứ Chan Đê Hoodie	Trơi Bời	Hoodie	https://cdn.shopify.com/s/files/1/0918/5597/8816/files/h_ngtr_c_a323d81f-15e6-42c1-898c-041b21b32f3d.png	https://luonvuituoi.co/products/cứ-chan-de-hoodie-1	2025-12-26
Của Ít Lòng Vòng Hoodie	Trơi Bời	Hoodie	https://cdn.shopify.com/s/files/1/0918/5597/8816/files/h_ngsau_af6ee219-5603-46c2-84a7-0d49da1cd7d1.png	https://luonvuituoi.co/products/của-it-long-vong-hoodie-1	2025-12-26
Mình Quay Lại Anh Nhé Hoodie	Love Bites	Hoodie	https://cdn.shopify.com/s/files/1/0918/5597/8816/files/kemsau_88e7fc0b-5403-42fe-900d-c87128fb4197.png	https://luonvuituoi.co/products/minh-quay-lại-anh-nhe-hoodie-1	2025-12-26
Gâu Gâu Hoodie	Love Bites	Hoodie	https://cdn.shopify.com/s/files/1/0918/5597/8816/files/dentr_c_44529682-75f4-4e2d-bd92-1fd4ed02703f.png	https://luonvuituoi.co/products/gau-gau-hoodie-1	2025-12-26
Xì Tép	Nghỉ Lễ	Thun	https://cdn.shopify.com/s/files/1/0918/5597/8816/files/tr_ngsau_edd9bfe6-ae7e-445d-b2e0-a69900fc4bf0.png	https://luonvuituoi.co/products/ao-thun-xi-tep	2025-12-25
Từ Lớp 1 Đến Lớp You	Lifey Stuff	Dài tay;Thun	https://cdn.shopify.com/s/files/1/0918/5597/8816/files/dentr_c_7c5d3155-dacb-4d31-8d9a-12130f92d4ff.png	https://luonvuituoi.co/products/ao-thun-dai-tay-từ-lớp-1-dến-lớp-you	2025-06-20
Đẹp Người Đẹp Nết	Lifey Stuff	Dài tay;Thun	https://cdn.shopify.com/s/files/1/0918/5597/8816/files/tr_ngtr_c_21320244-69ba-4fab-a5de-c2d73d37e85f.png	https://luonvuituoi.co/products/ao-thun-dai-tay-dẹp-người-dẹp-nết	2025-07-24
Anh Chàng Thư Giãn	Lifey Stuff	Dài tay;Thun	https://cdn.shopify.com/s/files/1/0918/5597/8816/files/dentr_c_f0f5a0fd-0a42-4846-b09c-394bf597430c.png	https://luonvuituoi.co/products/ao-thun-dai-tay-anh-chang-thư-gian	2025-07-19
Cô Nàng Thư Giãn	Lifey Stuff	Dài tay;Thun	https://cdn.shopify.com/s/files/1/0918/5597/8816/files/navytr_c_a5752984-98de-4939-ba57-dd2395565b1a.png	https://luonvuituoi.co/products/ao-thun-dai-tay-co-nang-thư-gian	2025-07-19
Sống Zô Tri Hưởng Thái Bình	Lifey Stuff	Dài tay;Thun	https://cdn.shopify.com/s/files/1/0918/5597/8816/files/dentr_c_f4ced060-dd1d-4a05-9058-436c9c569e1f.png	https://luonvuituoi.co/products/ao-thun-dai-tay-sống-zo-tri-hưởng-thai-binh	2025-07-19
Adidogs	Animal Circus	Dài tay;Thun	https://cdn.shopify.com/s/files/1/0918/5597/8816/files/dentr_c_4422b198-f116-4f6c-86d5-2eabd726ec48.png	https://luonvuituoi.co/products/ao-thun-dai-tay-adidogs	2025-06-19
TIRED	Lifey Stuff	Dài tay;Thun	https://cdn.shopify.com/s/files/1/0918/5597/8816/files/navytr_c_22ae7f0a-4d2a-47fe-aeae-28f7eb06d90a.png	https://luonvuituoi.co/products/ao-thun-dai-tay-tired	2025-06-19
Only Fans 1	Lifey Stuff	Dài tay;Thun	https://cdn.shopify.com/s/files/1/0918/5597/8816/files/tr_ngtr_c_5bc00bcb-a6e8-40fe-b86d-62b5983b47b9.png	https://luonvuituoi.co/products/ao-thun-dai-tay-only-fans-1	2025-06-20
Meme Tổng Tài	Animal Circus	Dài tay;Thun	https://cdn.shopify.com/s/files/1/0918/5597/8816/files/dentr_c_aee725e9-be89-41e8-b02d-1a65fe9b2ea5.png	https://luonvuituoi.co/products/ao-thun-dai-tay-meme-tổng-tai	2025-09-22
Không Phải Bàn	Lifey Stuff	Dài tay;Thun	https://cdn.shopify.com/s/files/1/0918/5597/8816/files/dentr_c_a57fd934-4aeb-49d2-97ff-2f76e3216df4.png	https://luonvuituoi.co/products/ao-thun-dai-tay-khong-phải-ban	2025-06-20
I_m Over Thinking	Animal Circus	Dài tay;Thun	https://cdn.shopify.com/s/files/1/0918/5597/8816/files/dentr_c_f9793982-f1ff-4437-a970-998f15dd4327.png	https://luonvuituoi.co/products/ao-thun-dai-tay-i_m-over-thinking	2025-06-20
I Trust Chat GPT than I trust you Sweater	Love Bites	Sweater	https://cdn.shopify.com/s/files/1/0918/5597/8816/files/kemsau_7cbede3f-1f42-4725-ba2d-2c0d9372cc02.png	https://luonvuituoi.co/products/i-trust-chat-gpt-than-i-trust-you-sweater	2025-12-24
Peter Địa	Tuyệt Đối Điện Ảnh	Dài tay;Thun	https://cdn.shopify.com/s/files/1/0918/5597/8816/files/tr_ngsau_c1ae229f-5904-4bfd-8bd8-b6462b0b99f8.png	https://luonvuituoi.co/products/ao-thun-dai-tay-peter-dịa	2025-12-09
Quán Con Sò Say	Tuyệt Đối Điện Ảnh	Dài tay;Thun	https://cdn.shopify.com/s/files/1/0918/5597/8816/files/kemsau_4b13a7ea-38a3-4acd-92f1-0443b28642d6.png	https://luonvuituoi.co/products/ao-thun-dai-tay-quan-con-so-say	2025-12-09
Đi Lùng Francis	Tuyệt Đối Điện Ảnh	Dài tay;Thun	https://cdn.shopify.com/s/files/1/0918/5597/8816/files/dentr_c_2dcd4e93-c9cd-464e-8f76-1d12abf11ac7.png	https://luonvuituoi.co/products/ao-thun-dai-tay-di-lung-francis	2025-12-11
I Love An Choi	Trơi Bời	Dài tay;Thun	https://cdn.shopify.com/s/files/1/0918/5597/8816/files/dentr_c_51bf4642-8a33-469d-9e61-a32ab1a24789.png	https://luonvuituoi.co/products/ao-thun-dai-tay-i-love-an-choi	2025-12-11
Không Thể Chứng Minh	Tuyệt Đối Điện Ảnh	Dài tay;Thun	https://cdn.shopify.com/s/files/1/0918/5597/8816/files/dentr_c_57c7f917-1fb6-4e7f-a26a-dba2a3d8eb84.png	https://luonvuituoi.co/products/ao-thun-dai-tay-khong-thể-chứng-minh	2025-12-11
Let Him Cook	Tuyệt Đối Điện Ảnh	Dài tay;Thun	https://cdn.shopify.com/s/files/1/0918/5597/8816/files/densau_2c2b2be8-c661-49dc-ac87-8d487b68a490.png	https://luonvuituoi.co/products/ao-thun-dai-tay-let-him-cook	2025-12-11
Nảu To Send Nudes	Tuyệt Đối Điện Ảnh	Dài tay;Thun	https://cdn.shopify.com/s/files/1/0918/5597/8816/files/tr_ngsau_65ff7b0e-3871-489d-8a67-6736ddbc630f.png	https://luonvuituoi.co/products/ao-thun-dai-tay-nảu-to-send-nudes	2025-12-11
Quang Mai Địa	Tuyệt Đối Điện Ảnh	Dài tay;Thun	https://cdn.shopify.com/s/files/1/0918/5597/8816/files/tr_ngsau_c3b4c053-2584-405d-9bf5-796d9fe1707f.png	https://luonvuituoi.co/products/ao-thun-dai-tay-quang-mai-dịa	2025-12-11
Send Nude Z	Tuyệt Đối Điện Ảnh	Dài tay;Thun	https://cdn.shopify.com/s/files/1/0918/5597/8816/files/dentr_c_6f6c00cf-68e6-4e80-a30c-4d06ab699e79.png	https://luonvuituoi.co/products/ao-thun-dai-tay-send-nude-z	2025-12-11
Cây Thông 500K	Nghỉ Lễ	Dài tay;Thun	https://cdn.shopify.com/s/files/1/0918/5597/8816/files/dentr_c_fdfba053-14a4-4858-a584-adb880f7c97f.png	https://luonvuituoi.co/products/ao-thun-dai-tay-cay-thong-500k	2025-12-12
Những Điều Lạ Loz	Tuyệt Đối Điện Ảnh	Dài tay;Thun	https://cdn.shopify.com/s/files/1/0918/5597/8816/files/dentr_c_0b419619-fa17-4d32-8277-4b19e9004185.png	https://luonvuituoi.co/products/ao-thun-dai-tay-những-diều-lạ-loz	2025-12-16
Ba Bích Đi Trước	Nghỉ Lễ	Dài tay;Thun	https://cdn.shopify.com/s/files/1/0918/5597/8816/files/tr_ngsau_3b7f19bc-09cf-44d1-9100-6ef307f05bc2.png	https://luonvuituoi.co/products/ao-thun-dai-tay-ba-bich-di-trước	2025-12-17
Đỗ Thánh	Nghỉ Lễ	Dài tay;Thun	https://cdn.shopify.com/s/files/1/0918/5597/8816/files/dentr_c_a0499fb8-1fc0-4f48-b3c5-0a386c4a6267.png	https://luonvuituoi.co/products/ao-thun-dai-tay-dỗ-thanh	2025-12-17
Tết Này Chưa Cưới	Nghỉ Lễ	Dài tay;Thun	https://cdn.shopify.com/s/files/1/0918/5597/8816/files/kemsau_8b4d7cf3-aa45-4084-aaea-d6d327067b42.png	https://luonvuituoi.co/products/ao-thun-dai-tay-tết-nay-chưa-cưới	2025-12-17
Tết Ở Làng Xì Jack	Nghỉ Lễ	Dài tay;Thun	https://cdn.shopify.com/s/files/1/0918/5597/8816/files/kemsau_95d6c949-d51b-4570-aaa0-c076753d58da.png	https://luonvuituoi.co/products/ao-thun-dai-tay-tết-ở-lang-xi-jack	2025-12-17
Thích Lì Xì	Nghỉ Lễ	Dài tay;Thun	https://cdn.shopify.com/s/files/1/0918/5597/8816/files/kemtr_c_e295d48c-0dc4-4128-929c-7daf8702aca8.png	https://luonvuituoi.co/products/ao-thun-dai-tay-thich-li-xi	2025-12-17
Dọn Lòng Đón Tết	Job;Nghỉ Lễ	Dài tay;Thun	https://cdn.shopify.com/s/files/1/0918/5597/8816/files/tr_ngsau_a7a8f54b-217a-4731-8d5d-001d4f109fc0.png	https://luonvuituoi.co/products/ao-thun-dai-tay-dọn-long-don-tết	2025-12-05
Muốn Nghỉ Tết	Nghỉ Lễ	Dài tay;Thun	https://cdn.shopify.com/s/files/1/0918/5597/8816/files/tr_ngsau_06e243cb-17c6-44b3-96e3-b18afaf5d15a.png	https://luonvuituoi.co/products/ao-thun-dai-tay-muốn-nghỉ-tết	2025-12-05
Nhạc Vào Lời Ra	Trơi Bời	Dài tay;Thun	https://cdn.shopify.com/s/files/1/0918/5597/8816/files/densau_1f794f91-5e06-4536-b461-aab5abf29135.png	https://luonvuituoi.co/products/ao-thun-dai-tay-nhạc-vao-lời-ra	2025-12-05
Trust Me I_m A Dogtor	Animal Circus	Dài tay;Thun	https://cdn.shopify.com/s/files/1/0918/5597/8816/files/kemtr_c_81512e17-e25f-4589-a121-8378a426368b.png	https://luonvuituoi.co/products/ao-thun-dai-tay-trust-me-i_m-a-dogtor	2025-06-20
Mai Tài Sơn	Tuyệt Đối Điện Ảnh	Dài tay;Thun	https://cdn.shopify.com/s/files/1/0918/5597/8816/files/dentr_c_e6dd616b-314d-4384-b3a8-59e223bbad45.png	https://luonvuituoi.co/products/ao-thun-dai-tay-mai-tai-sơn	2025-09-03
Harry Smoker	Tuyệt Đối Điện Ảnh	Dài tay;Thun	https://cdn.shopify.com/s/files/1/0918/5597/8816/files/dentr_c_8bb6a227-ae1b-4692-a915-0181c21b3493.png	https://luonvuituoi.co/products/ao-thun-dai-tay-harry-smoker	2025-06-20
Funny Lowcost	Animal Circus	Dài tay;Thun	https://cdn.shopify.com/s/files/1/0918/5597/8816/files/dentr_c_171d679a-4b7a-4fa8-9861-93fa0ef2e266.png	https://luonvuituoi.co/products/ao-thun-dai-tay-funny-lowcost	2025-06-19
Chị Em Mình Hẹ Hẹ Hẹ	Lifey Stuff	Dài tay;Thun	https://cdn.shopify.com/s/files/1/0918/5597/8816/files/tr_ngtr_c_259e67a9-5605-44d8-ac32-8527b5fb9e1a.png	https://luonvuituoi.co/products/ao-thun-dai-tay-chị-em-minh-hẹ-hẹ-hẹ	2025-07-16
Câu Chuyện Chơi Đồ	Tuyệt Đối Điện Ảnh	Dài tay;Thun	https://cdn.shopify.com/s/files/1/0918/5597/8816/files/dentr_c_89d4af4b-6d4a-45e9-9438-bc514b605b7e.png	https://luonvuituoi.co/products/ao-thun-dai-tay-cau-chuyện-chơi-dồ	2025-09-18
3 Bích	Nghỉ Lễ	Thun	https://cdn.shopify.com/s/files/1/0918/5597/8816/files/tr_ngtr_c_caa4df6a-fee3-41ba-a5e2-3739069f287a.png	https://luonvuituoi.co/products/ao-thun-3-bich	2025-12-24
Trai Tài Gái Xỉu	Trơi Bời	Dài tay	https://cdn.shopify.com/s/files/1/0918/5597/8816/files/densau_d2902e8b-ba9d-4771-9ef4-31ae7e91b2da.png	https://luonvuituoi.co/products/ao-thun-dai-tay-trai-tai-gai-xỉu	2025-12-23
Ngựa Ngựa Sweater	Nghỉ Lễ	Sweater	https://cdn.shopify.com/s/files/1/0918/5597/8816/files/swdentr_c_d0575e7d-9e19-4a0a-aebd-f21de8d84031.png	https://luonvuituoi.co/products/ngựa-ngựa-sweater	2025-12-23
Ngựa Bà Sweater	Nghỉ Lễ	Sweater	https://cdn.shopify.com/s/files/1/0918/5597/8816/files/swdentr_c_68265d76-0e7f-4158-baac-185b1fdcbc0f.png	https://luonvuituoi.co/products/ngựa-ba-sweater	2025-12-23
Không Cháu Lớn Rồi - Gấp Đôi Đi Chú Sweater	Nghỉ Lễ	Sweater	https://cdn.shopify.com/s/files/1/0918/5597/8816/files/kemsau_d6881f5a-7b95-4100-803a-65e1b995f08c.png	https://luonvuituoi.co/products/khong-chau-lớn-rồi-gấp-doi-di-chu-sweater	2025-12-23
Đừng Hỏi Khi Nào Lấy Vợ Sweater	Nghỉ Lễ	Sweater	https://cdn.shopify.com/s/files/1/0918/5597/8816/files/kemtr_c_c0a9cadf-8c1f-4cae-a462-9b5c59e2b15f.png	https://luonvuituoi.co/products/dừng-hỏi-khi-nao-lấy-vợ-sweater	2025-12-23
Đừng Hỏi Khi Nào Lấy Chồng Sweater	Nghỉ Lễ	Sweater	https://cdn.shopify.com/s/files/1/0918/5597/8816/files/swkemtr_c_7bce864b-aa79-474e-9989-a460bcde3564.png	https://luonvuituoi.co/products/dừng-hỏi-khi-nao-lấy-chồng-sweater	2025-12-23
Còn Thở Còn Gỡ Sweater	Nghỉ Lễ;Trơi Bời	Sweater	https://cdn.shopify.com/s/files/1/0918/5597/8816/files/kemsau_57578b6f-948c-4e09-a13e-2d4b10675797.png	https://luonvuituoi.co/products/con-thở-con-gỡ-sweater-1	2025-11-03
Còn Thở Còn Gỡ 2 Sweater	Nghỉ Lễ	Sweater	https://cdn.shopify.com/s/files/1/0918/5597/8816/files/densau_cf54e041-f0b6-434d-b4c4-3c8291a4ad6e.png	https://luonvuituoi.co/products/con-thở-con-gỡ-2-sweater	2025-12-23
Chó Là Bạn Không Phải Tôi	Animal Circus	Dài tay;Thun	https://cdn.shopify.com/s/files/1/0918/5597/8816/files/densau_2c2329c0-56fa-4b04-be9c-26727ddd1a30.png	https://luonvuituoi.co/products/ao-thun-dai-tay-cho-la-bạn-khong-phải-toi	2025-07-31
Chị Em Tao Đến Đây Sweater	Đũy Mèo	Sweater	https://cdn.shopify.com/s/files/1/0918/5597/8816/files/swdentr_c_443b28e5-547c-4c6a-8052-7d23d3e019e4.png	https://luonvuituoi.co/products/chị-em-tao-dến-day-sweater	2025-12-23
Át Cơ Sweater	Nghỉ Lễ	Sweater	https://cdn.shopify.com/s/files/1/0918/5597/8816/files/swtrangtr_c_69e8e778-06b4-4e23-aa81-173d58f48c25.png	https://luonvuituoi.co/products/at-cơ-sweater	2025-12-23
3 Bích Sweater	Nghỉ Lễ	Sweater	https://cdn.shopify.com/s/files/1/0918/5597/8816/files/swtrangtr_c_c74eb9e7-b01e-4524-b323-30d771f96029.png	https://luonvuituoi.co/products/3-bich-sweater	2025-12-23
2 Cơ Sweater	Nghỉ Lễ	Sweater	https://cdn.shopify.com/s/files/1/0918/5597/8816/files/swtrangtr_c_cd074a75-1730-4fa2-b080-59f4ba395840.png	https://luonvuituoi.co/products/2-cơ-sweater	2025-12-23
Chị Em Tao Đến Đây	Đũy Mèo	Thun	https://cdn.shopify.com/s/files/1/0918/5597/8816/files/dentr_c_bc9b6319-148e-4489-ae98-5966a9baad08.png	https://luonvuituoi.co/products/ao-thun-chị-em-minh-cứ-the-thoi	2025-12-22
Còn Thở Còn Gỡ 2 Hoodie	Nghỉ Lễ	Hoodie	https://cdn.shopify.com/s/files/1/0918/5597/8816/files/densau_cc16d224-61e1-43ae-9fab-b72cc0837f00.png	https://luonvuituoi.co/products/con-thở-con-gỡ-2-hoodie	2025-12-22
Muốn Nghỉ Làm Nhưng Nghèo Nên Vừa Khóc Vừa Làm Hoodie	Job	Hoodie	https://cdn.shopify.com/s/files/1/0918/5597/8816/files/kemsau_7310d67f-6653-4ee4-aec1-09a96597c928.png	https://luonvuituoi.co/products/muốn-nghỉ-lam-nhưng-ngheo-nen-vừa-khoc-vừa-lam-hoodie	2025-12-22
Muốn Nghỉ Làm Nhưng Nghèo Nên Vừa Khóc Vừa Làm Sweater	Job	Sweater	https://cdn.shopify.com/s/files/1/0918/5597/8816/files/xamtieunh_ttr_c_f5dc583f-fd08-48f4-9e58-424f938a87aa.png	https://luonvuituoi.co/products/muốn-nghỉ-lam-nhưng-ngheo-nen-vừa-khoc-vừa-lam-sweater	2025-12-22
Gâu Gâu Sweater	Love Bites	Sweater	https://cdn.shopify.com/s/files/1/0918/5597/8816/files/dentr_c_fd829344-8a23-4af5-be69-8801e3655a9c.png	https://luonvuituoi.co/products/gau-gau-sweater	2025-12-20
Sát Vợ Tao Rồi Sweater	Love Bites	Sweater	https://cdn.shopify.com/s/files/1/0918/5597/8816/files/dentr_c_cbe4f841-982b-448f-9b5e-4a449809321a.png	https://luonvuituoi.co/products/sat-vợ-tao-rồi-sweater-mh1630mh	2025-12-20
Sát Chồng Tao Rồi Sweater	Love Bites	Sweater	https://cdn.shopify.com/s/files/1/0918/5597/8816/files/h_ngtr_c_d8544615-5642-4916-a80d-886f2a82e929.png	https://luonvuituoi.co/products/sat-chồng-tao-rồi-sweater	2025-12-20
Hate First Love Later Sweater	Love Bites	Sweater	https://cdn.shopify.com/s/files/1/0918/5597/8816/files/kemtr_c_edbda25e-b75f-44bd-8856-abb5e463be75.png	https://luonvuituoi.co/products/hate-first-love-later-sweater	2025-12-20
Couple Yêu Không Hoodie	Love Bites	Hoodie	https://cdn.shopify.com/s/files/1/0918/5597/8816/files/densau_70417076-f29f-46e8-8972-a85be05df6a5.png	https://luonvuituoi.co/products/couple-yeu-khong-hoodie	2025-12-18
Couple Yêu Yêu Hoodie	Love Bites	Hoodie	https://cdn.shopify.com/s/files/1/0918/5597/8816/files/densau_e2a9c3d2-679c-460e-be67-f41c624bfbfc.png	https://luonvuituoi.co/products/couple-yeu-yeu-hoodie	2025-12-18
Người Hài Hước - Tym Đầy Vết Xước Hoodie	Job	Hoodie	https://cdn.shopify.com/s/files/1/0918/5597/8816/files/kemtr_c_aa75c380-5829-4ac1-8495-a14793d19356.png	https://luonvuituoi.co/products/người-hai-hước-tym-dầy-vết-xước-hoodie	2025-12-18
Người Vui Vẻ - Tym Sứt Mẻ Hoodie	Job	Hoodie	https://cdn.shopify.com/s/files/1/0918/5597/8816/files/kemtr_c_145e669e-23b4-42f9-a2d5-d59f395e0336.png	https://luonvuituoi.co/products/người-vui-vẻ-tym-sứt-mẻ-hoodie	2025-12-18
Trẻ Người Ngon Dạ! Hoodie	Trơi Bời	Hoodie	https://cdn.shopify.com/s/files/1/0918/5597/8816/files/densau_401d5505-621e-4038-ac42-e4e30d5aa075.png	https://luonvuituoi.co/products/trẻ-người-ngon-dạ-hoodie	2025-12-18
Trẻ Người Ngon Dạ! Sweater	Trơi Bời	Sweater	https://cdn.shopify.com/s/files/1/0918/5597/8816/files/densau_ded01382-7a8c-4c54-9d48-5f86ab0ff458.png	https://luonvuituoi.co/products/trẻ-người-ngon-dạ-sweater	2025-12-18
Người Vui Vẻ - Tym Sứt Mẻ Sweater	Job	Sweater	https://cdn.shopify.com/s/files/1/0918/5597/8816/files/kemtr_c_78c400bb-60f4-4c65-979d-cf53aa6c182a.png	https://luonvuituoi.co/products/người-vui-vẻ-tym-sứt-mẻ-sweater	2025-12-18
Người Hài Hước - Tym Đầy Vết Xước Sweater	Job	Sweater	https://cdn.shopify.com/s/files/1/0918/5597/8816/files/kemtr_c_304cd735-5313-4485-96bf-39421fa17033.png	https://luonvuituoi.co/products/người-hai-hước-tym-dầy-vết-xước-sweater	2025-12-18
Couple Yêu Yêu Sweater	Love Bites	Sweater	https://cdn.shopify.com/s/files/1/0918/5597/8816/files/kemtr_c_2c4907df-889d-41b7-a578-f4a673eb5817.png	https://luonvuituoi.co/products/couple-yeu-yeu-sweater	2025-12-18
Couple Yêu Không Sweater	Love Bites	Sweater	https://cdn.shopify.com/s/files/1/0918/5597/8816/files/kemtr_c_43d14801-4cd6-405a-b39d-10d83bed273b.png	https://luonvuituoi.co/products/couple-yeu-khong-sweater	2025-12-18
Tớ Cảm Ơn Sweater	Love Bites	Sweater	https://cdn.shopify.com/s/files/1/0918/5597/8816/files/swsauh_ng_49979ad1-e623-4306-8854-131c79319081.png	https://luonvuituoi.co/products/tớ-cảm-ơn-sweater	2025-12-18
Tớ Thích Cậu Sweater	Love Bites	Sweater	https://cdn.shopify.com/s/files/1/0918/5597/8816/files/swsauden_89403d67-428f-4adf-9377-0715d598f6e9.png	https://luonvuituoi.co/products/tớ-thich-cậu-sweater	2025-12-18
Tớ Cảm Ơn Hoodie	Love Bites	Hoodie	https://cdn.shopify.com/s/files/1/0918/5597/8816/files/swsauh_ng_9890d5a7-2ff1-41b4-8596-8ed213f28354.png	https://luonvuituoi.co/products/tớ-cảm-ơn-hoodie	2025-12-18
Tớ Thích Cậu Hoodie	Love Bites	Hoodie	https://cdn.shopify.com/s/files/1/0918/5597/8816/files/swsaukem_be49df35-4ea9-477f-9cb2-eec8ae5f1cee.png	https://luonvuituoi.co/products/tớ-thich-cậu-hoodie	2025-12-18
Silver Đàn Ông Sao Hỏa Đàn Bà Sao Đâu Hoodie	Love Bites	Hoodie	https://cdn.shopify.com/s/files/1/0918/5597/8816/files/densau_0b493f1c-4d9d-45b1-b16b-1cef3969c33f.png	https://luonvuituoi.co/products/silver-dan-ong-sao-hỏa-dan-ba-sao-dau-hoodie	2025-12-17
Pink Đàn Ông sao Hòa Đàn Bà Sao Đâu Hoodie	Love Bites	Hoodie	https://cdn.shopify.com/s/files/1/0918/5597/8816/files/densau_ab094b2a-9982-4d85-b3ca-eefa45e7ff75.png	https://luonvuituoi.co/products/pink-dan-ong-sao-hoa-dan-ba-sao-dau-hoodie	2025-12-17
Đẹp Trai Không Phải Lỗi Tại Anh Sweater	Lifey Stuff	Sweater	https://cdn.shopify.com/s/files/1/0918/5597/8816/files/navytr_c_ab5a501a-f9c3-4f10-97be-e3c3e4d02c74.png	https://luonvuituoi.co/products/dẹp-trai-khong-phải-lỗi-tại-anh-sweater	2025-12-17
Anh Ơi Sweater	Love Bites	Sweater	https://cdn.shopify.com/s/files/1/0918/5597/8816/files/swtr_cden_63086818-548e-4ec6-83b5-7b64a9440d9d.png	https://luonvuituoi.co/products/anh-ơi-sweater	2025-12-17
Anh Ơi Hoodie	Love Bites	Hoodie	https://cdn.shopify.com/s/files/1/0918/5597/8816/files/swsaunavy_4653433a-0d7b-46ec-96d8-3ea1802ceea0.png	https://luonvuituoi.co/products/anh-ơi-hoodie	2025-12-17
Aram Is My Ranked Hoodie	Đời Game Thủ	Hoodie	https://cdn.shopify.com/s/files/1/0918/5597/8816/files/densau_a9fc07cd-43f2-4d9f-8851-b84e5e1a7531.png	https://luonvuituoi.co/products/aram-is-my-ranked-hoodie	2025-12-12
All Random All Mid Hoodie	Đời Game Thủ	Hoodie	https://cdn.shopify.com/s/files/1/0918/5597/8816/files/densau_cc69104e-0804-495f-af3b-fb593baef047.png	https://luonvuituoi.co/products/all-random-all-mid-hoodie	2025-12-12
Toà Sao Hiểu Được Hoodie	Đời Game Thủ	Hoodie	https://cdn.shopify.com/s/files/1/0918/5597/8816/files/densau_37382862-9184-46f0-b0c6-a28a1305212f.png	https://luonvuituoi.co/products/toa-sao-hiểu-dược-hoodie	2025-12-12
Aram Is My Ranked Sweater	Đời Game Thủ	Sweater	https://cdn.shopify.com/s/files/1/0918/5597/8816/files/densau_da15b48c-f5a2-4c55-bd6a-b81dcc481ee0.png	https://luonvuituoi.co/products/aram-is-my-ranked-sweater	2025-12-12
Winner Winner Chicken Dinner Sweater	Đời Game Thủ	Sweater	https://cdn.shopify.com/s/files/1/0918/5597/8816/files/densau_ba7c663f-ae48-46f3-bbf0-bc0988b41f62.png	https://luonvuituoi.co/products/winner-winner-chicken-dinner-sweater	2025-12-12
Toà Sao Hiểu Được Sweater	Đời Game Thủ	Sweater	https://cdn.shopify.com/s/files/1/0918/5597/8816/files/densau_b5f224ad-52e6-4f40-9a65-d52aec1a5980.png	https://luonvuituoi.co/products/toa-sao-hiểu-dược-sweater	2025-12-12
All Random All Mid Sweater	Đời Game Thủ	Sweater	https://cdn.shopify.com/s/files/1/0918/5597/8816/files/densau_0baf76c7-d262-448b-9bb5-f41addc92713.png	https://luonvuituoi.co/products/all-random-all-mid-sweater	2025-12-12
Cây Thông 500K Hoodie	Nghỉ Lễ	Hoodie	https://cdn.shopify.com/s/files/1/0918/5597/8816/files/h_ngtr_c_ab9bc39b-acc8-49cb-a629-a9f0f9d55daa.png	https://luonvuituoi.co/products/cay-thong-500k-hoodie	2025-12-12
Cây Thông 500K Sweater	Nghỉ Lễ	Sweater	https://cdn.shopify.com/s/files/1/0918/5597/8816/files/h_ngtr_c_c7d45541-b5ad-41ae-9610-9a6780dbee02.png	https://luonvuituoi.co/products/cay-thong-500k-sweater	2025-12-12
Sexsi Sweater	Trơi Bời	Sweater	https://cdn.shopify.com/s/files/1/0918/5597/8816/files/tr_ngtr_c_02f79a35-bcd6-4c37-97ea-de59a1ee5b25.png	https://luonvuituoi.co/products/sexsi-sweater	2025-12-11
Send Nude Z Sweater	Tuyệt Đối Điện Ảnh	Sweater	https://cdn.shopify.com/s/files/1/0918/5597/8816/files/tr_ngtr_c_d065b2a2-db7d-41fe-89c6-a57e4f148c89.png	https://luonvuituoi.co/products/send-nude-z-sweater	2025-12-11
Quang Mai Địa Sweater	Tuyệt Đối Điện Ảnh	Sweater	https://cdn.shopify.com/s/files/1/0918/5597/8816/files/densau_175d76ef-5bb1-4403-9ed6-ed5420e413e2.png	https://luonvuituoi.co/products/quang-mai-dịa-sweater	2025-12-11
Nội Dung Nhạy Cảm Sweater	Trơi Bời	Sweater	https://cdn.shopify.com/s/files/1/0918/5597/8816/files/tr_ngtr_c_78343f3d-987c-43b1-8ba0-54377086ad9a.png	https://luonvuituoi.co/products/nội-dung-nhạy-cảm-sweater	2025-12-11
Nảu To Send Nudes Sweater	Tuyệt Đối Điện Ảnh	Sweater	https://cdn.shopify.com/s/files/1/0918/5597/8816/files/tr_ngsau_84d63269-65d3-4868-8f46-ac904006cbae.png	https://luonvuituoi.co/products/nảu-to-send-nudes-sweater	2025-12-11
Let Him Cook Sweater	Tuyệt Đối Điện Ảnh	Sweater	https://cdn.shopify.com/s/files/1/0918/5597/8816/files/tr_ngsau_231edf36-d37b-42c3-8a39-e11eef12d1ea.png	https://luonvuituoi.co/products/let-him-cook-sweater	2025-12-11
Không Thể Chứng Minh Sweater	Tuyệt Đối Điện Ảnh	Sweater	https://cdn.shopify.com/s/files/1/0918/5597/8816/files/dentr_c_90ef8cec-b490-4acd-bc76-6f3fbb82fa1a.png	https://luonvuituoi.co/products/khong-thể-chứng-minh-sweater	2025-12-11
I Love An Choi Sweater	Trơi Bời	Sweater	https://cdn.shopify.com/s/files/1/0918/5597/8816/files/dentr_c_a9231b5f-e861-4bcf-a98c-f9911d9e3f9c.png	https://luonvuituoi.co/products/i-love-an-choi-sweater	2025-12-11
Đi Lùng Francis Sweater	Tuyệt Đối Điện Ảnh	Sweater	https://cdn.shopify.com/s/files/1/0918/5597/8816/files/dentr_c_f349b48b-6ab3-4b33-8d66-03f820b9a540.png	https://luonvuituoi.co/products/di-lung-francis-sweater	2025-12-11
Co Ke Sweater	Trơi Bời	Sweater	https://cdn.shopify.com/s/files/1/0918/5597/8816/files/dentr_c_c82aae13-2ecb-4703-b589-d914d89854f4.png	https://luonvuituoi.co/products/co-ke-sweater	2025-12-11
Gọi Anh Là Chúa Hề Sweater	Love Bites	Sweater	https://cdn.shopify.com/s/files/1/0918/5597/8816/files/dentr_c_78a53b36-c42d-4385-a791-678bbb4b6123.png	https://luonvuituoi.co/products/gọi-anh-la-chua-hề-sweater	2025-12-09
Gọi Em Là Chúa Hề Sweater	Love Bites	Sweater	https://cdn.shopify.com/s/files/1/0918/5597/8816/files/dentr_c_730f1dbc-da52-417f-a55b-f28d698feac5.png	https://luonvuituoi.co/products/gọi-em-la-chua-hề-sweater	2025-12-09
Phụ Nữ Là Để Yêu Hoodie	Love Bites	Hoodie	https://cdn.shopify.com/s/files/1/0918/5597/8816/files/densau_cc3c1979-17fa-4787-bdf6-5dc2b74c31f4.png	https://luonvuituoi.co/products/phụ-nữ-la-dể-yeu-hoodie	2025-12-09
Đừng Đốt Cháy Bản Thân, Chỉ Để Sưởi Ấm Người Khác Hoodie	Love Bites	Hoodie	https://cdn.shopify.com/s/files/1/0918/5597/8816/files/densau_80d4de20-8a20-4b03-926a-f399f9ad0cda.png	https://luonvuituoi.co/products/dừng-dốt-chay-bản-than-chỉ-dể-sưởi-ấm-người-khac-hoodie	2025-12-09
Quán Con Sò Say Hoodie	Tuyệt Đối Điện Ảnh	Hoodie	https://cdn.shopify.com/s/files/1/0918/5597/8816/files/tr_ngsau_da8f9b05-3469-4549-9a79-baf3b11bad51.png	https://luonvuituoi.co/products/quan-con-so-say-hoodie	2025-12-09
Peter Địa Hoodie	Tuyệt Đối Điện Ảnh	Hoodie	https://cdn.shopify.com/s/files/1/0918/5597/8816/files/tr_ngsau_f2c601ed-5974-489b-a5b4-d42d3bd5b867.png	https://luonvuituoi.co/products/peter-dịa-hoodie	2025-12-09
Quán Con Sò Say Sweater	Tuyệt Đối Điện Ảnh	Sweater	https://cdn.shopify.com/s/files/1/0918/5597/8816/files/tr_ngsau_192fd385-1a3a-4ddd-acc4-1bbc6d3493fc.png	https://luonvuituoi.co/products/quan-con-so-say-sweater	2025-12-09
Peter Địa Sweater	Tuyệt Đối Điện Ảnh	Sweater	https://cdn.shopify.com/s/files/1/0918/5597/8816/files/tr_ngsau_5c7fd37c-98a6-4b4b-845b-5345c082c203.png	https://luonvuituoi.co/products/peter-dịa-sweater	2025-12-09
Nhạc Vào Lời Ra Hoodie	Trơi Bời	Hoodie	https://cdn.shopify.com/s/files/1/0918/5597/8816/files/densau_8a443d53-7443-4a89-af3b-abb0ead43290.png	https://luonvuituoi.co/products/nhạc-vao-lời-ra-hoodie	2025-12-09
Đi Yêu Nghề Về Iu Vợ Hoodie	Love Bites	Hoodie	https://cdn.shopify.com/s/files/1/0918/5597/8816/files/dentr_c_a9ef76b8-5cce-4789-b346-9b0b42c13ce6.png	https://luonvuituoi.co/products/di-yeu-nghề-về-iu-vợ-hoodie	2025-12-06
Muốn Nghỉ Tết Hoodie	Nghỉ Lễ	Hoodie	https://cdn.shopify.com/s/files/1/0918/5597/8816/files/kemsau_7836d8a8-be4b-4dba-a527-b7362588eab2.png	https://luonvuituoi.co/products/muốn-nghỉ-tết-hoodie	2025-12-06
Dọn Lòng Đón Tết Hoodie	Nghỉ Lễ	Hoodie	https://cdn.shopify.com/s/files/1/0918/5597/8816/files/kemsau_fab30509-20e1-4435-9f9d-0925b7efeb0b.png	https://luonvuituoi.co/products/dọn-long-don-tết-hoodie	2025-12-06
Sợ Mất Em Hoodie	Love Bites	Hoodie	https://cdn.shopify.com/s/files/1/0918/5597/8816/files/densau_f17fd65f-3289-456a-9af5-b332e0e1893f.png	https://luonvuituoi.co/products/sợ-mất-em-hoodie	2025-12-06
Sợ Mất Anh Hoodie	Love Bites	Hoodie	https://cdn.shopify.com/s/files/1/0918/5597/8816/files/densau_72accaf5-e1fb-41a8-a715-bb45121c3aad.png	https://luonvuituoi.co/products/sợ-mất-anh-hoodie	2025-12-06
Em Cần Nụ Cười Của Anh Hoodie	Love Bites	Hoodie	https://cdn.shopify.com/s/files/1/0918/5597/8816/files/tr_ngsau_719d43c7-e9dd-4351-afa5-25dc4de4a185.png	https://luonvuituoi.co/products/em-cần-nụ-cười-của-anh-hoodie	2025-12-06
Anh Cần Nụ Cười Của Em Hoodie	Love Bites	Hoodie	https://cdn.shopify.com/s/files/1/0918/5597/8816/files/tr_ngsau_b08c61e4-752a-44cf-96f8-92f68345a698.png	https://luonvuituoi.co/products/anh-cần-nụ-cười-của-em-sweater-1	2025-12-06
Aura Farming Hoodie	Trơi Bời	Hoodie	https://cdn.shopify.com/s/files/1/0918/5597/8816/files/tr_ngtr_c_bbdf6f5e-6ab3-499e-bc50-3beeca86461b.png	https://luonvuituoi.co/products/aura-farming-hoodie	2025-12-06
Sợ Mất Em Sweater	Love Bites	Sweater	https://cdn.shopify.com/s/files/1/0918/5597/8816/files/densau_c2cb8cb5-f2b9-4893-af03-357322f59158.png	https://luonvuituoi.co/products/sợ-mất-em-sweater	2025-12-06
Sợ Mất Anh Sweater	Love Bites	Sweater	https://cdn.shopify.com/s/files/1/0918/5597/8816/files/densau_44415214-b6a6-4ad0-9c44-67882d6cfbe7.png	https://luonvuituoi.co/products/sợ-mất-anh-sweater	2025-12-06
Nhạc Vào Lời Ra Sweater	Trơi Bời	Sweater	https://cdn.shopify.com/s/files/1/0918/5597/8816/files/densau_38768501-2755-4161-9cdc-71821c6dbdab.png	https://luonvuituoi.co/products/nhạc-vao-lời-ra-sweater	2025-12-06
Muốn Nghỉ Tết Sweater	Nghỉ Lễ	Sweater	https://cdn.shopify.com/s/files/1/0918/5597/8816/files/tr_ngsau_dd44b965-00d1-4ff2-8021-d2338517e1ec.png	https://luonvuituoi.co/products/muốn-nghỉ-tết-sweater	2025-12-06
Dọn Lòng Đón Tết Sweater	Nghỉ Lễ	Sweater	https://cdn.shopify.com/s/files/1/0918/5597/8816/files/kemsau_270e35ce-6fa7-4797-a79f-325956adc4fe.png	https://luonvuituoi.co/products/dọn-long-don-tết-sweater	2025-12-06
Aura Farming Sweater	Trơi Bời	Sweater	https://cdn.shopify.com/s/files/1/0918/5597/8816/files/tr_ngtr_c_7ecfa678-f534-4665-a5ef-31fcb2b80ac2.png	https://luonvuituoi.co/products/aura-farming-sweater	2025-12-06
Em Cần Nụ Cười Của Anh Sweater	Love Bites	Sweater	https://cdn.shopify.com/s/files/1/0918/5597/8816/files/tr_ngsau_bfaa8690-f724-4004-aba3-94dd794e64fd.png	https://luonvuituoi.co/products/em-cần-nụ-cười-của-anh-sweater	2025-12-06
Anh Cần Nụ Cười Của Em Sweater	Love Bites	Sweater	https://cdn.shopify.com/s/files/1/0918/5597/8816/files/tr_ngsau_c73463ab-2f37-460e-b63e-3dba6e9833f9.png	https://luonvuituoi.co/products/anh-cần-nụ-cười-của-em-sweater	2025-12-06
I Told Chat GPT About You Sweater	Love Bites	Sweater	https://cdn.shopify.com/s/files/1/0918/5597/8816/files/swsautr_ng_cd67a2d4-e297-4ae8-87dc-e0b9b29d140e.png	https://luonvuituoi.co/products/i-told-chat-gpt-about-you-sweater	2025-12-04
Thích Chai Nhưng Chọn Lon, Ly Hoodie	Love Bites	Hoodie	https://cdn.shopify.com/s/files/1/0918/5597/8816/files/densau_ff577c4b-9172-4ccc-8108-0e4700b039e0.png	https://luonvuituoi.co/products/thich-chai-nhưng-chọn-lon-ly-hoodie	2025-12-04
Tập Làm Cô Tấm - Tấm Quan Đeo Hoodie	Love Bites	Hoodie	https://cdn.shopify.com/s/files/1/0918/5597/8816/files/densau_2b4a771f-ebb2-4323-a6e5-8acc38c910c5.png	https://luonvuituoi.co/products/tập-lam-co-tấm-hoodie	2025-12-04
Em Đừng Có Mà Dụ Tôi Hoodie	Love Bites	Hoodie	https://cdn.shopify.com/s/files/1/0918/5597/8816/files/dentr_c_fb22efe9-a79a-482b-80fe-04410bc12cd8.png	https://luonvuituoi.co/products/em-dừng-co-ma-dụ-toi-hoodie	2025-12-04
Em Đừng Có Mà Dụ Tôi Sweater	Love Bites	Sweater	https://cdn.shopify.com/s/files/1/0918/5597/8816/files/dentr_c_d11610f8-8480-4ebd-ac22-f3f0f5031e7a.png	https://luonvuituoi.co/products/em-dừng-co-ma-dụ-toi-sweater	2025-12-04
Tập Làm Cô Tấm - Tấm Quan Đeo Sweater	Love Bites	Sweater	https://cdn.shopify.com/s/files/1/0918/5597/8816/files/densau_d2401a84-d522-4e54-9c78-68fd364d452b.png	https://luonvuituoi.co/products/tập-lam-co-tấm-sweater	2025-12-04
Thích Chai Nhưng Chọn Lon, Ly NT3270297NT Sweater	Love Bites	Sweater	https://cdn.shopify.com/s/files/1/0918/5597/8816/files/densau_355f6de8-3a0e-4263-b5bf-424b994f5496.png	https://luonvuituoi.co/products/thich-chai-nhưng-chọn-lon-ly-nt3270297nt-sweater	2025-12-04
Đị Tôi ĐU Sweater	Love Bites	Sweater	https://cdn.shopify.com/s/files/1/0918/5597/8816/files/navytr_c_39fe9715-9c65-4dcd-a376-91a6f2fb5bb0.png	https://luonvuituoi.co/products/toi-bị-diếc-sweater	2025-12-03
Đéo Tin Sweater	Lifey Stuff	Sweater	https://cdn.shopify.com/s/files/1/0918/5597/8816/files/swtr_cxam_adbbf8f7-0c81-4b48-989f-10246a18be80.png	https://luonvuituoi.co/products/deo-tin-sweater	2025-12-03
Home Is You Sweater	Love Bites	Sweater	https://cdn.shopify.com/s/files/1/0918/5597/8816/files/swsauh_ng_34af9b19-9d55-401d-ae23-43488ee0c811.png	https://luonvuituoi.co/products/home-is-you-sweater	2025-12-03
Text Me When You Get Home Sweater	Love Bites	Sweater	https://cdn.shopify.com/s/files/1/0918/5597/8816/files/swsauxam_9a753ff8-0436-49e0-b134-0a1c74edbb5e.png	https://luonvuituoi.co/products/text-me-when-you-get-home-sweater	2025-12-03
Tôi Bị Điếc Hoodie	Lifey Stuff	Hoodie	https://cdn.shopify.com/s/files/1/0918/5597/8816/files/swtr_cden_c5bbc475-daaa-4482-9e44-71044da91e01.png	https://luonvuituoi.co/products/toi-bị-diếc-hoodie	2025-12-03
Đéo Tin Hoodie	Lifey Stuff	Hoodie	https://cdn.shopify.com/s/files/1/0918/5597/8816/files/swtr_ctr_ng_91a9acce-36b4-409e-bed7-4dfab7b3845d.png	https://luonvuituoi.co/products/deo-tin-hoodie	2025-12-03
Home Is You Hoodie	Love Bites	Hoodie	https://cdn.shopify.com/s/files/1/0918/5597/8816/files/swsauh_ng_e1a5d15a-8c04-48a5-acab-dffdee8b3ec7.png	https://luonvuituoi.co/products/home-is-you-hoodie	2025-12-03
Text Me When You Get Home Hoodie	Love Bites	Hoodie	https://cdn.shopify.com/s/files/1/0918/5597/8816/files/swsaunavy_82049b35-03d6-48ac-a7bb-a96df4d29359.png	https://luonvuituoi.co/products/text-me-when-you-get-home-hoodie	2025-12-03
Hứa Cho Lắm Tắm Cũng Trôi Hoodie	Love Bites	Hoodie	https://cdn.shopify.com/s/files/1/0918/5597/8816/files/swsauh_ng_8b08e776-fa2e-415e-b086-06a06d5f5605.png	https://luonvuituoi.co/products/hứa-cho-lắm-tắm-cung-troi-hoodie	2025-12-03
Đẹp Gái Làm Ơn Đừng Có BồHoodie	Love Bites	Hoodie	https://cdn.shopify.com/s/files/1/0918/5597/8816/files/swsauh_ng_dc899dc6-5bfe-4c2d-87a6-3a31354d1478.png	https://luonvuituoi.co/products/dẹp-gai-lam-ơn-dừng-co-bồhoodie	2025-12-03
Không Phận Sự Miễn Góp Ý Hoodie	Lifey Stuff	Hoodie	https://cdn.shopify.com/s/files/1/0918/5597/8816/files/swsaunavy_9117e659-b2f3-4dc4-98d8-df1e5bc91f00.png	https://luonvuituoi.co/products/khong-phận-sự-miễn-gop-y-hoodie	2025-12-03
Gì Cũng Có Nhưng Không Có Em Hoodie	Love Bites	Hoodie	https://cdn.shopify.com/s/files/1/0918/5597/8816/files/swsaunavy_b7491bbf-cd4d-40dc-bfbf-da25dee7b79d.png	https://luonvuituoi.co/products/gi-cung-co-nhưng-khong-co-em-hoodie	2025-12-03
Vui Lòng Không Dẫm Lên Trái Tym Hoodie	Love Bites	Hoodie	https://cdn.shopify.com/s/files/1/0918/5597/8816/files/swtr_cden_7ae141cb-74bb-4773-ba37-fb5c8ece6d8d.png	https://luonvuituoi.co/products/vui-long-khong-dẫm-len-trai-tym-hoodie-1	2025-12-03
Sự Nuông Chiều Tạo Ra Kẻ Anh Ơi Hoodie	Love Bites	Hoodie	https://cdn.shopify.com/s/files/1/0918/5597/8816/files/swsaunavy_38ce5c16-33be-4bc0-8283-9e6758550fc0.png	https://luonvuituoi.co/products/sự-nuong-chiều-tạo-ra-kẻ-anh-ơi-hoodie	2025-12-03
Tiền Âm Thì Nhiều Tình Yêu Thì Nhầm Hoodie	Love Bites	Hoodie	https://cdn.shopify.com/s/files/1/0918/5597/8816/files/swtr_cnavy_c5e95e54-27ee-4cc8-a372-a90fff152b1f.png	https://luonvuituoi.co/products/tiền-am-thi-nhiều-tinh-yeu-thi-nhầm-hoodie	2025-12-03
Ngủ Giờ Hành Chính Hoodie	Lifey Stuff;Job	Hoodie	https://cdn.shopify.com/s/files/1/0918/5597/8816/files/swtr_ckem_61ed30bc-18d8-4249-847a-1b51eb597b97.png	https://luonvuituoi.co/products/ngủ-giờ-hanh-chinh-hoodie-1	2025-11-18
Của Bền Tại Nghèo Hoodie	Lifey Stuff	Hoodie	https://cdn.shopify.com/s/files/1/0918/5597/8816/files/swtr_ckem_3e5ece40-0809-44c6-be6b-d83d8800baaa.png	https://luonvuituoi.co/products/của-bền-tại-ngheo-hoodie	2025-12-03
Đẹp Và Tàn Nhẫn Hoodie	Love Bites	Hoodie	https://cdn.shopify.com/s/files/1/0918/5597/8816/files/swtr_cden_25f6b2d5-9d8f-4830-a0bb-38e54c47fdfa.png	https://luonvuituoi.co/products/dẹp-va-tan-nhẫn-hoodie	2025-12-03
Hả Hoodie	Lifey Stuff	Hoodie	https://cdn.shopify.com/s/files/1/0918/5597/8816/files/swtr_cden_f8325582-5155-48af-b09f-d5eb7f83123a.png	https://luonvuituoi.co/products/hả-hoodie-1	2025-12-03
Cái Gì Hoodie	Lifey Stuff	Hoodie	https://cdn.shopify.com/s/files/1/0918/5597/8816/files/swtr_cden_89e96033-9e93-4030-aee7-bf42eb95d5a8.png	https://luonvuituoi.co/products/cai-gi-hoodie	2025-12-03
Nghẹo Thủ Hoodie	Đời Game Thủ	Hoodie	https://cdn.shopify.com/s/files/1/0918/5597/8816/files/densau_22940ae7-c18b-4568-8145-0fb70504c85a.png	https://luonvuituoi.co/products/nghẹo-thủ-hoodie	2025-12-03
Nghẹo Thủ Sweater	Đời Game Thủ	Sweater	https://cdn.shopify.com/s/files/1/0918/5597/8816/files/densau_b20f721d-7073-45c3-bb30-517fd241c359.png	https://luonvuituoi.co/products/nghẹo-thủ-sweater	2025-12-03
Okay Tôi Sai - Sai Đẹp Chill Sweater	Love Bites	Sweater	https://cdn.shopify.com/s/files/1/0918/5597/8816/files/densau_a4f939ac-747e-48bf-b26b-77574cfd16ca.png	https://luonvuituoi.co/products/okay-toi-sai-sai-dẹp-chill-sweater	2025-12-02
Okay Tôi Sai - Sai Đẹp Giú Sweater	Love Bites	Sweater	https://cdn.shopify.com/s/files/1/0918/5597/8816/files/densau_a5156f6e-3cb9-4c01-995b-c1f07f7a11bf.png	https://luonvuituoi.co/products/okay-toi-sai-siu-dẹp-gai-sweater	2025-12-02
Yêu Em Bé Hoodie	Love Bites	Hoodie	https://cdn.shopify.com/s/files/1/0918/5597/8816/files/dentr_c_38024a56-2848-4329-96a3-7ea06a6f7998.png	https://luonvuituoi.co/products/yeu-em-be-hoodie	2025-12-02
Em Bé Hoodie	Love Bites	Hoodie	https://cdn.shopify.com/s/files/1/0918/5597/8816/files/dentr_c_22fa8f83-09bf-40d2-bbe9-44ab02b684d3.png	https://luonvuituoi.co/products/em-be-hoodie	2025-12-02
Đùy Mèo Couple Xiuu Hoodie	Đũy Mèo	Hoodie	https://cdn.shopify.com/s/files/1/0918/5597/8816/files/tr_ngtr_c_4e43bc7e-562f-42fb-86ca-fdc738f3b297.png	https://luonvuituoi.co/products/duy-meo-couple-xiuu-hoodie	2025-12-02
Đũy Mèo Couple DA DA DA Hoodie	Đũy Mèo	Hoodie	https://cdn.shopify.com/s/files/1/0918/5597/8816/files/tr_ngtr_c_b6d68ae5-4db3-497c-aa4a-62c5bf5b83e3.png	https://luonvuituoi.co/products/duy-meo-couple-da-da-da-hoodie	2025-12-02
Ê Gì Hoodie	Love Bites	Hoodie	https://cdn.shopify.com/s/files/1/0918/5597/8816/files/dentr_c_35b33071-2ad0-4c5c-aabd-ee874cd51127.png	https://luonvuituoi.co/products/hả-hoodie	2025-12-02
Ê Hoodie	Love Bites	Hoodie	https://cdn.shopify.com/s/files/1/0918/5597/8816/files/dentr_c_92639024-de69-474c-8f64-f4eb36763906.png	https://luonvuituoi.co/products/e-hoodie	2025-12-02
Okay Tôi Sai - Sai Đẹp Chill Hoodie	Love Bites	Hoodie	https://cdn.shopify.com/s/files/1/0918/5597/8816/files/densau_accc6b35-7831-4c40-bc3b-92ac47e6586d.png	https://luonvuituoi.co/products/okay-toi-sai-sai-dẹp-chill-hoodie	2025-12-02
Okay Tôi Sai - Siu Đẹp Gái Hoodie	Love Bites	Hoodie	https://cdn.shopify.com/s/files/1/0918/5597/8816/files/navyxau_9b56b37e-86af-43e4-9f42-89666ae8e2a4.png	https://luonvuituoi.co/products/okay-toi-sai-siu-dẹp-gai-hoodie	2025-12-02
Yêu Em Bé Sweater	Love Bites	Sweater	https://cdn.shopify.com/s/files/1/0918/5597/8816/files/dentr_c_9aabb8aa-520c-4518-885f-9e53525f7dd1.png	https://luonvuituoi.co/products/yeu-em-be-sweater	2025-12-02
Em Bé Sweater	Love Bites	Sweater	https://cdn.shopify.com/s/files/1/0918/5597/8816/files/dentr_c_a0a80452-40a3-41d1-9759-21bdd9e89d4f.png	https://luonvuituoi.co/products/em-be-sweater	2025-12-02
Ê Sweater	Love Bites	Sweater	https://cdn.shopify.com/s/files/1/0918/5597/8816/files/dentr_c_ea282e1d-17a2-4269-b9c5-998b61c6ffa1.png	https://luonvuituoi.co/products/e-sweater	2025-12-02
Đùy Mèo Couple Xiuu Sweater	Đũy Mèo	Sweater	https://cdn.shopify.com/s/files/1/0918/5597/8816/files/tr_ngtr_c_d996b320-fe5b-4f80-b861-c3559f3e2408.png	https://luonvuituoi.co/products/duy-meo-couple-xiuu-sweater	2025-12-02
Đũy Mèo Couple DA DA DA Sweater	Đũy Mèo	Sweater	https://cdn.shopify.com/s/files/1/0918/5597/8816/files/tr_ngtr_c_9bcf3de2-ebd9-4d6f-b6f4-01125b4bbb9c.png	https://luonvuituoi.co/products/duy-meo-couple-da-da-da-sweater	2025-12-02
Ê Gì Sweater	Love Bites	Sweater	https://cdn.shopify.com/s/files/1/0918/5597/8816/files/dentr_c_7472a7e4-b835-445b-99c8-1ecd628d53b6.png	https://luonvuituoi.co/products/cai-gi-sweater-1	2025-12-02
Ngủ Giờ Hành Chính 2	Job	Thun	https://cdn.shopify.com/s/files/1/0918/5597/8816/files/kemtr_c_ced7529c-3291-4bd0-9c82-089112dd673c.png	https://luonvuituoi.co/products/ao-thun-ngủ-giờ-hanh-chinh-1	2025-12-02
Đẹp Và Tàn Nhẫn Sweater	Love Bites	Sweater	https://cdn.shopify.com/s/files/1/0918/5597/8816/files/swtr_ch_ng_840bef29-608f-4582-88b2-d8557f6a6edf.png	https://luonvuituoi.co/products/dẹp-va-tan-nhẫn-sweater	2025-12-02
Hả Sweater	Lifey Stuff	Sweater	https://cdn.shopify.com/s/files/1/0918/5597/8816/files/swtr_cden_28f0af15-28a8-4af2-ab4f-fc3ace67302e.png	https://luonvuituoi.co/products/hả-sweater	2025-12-02
Cái Gì Sweater	Lifey Stuff	Sweater	https://cdn.shopify.com/s/files/1/0918/5597/8816/files/swtr_cden_e653b2b2-96b6-450f-9e54-c7e929b2a2f5.png	https://luonvuituoi.co/products/cai-gi-sweater	2025-12-02
Hứa Cho Lắm Tắm Cũng Trôi Sweater	Love Bites	Sweater	https://cdn.shopify.com/s/files/1/0918/5597/8816/files/swsautr_ng_6708a1ce-3d84-4e89-b556-0f0424eb86e3.png	https://luonvuituoi.co/products/hứa-cho-lắm-tắm-cung-troi-sweater	2025-12-02
Đẹp Gái Làm Ơn Đừng Có Bồ Sweater	Love Bites	Sweater	https://cdn.shopify.com/s/files/1/0918/5597/8816/files/swsaunavy_bc01842b-2d30-4694-9f29-3fed86a2fafc.png	https://luonvuituoi.co/products/dẹp-gai-lam-ơn-dừng-co-bồ-sweater	2025-12-02
Không Phận Sự Miễn Góp Ý Sweater	Lifey Stuff	Sweater	https://cdn.shopify.com/s/files/1/0918/5597/8816/files/swsautr_ng_a690686f-ae4c-402c-bdf2-28c8450a7855.png	https://luonvuituoi.co/products/khong-phận-sự-miễn-gop-y-sweater	2025-12-02
Gì Cũng Có Nhưng Không Có Em Sweater	Love Bites	Sweater	https://cdn.shopify.com/s/files/1/0918/5597/8816/files/swsauden_a848b065-3cee-4b2b-99af-d93951ac815a.png	https://luonvuituoi.co/products/gi-cung-co-nhưng-khong-co-em-sweater	2025-12-02
Sự Nuông Chiều Tạo Ra Kẻ Anh Ơi Sweater	Love Bites	Sweater	https://cdn.shopify.com/s/files/1/0918/5597/8816/files/swtr_cden_f161d02a-8800-4d12-9d0a-79ebcc99c179.png	https://luonvuituoi.co/products/sự-nuong-chiều-tạo-ra-kẻ-anh-ơi-sweater	2025-12-02
Tiền Âm Thì Nhiều Tình Yêu Thì Nhầm Sweater	Love Bites	Sweater	https://cdn.shopify.com/s/files/1/0918/5597/8816/files/swtr_cnavy_127a0906-9de9-4b25-ac73-442148e7843d.png	https://luonvuituoi.co/products/tiền-am-thi-nhiều-tinh-yeu-thi-nhầm-sweater	2025-12-02
Ngủ Giờ Hành Chính 2 Sweater	Job	Sweater	https://cdn.shopify.com/s/files/1/0918/5597/8816/files/swtr_ch_ng_ff7faec7-2866-4336-95a2-c98044ea1707.png	https://luonvuituoi.co/products/ngủ-giờ-hanh-chinh-2-sweater	2025-12-02
Của Bền Tại Nghèo Sweater	Lifey Stuff	Sweater	https://cdn.shopify.com/s/files/1/0918/5597/8816/files/swtr_ctr_ng_84386eb7-64a0-450c-b0ec-ae4dd856b831.png	https://luonvuituoi.co/products/của-bền-tại-ngheo-sweater	2025-12-02
I Told Chat GPT About You Hoodie	Love Bites	Hoodie	https://cdn.shopify.com/s/files/1/0918/5597/8816/files/swsautr_ng_7fce8b93-23d7-401c-b7f0-c399719fe681.png	https://luonvuituoi.co/products/i-told-chat-gpt-about-you-hoodie	2025-12-01
Ông Bô Mẽo Hoodie	Tuyệt Đối Điện Ảnh	Hoodie	https://cdn.shopify.com/s/files/1/0918/5597/8816/files/kemsau_7f2d66e4-7d5c-42a1-9e0e-fb46c0352622.png	https://luonvuituoi.co/products/ong-bo-mẽo-hoodie	2025-11-28
Người Đàn Ông Gia Trưởng Hoodie	Tuyệt Đối Điện Ảnh	Hoodie	https://cdn.shopify.com/s/files/1/0918/5597/8816/files/tr_ngsau_2aecd50e-d9fb-4ed5-9ee9-9f6f12c04efa.png	https://luonvuituoi.co/products/người-dan-ong-gia-trưởng-hoodie	2025-11-28
Mấy Con Gà Thì Biết Cái Gì Hoodie	Đời Game Thủ	Hoodie	https://cdn.shopify.com/s/files/1/0918/5597/8816/files/densau_594cbd9d-cc41-4728-b8fd-e51e0ac8b133.png	https://luonvuituoi.co/products/mấy-con-ga-thi-biết-cai-gi-hoodie	2025-11-28
Ông Bô Mẽo Sweater	Tuyệt Đối Điện Ảnh	Sweater	https://cdn.shopify.com/s/files/1/0918/5597/8816/files/kemsau_46673e06-db5b-4aa7-b330-c777fbef64ae.png	https://luonvuituoi.co/products/ong-bo-mẽo-sweater	2025-11-28
Người Đàn Ông Gia Trưởng Sweater	Tuyệt Đối Điện Ảnh	Sweater	https://cdn.shopify.com/s/files/1/0918/5597/8816/files/tr_ngsau_b9a7222e-3256-47e8-8822-67ff5e026be6.png	https://luonvuituoi.co/products/người-dan-ong-gia-trưởng-sweater	2025-11-28
Mấy Con Gà Thì Biết Cái Gì Sweater	Đời Game Thủ	Sweater	https://cdn.shopify.com/s/files/1/0918/5597/8816/files/densau_7eed348e-c020-4d65-990c-50da1a231dc0.png	https://luonvuituoi.co/products/mấy-con-ga-thi-biết-cai-gi-sweater	2025-11-28
You Saw Nothing Sweater	Animal Circus;Đũy Mèo	Sweater	https://cdn.shopify.com/s/files/1/0918/5597/8816/files/swsautr_ng_e5082f0f-9323-4c54-a09e-1ac1d838e5d4.png	https://luonvuituoi.co/products/you-saw-nothing-sweater	2025-11-28
I'm An Indoor Cat Sweater	Animal Circus;Đũy Mèo	Sweater	https://cdn.shopify.com/s/files/1/0918/5597/8816/files/swtr_cxam_661e760b-16cf-4d87-b917-b401a7120074.png	https://luonvuituoi.co/products/im-an-indoor-cat-sweater	2025-11-28
I Will Do My Best Tomorrow Sweater	Animal Circus;Đũy Mèo	Sweater	https://cdn.shopify.com/s/files/1/0918/5597/8816/files/swtr_cxam_427dc985-2dfa-41d2-89f9-bb9770e2ff23.png	https://luonvuituoi.co/products/i-will-do-my-best-tomorrow-sweater	2025-11-28
The Neko Face Sweater	Animal Circus;Đũy Mèo	Sweater	https://cdn.shopify.com/s/files/1/0918/5597/8816/files/swsautr_ng_876e0f2c-a5c5-4918-b210-d4322a30faea.png	https://luonvuituoi.co/products/the-neko-face-sweater	2025-11-28
Mấy Con Gà Thì Biết Gì Hoodie	Tuyệt Đối Điện Ảnh	Hoodie	https://cdn.shopify.com/s/files/1/0918/5597/8816/files/densau_0256dca3-0560-4f86-92dc-901e0cf44de4.png	https://luonvuituoi.co/products/mấy-con-ga-thi-biết-gi-hoodie	2025-11-28
Mấy Con Gà Thì Biết Gì Sweater	Tuyệt Đối Điện Ảnh	Sweater	https://cdn.shopify.com/s/files/1/0918/5597/8816/files/densau_14f2edc1-45a1-4adc-bf93-c3b5d0f95994.png	https://luonvuituoi.co/products/mấy-con-ga-thi-biết-gi-sweater	2025-11-28
Ủa Sếp Sweater	Job	Sweater	https://cdn.shopify.com/s/files/1/0918/5597/8816/files/swtr_cxam_14f6f1ea-a2ad-4161-a2b1-f6c4caecbb64.png	https://luonvuituoi.co/products/ủa-sếp-sweater	2025-11-27
Chó Nó Yêu Sweater	Love Bites	Sweater	https://cdn.shopify.com/s/files/1/0918/5597/8816/files/dentr_c_c449953a-5b55-49e2-b342-0bbe38427c5f.png	https://luonvuituoi.co/products/cho-no-yeu-sweater	2025-11-27
Con Chó Sweater	Love Bites	Sweater	https://cdn.shopify.com/s/files/1/0918/5597/8816/files/dentr_c_a842f62f-4137-481d-b401-f1fabf9fa7bb.png	https://luonvuituoi.co/products/con-cho-sweater	2025-11-27
Con Chó Hoodie	Love Bites	Hoodie	https://cdn.shopify.com/s/files/1/0918/5597/8816/files/dentr_c_19c1bdfc-7c8e-4e40-a105-997a14df26b4.png	https://luonvuituoi.co/products/con-cho-hoodie	2025-11-27
Chó Nó Yêu Hoodie	Love Bites	Hoodie	https://cdn.shopify.com/s/files/1/0918/5597/8816/files/dentr_c_0367d8a4-5821-4c1d-9417-65f7885fe91d.png	https://luonvuituoi.co/products/cho-no-yeu-hoodie	2025-11-27
You Work I Watch And Judge Hoodie	Đũy Mèo	Hoodie	https://cdn.shopify.com/s/files/1/0918/5597/8816/files/swsautr_ng_d2437c6c-2643-4e23-b631-b22654cea1f1.png	https://luonvuituoi.co/products/you-work-i-watch-and-judge-hoodie	2025-11-27
You Work I Watch And Judge Sweater	Animal Circus;Đũy Mèo	Sweater	https://cdn.shopify.com/s/files/1/0918/5597/8816/files/swsautr_ng_b3c3fe75-17c8-4552-b597-6a065288044e.png	https://luonvuituoi.co/products/you-work-i-watch-and-judge-sweater	2025-11-26
You Work I Watch And Judge	Đũy Mèo	Thun	https://cdn.shopify.com/s/files/1/0918/5597/8816/files/tr_ngsau_135280b2-3a08-4880-a18d-6891831f1be7.png	https://luonvuituoi.co/products/ao-thun-you-work-i-watch-and-judge	2025-11-26
Đẹp Người Xấu Nết Sweater	Lifey Stuff	Sweater	https://cdn.shopify.com/s/files/1/0918/5597/8816/files/swtr_ch_ng_e6f3e60a-6350-4851-9a6d-6786f495b82e.png	https://luonvuituoi.co/products/dẹp-người-xấu-nết-sweater	2025-11-25
Đẹp Người Đẹp Nết Sweater	Lifey Stuff	Sweater	https://cdn.shopify.com/s/files/1/0918/5597/8816/files/swtr_ch_ng_36dfacd4-5035-4d0b-a700-ca0ded39f85b.png	https://luonvuituoi.co/products/dẹp-người-dẹp-nết-sweater	2025-11-25
Hướng Ngoại Partime Sweater	Lifey Stuff	Sweater	https://cdn.shopify.com/s/files/1/0918/5597/8816/files/swtr_ckem_ae61abc3-1b5c-45d3-b48a-2872b2d7f6f3.png	https://luonvuituoi.co/products/hướng-ngoại-partime-sweater	2025-11-25
Hướng Nội Partime Sweater	Lifey Stuff	Sweater	https://cdn.shopify.com/s/files/1/0918/5597/8816/files/swtr_ckem_cd75a577-c04f-4c42-8e6c-cd1c9c3b5f22.png	https://luonvuituoi.co/products/hướng-nội-partime-sweater	2025-11-25
Phiên Phiến Hoy Sweater	Lifey Stuff	Sweater	https://cdn.shopify.com/s/files/1/0918/5597/8816/files/swtr_ckem_87eff224-e228-4006-a4b9-7b3557a6c7d5.png	https://luonvuituoi.co/products/phien-phiến-hoy-sweater	2025-11-25
Anh Chàng Thư Giãn Sweater	Lifey Stuff	Sweater	https://cdn.shopify.com/s/files/1/0918/5597/8816/files/swtr_cnavy_f8a88a61-c185-4fc3-9594-0b2c6ade9452.png	https://luonvuituoi.co/products/anh-chang-thư-gian-sweater	2025-11-25
Em Cho Tôi Một Ký Ức	Love Bites	Thun	https://cdn.shopify.com/s/files/1/0918/5597/8816/files/densau_16d5de16-5a6a-4d4d-b2ad-a767905a9417.png	https://luonvuituoi.co/products/ao-thun-em-cho-toi-một-ky-ức	2025-11-25
Em Cho Tôi Một Ký Ức Sweater	Love Bites	Sweater	https://cdn.shopify.com/s/files/1/0918/5597/8816/files/densau_a6e5b924-9e07-4f5e-971b-ddaf02a0a370.png	https://luonvuituoi.co/products/em-cho-toi-một-ky-ức-sweater	2025-11-25
Cô Nàng Thư Giãn Sweater	Lifey Stuff	Sweater	https://cdn.shopify.com/s/files/1/0918/5597/8816/files/swtr_cnavy_134ef710-2006-4e00-8aa3-b22cc221ee7d.png	https://luonvuituoi.co/products/co-nang-thư-gian-sweater	2025-11-25
Em Cho Tôi Một Ký Ức Hoodie	Love Bites	Hoodie	https://cdn.shopify.com/s/files/1/0918/5597/8816/files/densau_35a9fa88-9538-4812-91ad-396b4dfdda78.png	https://luonvuituoi.co/products/em-cho-toi-một-ky-ức-hoodie	2025-11-25
Sống Zô Tri Hưởng Thái Bình Sweater	Lifey Stuff	Sweater	https://cdn.shopify.com/s/files/1/0918/5597/8816/files/swtr_cnavy_a8843c21-a322-46eb-8e63-6c31072ff98a.png	https://luonvuituoi.co/products/sống-zo-tri-hưởng-thai-binh-sweater	2025-11-25
Trầm Tính Ít Nói Sweater	Lifey Stuff	Sweater	https://cdn.shopify.com/s/files/1/0918/5597/8816/files/swtr_ckem_fafcae3c-6ed0-420a-900a-12a5b4064ac6.png	https://luonvuituoi.co/products/trầm-tinh-it-noi-sweater	2025-11-25
It's Wasn't Me Sweater	Nghỉ Lễ	Sweater	https://cdn.shopify.com/s/files/1/0918/5597/8816/files/swtr_ch_ng_e9874ff4-4df6-47ba-8397-0ba5961c07ef.png	https://luonvuituoi.co/products/its-wasnt-me-sweater	2025-11-24
Quần Jogger Nỉ Bông Luôn Vui Tươi Basic	Quần Jogger;Soft Routine	Quần	https://cdn.shopify.com/s/files/1/0918/5597/8816/files/kemsau_66b15c9d-026d-439f-a68b-eec2fa054b7e.png	https://luonvuituoi.co/products/quần-jogger-nỉ-bong-luon-vui-tươi-basic	2025-11-24
Quần Ống Suông Nỉ Bông Luôn Vui Tươi Basic	Quần Ống Suông;Soft Routine	Quần	https://cdn.shopify.com/s/files/1/0918/5597/8816/files/h_ngtr_c_ab3b58ed-2b38-4ee5-8ec5-7a22740b5718.png	https://luonvuituoi.co/products/quần-ống-suong-nỉ-bong-luon-vui-tươi-basic	2025-11-24
Thắng Làm Vua - Thua Thì Đếm Cúp Hoodie	Tuyệt Đối Điện Ảnh	Hoodie	https://cdn.shopify.com/s/files/1/0918/5597/8816/files/densau_b6784913-1d01-4f6d-8672-c34740862b12.png	https://luonvuituoi.co/products/thắng-lam-vua-thua-thi-dếm-cup-hoodie	2025-11-24
Thắng Làm Vua - Thua Thì Đếm Cúp Sweater	Tuyệt Đối Điện Ảnh	Sweater	https://cdn.shopify.com/s/files/1/0918/5597/8816/files/densau_200892db-3b09-4048-80f5-2630d065df20.png	https://luonvuituoi.co/products/thắng-lam-vua-thua-thi-dếm-cup-sweater	2025-11-24
Thắng Làm Vua - Thua Thì Đếm Cúp	Đời Game Thủ	Thun	https://cdn.shopify.com/s/files/1/0918/5597/8816/files/densau_8854b9ef-59f4-49b8-a347-604d43a96d7d.png	https://luonvuituoi.co/products/ao-thun-thắng-lam-vua-thua-thi-dếm-cup	2025-11-24
Người Có Chồng Sịn Hoodie	Job	Hoodie	https://cdn.shopify.com/s/files/1/0918/5597/8816/files/kemtr_c_dbe0520b-2221-4f8d-9613-a0c1dfe96d99.png	https://luonvuituoi.co/products/người-co-chồng-sịn-hoodie	2025-11-22
Người Có Chồng Sịn Sweater	Job	Sweater	https://cdn.shopify.com/s/files/1/0918/5597/8816/files/kemtr_c_5d131174-bb19-40aa-ad6b-2f62b690da8c.png	https://luonvuituoi.co/products/người-co-chồng-sịn-sweater	2025-11-22
Snow Rơi Ngoài Cửa - Task Rơi Vào Tay Sweater	Nghỉ Lễ	Sweater	https://cdn.shopify.com/s/files/1/0918/5597/8816/files/dentr_c_e8714ccf-ed22-4fad-bfbe-f31c2039c8d6.png	https://luonvuituoi.co/products/snow-rơi-ngoai-cửa-task-rơi-vao-tay-sweater	2025-11-22
Santa Phát Quà - Sếp Mình Phát Việc Sweater	Nghỉ Lễ	Sweater	https://cdn.shopify.com/s/files/1/0918/5597/8816/files/dentr_c_a2aeaa6b-4e4d-4c2c-8a57-ee7bf9035553.png	https://luonvuituoi.co/products/santa-phat-qua-sếp-minh-phat-việc-sweater	2025-11-22
Giáng Sinh Rộn Ràng - Deadline Ngập Tràn Sweater	Nghỉ Lễ	Sweater	https://cdn.shopify.com/s/files/1/0918/5597/8816/files/dentr_c_114fb599-ac67-4c3f-95f4-47b5bfa8e8bf.png	https://luonvuituoi.co/products/giang-sinh-rộn-rang-deadline-ngập-tran-sweater	2025-11-22
Dear Sếp Ta - Tăng Lương Cho Em Đi Sweater	Nghỉ Lễ	Sweater	https://cdn.shopify.com/s/files/1/0918/5597/8816/files/dentr_c_2f19cdc0-923a-4656-a91c-efaaafc169fd.png	https://luonvuituoi.co/products/dear-sếp-ta-tang-lương-cho-em-di-sweater	2025-11-22
All I Want For Xams Is No Deadline Sweater	Nghỉ Lễ	Sweater	https://cdn.shopify.com/s/files/1/0918/5597/8816/files/h_ngtr_c_0f7ac203-f58b-43e9-932c-ae9af37433ad.png	https://luonvuituoi.co/products/all-i-want-for-xams-is-no-deadline-sweater	2025-11-22
Mệt Quá Thì Nghỉ Làm Sweater	Job	Sweater	https://cdn.shopify.com/s/files/1/0918/5597/8816/files/swtr_cnavy_a4d15933-5af6-4ee1-a126-ba21911b6d0a.png	https://luonvuituoi.co/products/mệt-qua-thi-nghỉ-lam-sweater	2025-11-22
Santa Claus and Brothers Sweater	Nghỉ Lễ	Sweater	https://cdn.shopify.com/s/files/1/0918/5597/8816/files/swtr_cnavy_dbe0fdcf-8e37-4ee1-9294-d93b691d33d3.png	https://luonvuituoi.co/products/santa-claus-and-brothers-sweater	2025-11-22
HoHoHoly Shit Sweater	Nghỉ Lễ	Sweater	https://cdn.shopify.com/s/files/1/0918/5597/8816/files/swtr_cnavy_3422b94d-dc5f-420f-932a-23dc9f71dd3c.png	https://luonvuituoi.co/products/hohoholy-shit-sweater	2025-11-22
Vẹo Sống Lưng Hoodie	Job	Hoodie	https://cdn.shopify.com/s/files/1/0918/5597/8816/files/dentr_c_638c31a6-b6de-42cd-82f3-12a06e9e6512.png	https://luonvuituoi.co/products/vẹo-sống-lưng-hoodie	2025-11-21
Send Nudes Hoodie	Trơi Bời	Hoodie	https://cdn.shopify.com/s/files/1/0918/5597/8816/files/h_ngtr_c_5250de50-5cd6-4958-811e-5a0b194affb8.png	https://luonvuituoi.co/products/send-nudes-hoodie	2025-11-21
Pool Hub Hoodie	Trơi Bời	Hoodie	https://cdn.shopify.com/s/files/1/0918/5597/8816/files/dentr_c_8b53c37d-436c-4be4-bc0a-f7268254609e.png	https://luonvuituoi.co/products/pool-hub-hoodie	2025-11-21
Ổn Lòi Lìa Hoodie	Lifey Stuff	Hoodie	https://cdn.shopify.com/s/files/1/0918/5597/8816/files/h_ngtr_c_3e80280f-fb5f-4362-8e00-9f796a6f9d7d.png	https://luonvuituoi.co/products/ổn-loi-lia-hoodie	2025-11-21
Nước Trong Thì Không Có Cá Hoodie	Job	Hoodie	https://cdn.shopify.com/s/files/1/0918/5597/8816/files/dentr_c_ef4b506f-a3cc-43c1-8ff2-5e1282cb3ec1.png	https://luonvuituoi.co/products/nước-trong-thi-khong-co-ca-hoodie	2025-11-21
Nguyễn Hoà Bình Hoodie	Tuyệt Đối Điện Ảnh	Hoodie	https://cdn.shopify.com/s/files/1/0918/5597/8816/files/densau_16678075-ac49-48c7-bcd4-0b7a44e9b74d.png	https://luonvuituoi.co/products/nguyễn-hoa-binh-hoodie	2025-11-21
Người Nhà Đất Hoodie	Tuyệt Đối Điện Ảnh	Hoodie	https://cdn.shopify.com/s/files/1/0918/5597/8816/files/tr_ngsau_42919ef8-a539-4566-98d2-f449ccaf60af.png	https://luonvuituoi.co/products/người-nha-dất-hoodie	2025-11-21
Ngợp Thở Quá Sếp Hoodie	Job	Hoodie	https://cdn.shopify.com/s/files/1/0918/5597/8816/files/h_ngtr_c_c4ebfc98-0f31-4fb5-9843-039963062b0b.png	https://luonvuituoi.co/products/ngợp-thở-qua-sếp-hoodie	2025-11-21
Ngoạm Đầu Hoodie	Đũy Mèo	Hoodie	https://cdn.shopify.com/s/files/1/0918/5597/8816/files/dentr_c_38a00f6a-7caf-4369-bd4a-9164d1e2b97a.png	https://luonvuituoi.co/products/ngoạm-dầu-hoodie	2025-11-21
Nghẹo Mèo Hoodie	Đũy Mèo	Hoodie	https://cdn.shopify.com/s/files/1/0918/5597/8816/files/tr_ngsau_76f7ea7c-3213-429f-bb57-abb12484085b.png	https://luonvuituoi.co/products/nghẹo-meo-hoodie	2025-11-21
Năm Đêm Nhà Diddy Hoodie	Tuyệt Đối Điện Ảnh	Hoodie	https://cdn.shopify.com/s/files/1/0918/5597/8816/files/densau_0c0a42da-c8de-4c75-bf25-67da27183195.png	https://luonvuituoi.co/products/nam-dem-nha-diddy-hoodie	2025-11-21
Mewing Not Meowing Hoodie	Đũy Mèo	Hoodie	https://cdn.shopify.com/s/files/1/0918/5597/8816/files/h_ngsau_e9abf74a-b324-4a78-8e9d-2f70c423213c.png	https://luonvuituoi.co/products/mewing-not-meowing-hoodie	2025-11-21
Mèo Văng Gốc Hoodie	Đũy Mèo	Hoodie	https://cdn.shopify.com/s/files/1/0918/5597/8816/files/dentr_c_979bca65-8529-4994-88ab-a5fa5f22bc0f.png	https://luonvuituoi.co/products/meo-vang-gốc-hoodie	2025-11-21
Mèo Phục Hưng Hoodie	Đũy Mèo	Hoodie	https://cdn.shopify.com/s/files/1/0918/5597/8816/files/dentr_c_39f9c126-f228-4ba6-996c-fa4e2fccac18.png	https://luonvuituoi.co/products/meo-phục-hưng-hoodie	2025-11-21
Mèo Nhây Hoodie	Đũy Mèo	Hoodie	https://cdn.shopify.com/s/files/1/0918/5597/8816/files/navytr_c_268b8ed3-ae87-471e-aca0-6b921b0f2605.png	https://luonvuituoi.co/products/meo-nhay-hoodie	2025-11-21
Lười Quá Mèo Hoodie	Đũy Mèo	Hoodie	https://cdn.shopify.com/s/files/1/0918/5597/8816/files/h_ngtr_c_028d12e7-7bbd-4b5e-941d-21876b79e3ca.png	https://luonvuituoi.co/products/lười-qua-meo-hoodie	2025-11-21
Lộn Cái Bàn Hoodie	Đũy Mèo	Hoodie	https://cdn.shopify.com/s/files/1/0918/5597/8816/files/h_ngtr_c_eb9b601e-b78b-4840-bd68-50403773a3e4.png	https://luonvuituoi.co/products/lộn-cai-ban-hoodie	2025-11-21
Hiệp Sĩ Mặt Nạ Sếch Hoodie	Tuyệt Đối Điện Ảnh	Hoodie	https://cdn.shopify.com/s/files/1/0918/5597/8816/files/dentr_c_2ebb7d22-4b93-47b0-a5f3-921f44778847.png	https://luonvuituoi.co/products/hiệp-si-mặt-nạ-sếch-hoodie	2025-11-21
Đưa Hết Tiền Đây Hoodie	Trơi Bời	Hoodie	https://cdn.shopify.com/s/files/1/0918/5597/8816/files/h_ngsau_395cc560-264d-4172-93c4-f5b38174c43a.png	https://luonvuituoi.co/products/dưa-hết-tiền-day-hoodie	2025-11-21
Dỗi Vờ Lờ Hoodie	Đũy Mèo	Hoodie	https://cdn.shopify.com/s/files/1/0918/5597/8816/files/dentr_c_cfd6fb3c-d688-4835-b902-8ee2c1ff96ae.png	https://luonvuituoi.co/products/dỗi-vờ-lờ-hoodie	2025-11-21
Đối Thủ Nặng Ký Hoodie	Đũy Mèo	Hoodie	https://cdn.shopify.com/s/files/1/0918/5597/8816/files/densau_9e1e2740-d0e9-471e-a859-40bdb5c9db3e.png	https://luonvuituoi.co/products/dối-thủ-nặng-ky-hoodie	2025-11-21
Đồ Ăn Đâu Sen Hoodie	Đũy Mèo	Hoodie	https://cdn.shopify.com/s/files/1/0918/5597/8816/files/dentr_c_9d123cb9-c1ff-4653-b317-5cad902a5247.png	https://luonvuituoi.co/products/dồ-an-dau-sen-hoodie	2025-11-21
Dính Quá À Hoodie	Đũy Mèo	Hoodie	https://cdn.shopify.com/s/files/1/0918/5597/8816/files/densau_a6f82042-d54f-4b04-a204-a333da53de99.png	https://luonvuituoi.co/products/dinh-qua-a-hoodie	2025-11-21
Chuẩn Bị Gầy Hoodie	Trơi Bời	Hoodie	https://cdn.shopify.com/s/files/1/0918/5597/8816/files/kemtr_c_7f7b5a65-0c77-4ed5-a246-d9a7ce220bdd.png	https://luonvuituoi.co/products/chuẩn-bị-gầy-hoodie	2025-11-21
Chủ Nhân Của Bảo Kiếm Hoodie	Trơi Bời	Hoodie	https://cdn.shopify.com/s/files/1/0918/5597/8816/files/dentr_c_c78a156e-0cef-49c0-80c6-470a28478f6d.png	https://luonvuituoi.co/products/chủ-nhan-của-bảo-kiếm-hoodie	2025-11-21
Cam Chịu Hoodie	Fruitland	Hoodie	https://cdn.shopify.com/s/files/1/0918/5597/8816/files/dentr_c_faf6f771-ff66-44b6-adaf-1bb0ccda67a4.png	https://luonvuituoi.co/products/cam-chịu-hoodie	2025-11-21
Cái Lề Gì Thốn Hoodie	Tuyệt Đối Điện Ảnh	Hoodie	https://cdn.shopify.com/s/files/1/0918/5597/8816/files/densau_3af73e54-5fb5-4c4d-9d7a-e313f0bb8bb4.png	https://luonvuituoi.co/products/cai-lề-gi-thốn-hoodie	2025-11-21
Bạn Là Nhất Hoodie	Lifey Stuff	Hoodie	https://cdn.shopify.com/s/files/1/0918/5597/8816/files/densau_08e1a035-b659-4dda-9d45-f222e6404040.png	https://luonvuituoi.co/products/bạn-la-nhất-hoodie	2025-11-21
Anh Đại Bảo Kê Hoodie	Animal Circus	Hoodie	https://cdn.shopify.com/s/files/1/0918/5597/8816/files/densau_b470a9f1-992b-4791-9004-bad61b2403f8.png	https://luonvuituoi.co/products/anh-dại-bảo-ke-hoodie	2025-11-21
Ăn Buổi Tối Hoodie	Đũy Mèo	Hoodie	https://cdn.shopify.com/s/files/1/0918/5597/8816/files/dentr_c_975e7cfc-abf9-429d-a831-1efb9e469857.png	https://luonvuituoi.co/products/an-buổi-tối-hoodie	2025-11-21
Xuống Làm Gì Hoodie	Trơi Bời	Hoodie	https://cdn.shopify.com/s/files/1/0918/5597/8816/files/densau_f16c8cd6-95b5-4a6e-a3d5-6c082453a5a2.png	https://luonvuituoi.co/products/xuống-lam-gi-hoodie	2025-11-21
Xin Lỗi Bạn Đã Bị Con Mèo Hoodie	Đũy Mèo	Hoodie	https://cdn.shopify.com/s/files/1/0918/5597/8816/files/densau_8386f1c4-a6f8-4c7a-80ce-b3ee153dfec2.png	https://luonvuituoi.co/products/xin-lỗi-bạn-da-bị-con-meo-hoodie	2025-11-21
Xì Gà Nhỏ Sau Giới Tính Hoodie	Băng Đĩa Hải Ngoại	Hoodie	https://cdn.shopify.com/s/files/1/0918/5597/8816/files/densau_edfa9974-5fbf-4483-8773-6d402b4c2136.png	https://luonvuituoi.co/products/xi-ga-nhỏ-sau-giới-tinh-hoodie	2025-11-21
Whatever Kitty Wants Hoodie	Đũy Mèo	Hoodie	https://cdn.shopify.com/s/files/1/0918/5597/8816/files/h_ngsau_6908791e-c703-4297-82a7-b0fa03c67375.png	https://luonvuituoi.co/products/whatever-kitty-wants-hoodie	2025-11-21
Việt Nam Ăn Vặt Hoodie	Vietnamese Culture	Hoodie	https://cdn.shopify.com/s/files/1/0918/5597/8816/files/h_ngsau_7ed67eff-d9d4-419a-bb70-217f691321d5.png	https://luonvuituoi.co/products/việt-nam-an-vặt-hoodie	2025-11-21
Việt Nam Ăn Trưa Hoodie	Vietnamese Culture	Hoodie	https://cdn.shopify.com/s/files/1/0918/5597/8816/files/kemsau_4128ee9d-b7d8-474a-b9b8-8b5d2d7fd5fc.png	https://luonvuituoi.co/products/việt-nam-an-trưa-hoodie	2025-11-21
Vắt Cực Khô Hoodie	Trơi Bời	Hoodie	https://cdn.shopify.com/s/files/1/0918/5597/8816/files/densau_ceb0e910-2c2d-47a5-9eaa-38b0901d3eb0.png	https://luonvuituoi.co/products/vắt-cực-kho-hoodie	2025-11-21
Tuấn Cùi Hoodie	Băng Đĩa Hải Ngoại	Hoodie	https://cdn.shopify.com/s/files/1/0918/5597/8816/files/densau_52fb8614-4c5d-4278-8e13-171fe4f7b5a4.png	https://luonvuituoi.co/products/tuấn-cui-hoodie	2025-11-21
Trying To Get Hoodie	Đũy Mèo	Hoodie	https://cdn.shopify.com/s/files/1/0918/5597/8816/files/tr_ngsau_b61b37d7-7475-40c7-a45a-5f2a407d7645.png	https://luonvuituoi.co/products/trying-to-get-hoodie	2025-11-21
Trẻ Người Non Stop 2 Hoodie	Trơi Bời	Hoodie	https://cdn.shopify.com/s/files/1/0918/5597/8816/files/tr_ngsau_49aaca94-b48c-425c-94d6-a838ea62b56e.png	https://luonvuituoi.co/products/trẻ-người-non-stop-2-hoodie	2025-11-21
Trai Tài Gái Xỉu 2 Hoodie	Trơi Bời	Hoodie	https://cdn.shopify.com/s/files/1/0918/5597/8816/files/tr_ngsau_e443b480-6762-4e1c-9071-52449efc4bf5.png	https://luonvuituoi.co/products/trai-tai-gai-xỉu-2-hoodie	2025-11-21
Trai Dân Tổ Hoodie	Trơi Bời	Hoodie	https://cdn.shopify.com/s/files/1/0918/5597/8816/files/tr_ngsau_71d56dbd-3e09-4c63-aa7a-063ffa9f25b0.png	https://luonvuituoi.co/products/trai-dan-tổ-hoodie	2025-11-21
Trà Vinh Cốt Hoodie	Băng Đĩa Hải Ngoại	Hoodie	https://cdn.shopify.com/s/files/1/0918/5597/8816/files/tr_ngsau_888c7371-1258-4e86-8461-eb682e4d6dfe.png	https://luonvuituoi.co/products/tra-vinh-cốt-hoodie	2025-11-21
Tốt Hơn Gọi Sáu Hoodie	Tuyệt Đối Điện Ảnh	Hoodie	https://cdn.shopify.com/s/files/1/0918/5597/8816/files/densau_3d357559-c0f1-44d5-a4b2-d430d4df2fa7.png	https://luonvuituoi.co/products/tốt-hơn-gọi-sau-hoodie	2025-11-21
Tiệm Gà 2 Anh Em Hoodie	Tuyệt Đối Điện Ảnh	Hoodie	https://cdn.shopify.com/s/files/1/0918/5597/8816/files/tr_ngsau_6ee24a6d-6e93-4e67-a105-6b0de7100dba.png	https://luonvuituoi.co/products/tiệm-ga-2-anh-em-hoodie	2025-11-21
Thấy Lỗ Là Bắn Hoodie	Trơi Bời	Hoodie	https://cdn.shopify.com/s/files/1/0918/5597/8816/files/tr_ngsau_f5169910-dd82-4fbf-a86f-f7bc897ec95b.png	https://luonvuituoi.co/products/thấy-lỗ-la-bắn-hoodie	2025-11-21
Single By Choice Hoodie	Trơi Bời	Hoodie	https://cdn.shopify.com/s/files/1/0918/5597/8816/files/densau_4beb560b-767a-4c70-8749-f61a354f6c46.png	https://luonvuituoi.co/products/single-by-choice-hoodie	2025-11-21
Purrvana Hoodie	Đũy Mèo	Hoodie	https://cdn.shopify.com/s/files/1/0918/5597/8816/files/densau_a356f83a-7412-4b15-bfc7-74849e937230.png	https://luonvuituoi.co/products/purrvana-hoodie	2025-11-21
Phá Vỡ Tệ Hoodie	Tuyệt Đối Điện Ảnh	Hoodie	https://cdn.shopify.com/s/files/1/0918/5597/8816/files/dentr_c_2a63353a-7d4c-4be6-86a2-256e43e221b2.png	https://luonvuituoi.co/products/pha-vỡ-tệ-hoodie	2025-11-21
Not A Morning Purrrson Hoodie	Đũy Mèo	Hoodie	https://cdn.shopify.com/s/files/1/0918/5597/8816/files/densau_8767521c-d648-4659-bb85-5274b8b028dd.png	https://luonvuituoi.co/products/not-a-morning-purrrson-hoodie	2025-11-21
Người Việt Bay Hoodie	Trơi Bời	Hoodie	https://cdn.shopify.com/s/files/1/0918/5597/8816/files/densau_9497d302-ec21-402d-9834-6174f8ed6048.png	https://luonvuituoi.co/products/người-việt-bay-hoodie	2025-11-21
Người Ngoài Hành Lang Hoodie	Trơi Bời	Hoodie	https://cdn.shopify.com/s/files/1/0918/5597/8816/files/densau_c79970bf-faec-4117-949a-3f92914c2be7.png	https://luonvuituoi.co/products/người-ngoai-hanh-lang-hoodie	2025-11-21
Mèo Moon Hoodie	Đũy Mèo	Hoodie	https://cdn.shopify.com/s/files/1/0918/5597/8816/files/densau_e3a99969-aecb-4fd6-a5ae-06f8079d0ae2.png	https://luonvuituoi.co/products/meo-moon-hoodie	2025-11-21
Mai Tài Sơn Hoodie	Tuyệt Đối Điện Ảnh	Hoodie	https://cdn.shopify.com/s/files/1/0918/5597/8816/files/densau_1c28045a-2be6-414d-a8e7-640c98371b5a.png	https://luonvuituoi.co/products/mai-tai-sơn-hoodie	2025-11-21
Lương 5 Triệu Hoodie	Job	Hoodie	https://cdn.shopify.com/s/files/1/0918/5597/8816/files/h_ngsau_f21a5732-ae42-4366-92f3-6c2e96fd5a74.png	https://luonvuituoi.co/products/lương-5-triệu-hoodie	2025-11-21
Luôn Là Người May Mắn Hoodie	Trơi Bời	Hoodie	https://cdn.shopify.com/s/files/1/0918/5597/8816/files/h_ngsau_e007923d-7060-477e-8769-d8f607b6f2bb.png	https://luonvuituoi.co/products/luon-la-người-may-mắn-hoodie	2025-11-21
Life's Hard Hoodie	Đũy Mèo	Hoodie	https://cdn.shopify.com/s/files/1/0918/5597/8816/files/h_ngsau_e422040f-a64e-4c1f-b488-7ff64239d3bb.png	https://luonvuituoi.co/products/lifes-hard-hoodie	2025-11-21
LGBT Hoodie	Trơi Bời	Hoodie	https://cdn.shopify.com/s/files/1/0918/5597/8816/files/h_ngtr_c_c6b54305-4c8b-41d0-b802-b50bb24fb346.png	https://luonvuituoi.co/products/lgbt-hoodie	2025-11-21
Kiếp Làm Sen Hoodie	Đũy Mèo	Hoodie	https://cdn.shopify.com/s/files/1/0918/5597/8816/files/tr_ngsau_a247ba0d-ca26-4cc8-8312-bb9a17726ab4.png	https://luonvuituoi.co/products/kiếp-lam-sen-hoodie	2025-11-21
I Hate People Hoodie	Đũy Mèo	Hoodie	https://cdn.shopify.com/s/files/1/0918/5597/8816/files/tr_ngsau_c88a6c18-95c4-4585-8ea0-971930e8b4d8.png	https://luonvuituoi.co/products/i-hate-people-hoodie	2025-11-21
I Don't Know I Don't Care Hoodie	Đũy Mèo	Hoodie	https://cdn.shopify.com/s/files/1/0918/5597/8816/files/tr_ngtr_c_a1e71da7-865a-47ce-9111-1a0923743f18.png	https://luonvuituoi.co/products/i-dont-know-i-dont-care-hoodie	2025-11-21
I Do What I Want Hoodie	Đũy Mèo	Hoodie	https://cdn.shopify.com/s/files/1/0918/5597/8816/files/tr_ngtr_c_ff489fcc-3b17-4784-ac4f-b53882d69166.png	https://luonvuituoi.co/products/i-do-what-i-want-hoodie-1	2025-11-19
Hắc Hường Hoodie	Băng Đĩa Hải Ngoại	Hoodie	https://cdn.shopify.com/s/files/1/0918/5597/8816/files/densau_51e4aaf8-2251-405c-9829-74e8fc3a5202.png	https://luonvuituoi.co/products/hắc-hường-hoodie	2025-11-21
Gần Nhạc Thì Dance Trump Hoodie	Trơi Bời	Hoodie	https://cdn.shopify.com/s/files/1/0918/5597/8816/files/tr_ngsau_06ed8c1c-374b-4646-88a7-dc5501eb5912.png	https://luonvuituoi.co/products/gần-nhạc-thi-dance-trump-hoodie	2025-11-21
Fusion Hoodie	Đũy Mèo	Hoodie	https://cdn.shopify.com/s/files/1/0918/5597/8816/files/dentr_c_57135754-5f91-4a92-a069-27aff8c38994.png	https://luonvuituoi.co/products/fusion-hoodie	2025-11-21
Final Lightroom Hoodie	Job	Hoodie	https://cdn.shopify.com/s/files/1/0918/5597/8816/files/dentr_c_9b31e287-7a37-4a85-a85a-c3fb2acf183c.png	https://luonvuituoi.co/products/final-lightroom-hoodie	2025-11-21
Đứng Núi Này Trông Núi Nọ Hoodie	Trơi Bời	Hoodie	https://cdn.shopify.com/s/files/1/0918/5597/8816/files/tr_ngtr_c_336fc506-7886-4a99-a70d-88646fd77dcf.png	https://luonvuituoi.co/products/dứng-nui-nay-trong-nui-nọ-hoodie	2025-11-21
Đứng Núi Này Trông Núi Nọ 2 Hoodie	Trơi Bời	Hoodie	https://cdn.shopify.com/s/files/1/0918/5597/8816/files/tr_ngtr_c_1988d19f-6cdd-4643-bfb6-46857dc68444.png	https://luonvuituoi.co/products/dứng-nui-nay-trong-nui-nọ-2-hoodie	2025-11-21
Đói Quá Ò Hoodie	Đũy Mèo	Hoodie	https://cdn.shopify.com/s/files/1/0918/5597/8816/files/tr_ngsau_18003ee5-fce2-429f-b76a-737ca81af008.png	https://luonvuituoi.co/products/doi-qua-o-hoodie	2025-11-21
Đôi Ghệ Da Trắng Hoodie	Tuyệt Đối Điện Ảnh	Hoodie	https://cdn.shopify.com/s/files/1/0918/5597/8816/files/tr_ngsau_43246278-1b46-4212-acf4-377b5a17dc00.png	https://luonvuituoi.co/products/doi-ghệ-da-trắng-hoodie	2025-11-21
Dân Chơi Hoodie	Trơi Bời	Hoodie	https://cdn.shopify.com/s/files/1/0918/5597/8816/files/tr_ngsau_5726b0dc-6906-4552-af59-7d58007d2299.png	https://luonvuituoi.co/products/dan-chơi-hoodie	2025-11-21
Cột Sống Văn Phòng Hoodie	Job	Hoodie	https://cdn.shopify.com/s/files/1/0918/5597/8816/files/densau_d84849e3-ebd0-4b5a-a636-afbfef2b4d19.png	https://luonvuituoi.co/products/cột-sống-van-phong-hoodie	2025-11-21
Cột Sống Sinh Viên Hoodie	Job	Hoodie	https://cdn.shopify.com/s/files/1/0918/5597/8816/files/tr_ngsau_5ac02413-8171-4d1d-937e-27fb5a4df288.png	https://luonvuituoi.co/products/cột-sống-sinh-vien-hoodie	2025-11-21
Cột Sống Editor Hoodie	Job	Hoodie	https://cdn.shopify.com/s/files/1/0918/5597/8816/files/tr_ngsau_a772c340-6690-480a-bef6-3e9be672d17d.png	https://luonvuituoi.co/products/cột-sống-editor-hoodie	2025-11-21
Còn Thở Còn Gỡ Hoodie	Trơi Bời	Hoodie	https://cdn.shopify.com/s/files/1/0918/5597/8816/files/tr_ngsau_8ca3b706-d4e6-490e-9392-ea43bc818711.png	https://luonvuituoi.co/products/con-thở-con-gỡ-hoodie	2025-11-21
Còn Cái Nịt Hoodie	Trơi Bời	Hoodie	https://cdn.shopify.com/s/files/1/0918/5597/8816/files/tr_ngtr_c_1882fd97-e35a-4127-9712-2b557e8ac0e4.png	https://luonvuituoi.co/products/con-cai-nịt-hoodie-1	2025-11-19
CLGT Hoodie	Trơi Bời	Hoodie	https://cdn.shopify.com/s/files/1/0918/5597/8816/files/tr_ngtr_c_1d19708a-0189-487e-a810-3020ac5ea741.png	https://luonvuituoi.co/products/clgt-hoodie	2025-11-21
Chú Chuột Đầu Bết Hoodie	Tuyệt Đối Điện Ảnh	Hoodie	https://cdn.shopify.com/s/files/1/0918/5597/8816/files/tr_ngsau_27330053-7d41-457e-8ef0-a28d660b4ad2.png	https://luonvuituoi.co/products/chu-chuột-dầu-bết-hoodie	2025-11-21
Chín Bỏ Vào Mồm Hoodie	Lifey Stuff	Hoodie	https://cdn.shopify.com/s/files/1/0918/5597/8816/files/h_ngtr_c_0a95ac13-58f6-4b1c-9fb2-6fdf12c55fbe.png	https://luonvuituoi.co/products/chin-bỏ-vao-mồm-hoodie	2025-11-21
Câu Chuyện Chơi Đồ Hoodie	Tuyệt Đối Điện Ảnh	Hoodie	https://cdn.shopify.com/s/files/1/0918/5597/8816/files/h_ngsau_e0c2a344-de2c-471e-b449-991b2f6f112e.png	https://luonvuituoi.co/products/cau-chuyện-chơi-dồ-hoodie	2025-11-21
BDSM Hoodie	Trơi Bời	Hoodie	https://cdn.shopify.com/s/files/1/0918/5597/8816/files/h_ngtr_c_28560f3b-7865-490d-a1a0-fbcff377e7ae.png	https://luonvuituoi.co/products/bdsm-hoodie	2025-11-21
Bật Chế Độ Bay Lên Hoodie	Trơi Bời	Hoodie	https://cdn.shopify.com/s/files/1/0918/5597/8816/files/dentr_c_6b4273e4-0a3d-4a24-97b9-f0966943dbdc.png	https://luonvuituoi.co/products/bật-chế-dộ-bay-len-hoodie	2025-11-21
Another Fcking Day Hoodie	Đũy Mèo	Hoodie	https://cdn.shopify.com/s/files/1/0918/5597/8816/files/h_ngtr_c_e9fe571b-5c11-4a8a-8822-8ca0aa364432.png	https://luonvuituoi.co/products/another-fcking-day-hoodie	2025-11-21
Yêu Một Người Hoodie	Love Bites	Hoodie	https://cdn.shopify.com/s/files/1/0918/5597/8816/files/kemsau_b96765bc-9148-4585-b892-c54b54d03828.png	https://luonvuituoi.co/products/yeu-một-người-hoodie	2025-11-21
Xì Ke Hoodie	Trơi Bời	Hoodie	https://cdn.shopify.com/s/files/1/0918/5597/8816/files/kemtr_c_32022cd8-4a8a-49ca-a8dc-e279476a18a6.png	https://luonvuituoi.co/products/xi-ke-hoodie	2025-11-21
Vượt Mức Pickleball Hoodie	Love Bites	Hoodie	https://cdn.shopify.com/s/files/1/0918/5597/8816/files/kemtr_c_67af199c-f7a8-435f-8e7f-c5b4e521bcbe.png	https://luonvuituoi.co/products/vượt-mức-pickleball-hoodie	2025-11-21
Trẻ Không Chơi Hoodie	Trơi Bời	Hoodie	https://cdn.shopify.com/s/files/1/0918/5597/8816/files/tr_ngsau_74cc608b-32ce-4d1a-99c3-4280ceac8d47.png	https://luonvuituoi.co/products/trẻ-khong-chơi-hoodie	2025-11-21
Trai Đẹp Hoodie	Lifey Stuff	Hoodie	https://cdn.shopify.com/s/files/1/0918/5597/8816/files/tr_ngtr_c_b8b1d9f2-3656-45c7-b614-a03ea90058a1.png	https://luonvuituoi.co/products/trai-dẹp-hoodie	2025-11-21
Tiệm Tạp Hoá Hoodie	Job	Hoodie	https://cdn.shopify.com/s/files/1/0918/5597/8816/files/tr_ngsau_a886c5b9-6d23-44f0-9f4d-1cfaa9b761ab.png	https://luonvuituoi.co/products/tiệm-tạp-hoa-hoodie	2025-11-21
Thợ Săn Tiểu Tiên Nữ Hoodie	Trơi Bời	Hoodie	https://cdn.shopify.com/s/files/1/0918/5597/8816/files/tr_ngsau_ec4b090f-d09e-41c4-bf0e-1f5ca8ab2587.png	https://luonvuituoi.co/products/thợ-san-tiểu-tien-nữ-hoodie	2025-11-21
Thợ Săn Thái Tử Hoodie	Trơi Bời	Hoodie	https://cdn.shopify.com/s/files/1/0918/5597/8816/files/tr_ngsau_2cea2dc0-569b-4930-bbbd-e5bb1e5a0fe2.png	https://luonvuituoi.co/products/thợ-san-thai-tử-hoodie	2025-11-21
Thợ Săn Phú Bà Hoodie	Trơi Bời	Hoodie	https://cdn.shopify.com/s/files/1/0918/5597/8816/files/tr_ngsau_b3481949-2b09-438c-baa6-c32e4c61932d.png	https://luonvuituoi.co/products/thợ-san-phu-ba-hoodie	2025-11-21
Thợ Săn Nhị Lang Thần Hoodie	Trơi Bời	Hoodie	https://cdn.shopify.com/s/files/1/0918/5597/8816/files/kemsau_eb23d0e2-116a-4934-8aa4-d64f57c5c22e.png	https://luonvuituoi.co/products/thợ-san-nhị-lang-thần-hoodie	2025-11-21
Thợ Săn Ngưu Ma Vương Hoodie	Trơi Bời	Hoodie	https://cdn.shopify.com/s/files/1/0918/5597/8816/files/h_ngsau_84af624a-ec22-4a4e-93d8-2dc55631e6e3.png	https://luonvuituoi.co/products/thợ-san-ngưu-ma-vương-hoodie	2025-11-21
Thợ Săn Hồng Hài Nhi Hoodie	Trơi Bời	Hoodie	https://cdn.shopify.com/s/files/1/0918/5597/8816/files/tr_ngsau_33af4c06-d30a-429c-a8a7-c0d3cab1697a.png	https://luonvuituoi.co/products/thợ-san-hồng-hai-nhi-hoodie	2025-11-21
Sống Trong Đời Sống Hoodie	Trơi Bời	Hoodie	https://cdn.shopify.com/s/files/1/0918/5597/8816/files/dentr_c_b2502e31-602c-4a7e-b64a-c421b17bb69a.png	https://luonvuituoi.co/products/sống-trong-dời-sống-hoodie	2025-11-21
Sai Đẹp Giú Hoodie	Love Bites	Hoodie	https://cdn.shopify.com/s/files/1/0918/5597/8816/files/tr_ngtr_c_d395e1e5-121c-4580-85c7-d63c40a15027.png	https://luonvuituoi.co/products/sai-dẹp-giu-hoodie	2025-11-21
Sai Đẹp Chill Hoodie	Love Bites	Hoodie	https://cdn.shopify.com/s/files/1/0918/5597/8816/files/tr_ngtr_c_43d59b5b-25ef-4fee-81f5-af05392f9f05.png	https://luonvuituoi.co/products/sai-dẹp-chill-hoodie	2025-11-21
Quên Cái Cần Nhớ Hoodie	Tuyệt Đối Điện Ảnh	Hoodie	https://cdn.shopify.com/s/files/1/0918/5597/8816/files/xamsau_3e1b8ed3-ca41-4e5a-8eaa-8b9e4b3393ee.png	https://luonvuituoi.co/products/quen-cai-cần-nhớ-hoodie	2025-11-21
Pussy White Dice Hoodie	Trơi Bời	Hoodie	https://cdn.shopify.com/s/files/1/0918/5597/8816/files/tr_ngsau_c7a8771e-beba-4878-b010-a55be5a82735.png	https://luonvuituoi.co/products/pussy-white-dice-hoodie	2025-11-21
Người Chọn Đi Chơi Hoodie	Job	Hoodie	https://cdn.shopify.com/s/files/1/0918/5597/8816/files/h_ngtr_c_bb17c0aa-771d-46e7-832c-62a16fdc9ed1.png	https://luonvuituoi.co/products/người-chọn-di-chơi-hoodie	2025-11-21
Không Tin Đàn Ông Hoodie	Love Bites	Hoodie	https://cdn.shopify.com/s/files/1/0918/5597/8816/files/h_ngsau_22fca677-7afa-4f31-99b8-6b2421d29d8b.png	https://luonvuituoi.co/products/khong-tin-dan-ong-hoodie	2025-11-21
Không Tin Đàn Bà Hoodie	Love Bites	Hoodie	https://cdn.shopify.com/s/files/1/0918/5597/8816/files/densau_ddafff2c-116e-43de-8990-29569f0902ae.png	https://luonvuituoi.co/products/khong-tin-dan-ba-hoodie	2025-11-21
Gái Đẹp Hoodie	Love Bites	Hoodie	https://cdn.shopify.com/s/files/1/0918/5597/8816/files/h_ngtr_c_3a179adb-3bab-461f-a80d-894233a95fed.png	https://luonvuituoi.co/products/gai-dẹp-hoodie	2025-11-21
Final Pr Hoodie	Job	Hoodie	https://cdn.shopify.com/s/files/1/0918/5597/8816/files/tr_ngtr_c_e5cde84e-55f9-4474-b546-1c0ac5efb335.png	https://luonvuituoi.co/products/final-pr-hoodie	2025-11-21
Final Photoshop Hoodie	Job	Hoodie	https://cdn.shopify.com/s/files/1/0918/5597/8816/files/tr_ngtr_c_839d9f55-f2b6-42db-bf40-9dd5d8fd9ccd.png	https://luonvuituoi.co/products/final-photoshop-hoodie	2025-11-21
Final Ai Hoodie	Job	Hoodie	https://cdn.shopify.com/s/files/1/0918/5597/8816/files/kemtr_c_2b361c0b-8cff-4fa4-833e-cef40e1b7a08.png	https://luonvuituoi.co/products/final-ai-hoodie	2025-11-21
Final Ae Hoodie	Job	Hoodie	https://cdn.shopify.com/s/files/1/0918/5597/8816/files/dentr_c_4f9c5da4-894c-4e57-bc77-e453cb8f1781.png	https://luonvuituoi.co/products/final-ae-hoodie	2025-11-21
Cột Sống Designer Hoodie	Job	Hoodie	https://cdn.shopify.com/s/files/1/0918/5597/8816/files/h_ngsau_3c8e270f-e1f6-4d79-b791-9a306ab3bed0.png	https://luonvuituoi.co/products/cột-sống-designer-hoodie	2025-11-21
Vịt Quay Parking Hoodie	Animal Circus	Hoodie	https://cdn.shopify.com/s/files/1/0918/5597/8816/files/densau_8db6387b-84ab-496c-a1b9-ca24f57a2a90.png	https://luonvuituoi.co/products/vịt-quay-parking-hoodie	2025-11-21
Sick My Duck Hoodie	Animal Circus	Hoodie	https://cdn.shopify.com/s/files/1/0918/5597/8816/files/dentr_c_679ca536-399e-4b7a-81dd-8ed3e3119a59.png	https://luonvuituoi.co/products/sick-my-duck-hoodie	2025-11-21
Pussy 8 Ball Hoodie	Trơi Bời	Hoodie	https://cdn.shopify.com/s/files/1/0918/5597/8816/files/tr_ngsau_ef54dfd9-3104-422f-83f7-abd1c2b3a3d0.png	https://luonvuituoi.co/products/pussy-8-ball-hoodie-1	2025-11-21
ÔI Thôi Chếc - Noel Đến Rồi Mà Vẫn Ế Sweater	Nghỉ Lễ	Sweater	https://cdn.shopify.com/s/files/1/0918/5597/8816/files/h_ngsau_548f261e-64cd-47f8-b054-bd51cf006fc4.png	https://luonvuituoi.co/products/oi-thoi-chếc-noel-dến-rồi-ma-vẫn-ế-sweater	2025-11-20
Noel Không Quà Sweater	Nghỉ Lễ	Sweater	https://cdn.shopify.com/s/files/1/0918/5597/8816/files/swxamtr_c_0c953e1b-6658-4bf0-b477-e869c003e3ec.png	https://luonvuituoi.co/products/noel-khong-qua-sweater	2025-11-20
Người Ta Mong Đến Noel Sweater	Nghỉ Lễ	Sweater	https://cdn.shopify.com/s/files/1/0918/5597/8816/files/swxamtr_c_222ff0f3-cd4a-4499-8aa7-536b5a1362e4.png	https://luonvuituoi.co/products/người-ta-mong-dến-noel-sweater	2025-11-20
Just A Jolly Goose Sweater	Nghỉ Lễ	Sweater	https://cdn.shopify.com/s/files/1/0918/5597/8816/files/swkemtr_c_1449b20b-e370-4a77-9adf-c35dcae78f13.png	https://luonvuituoi.co/products/just-a-jolly-goose-sweater	2025-11-20
Gần Nhạc Thì Dance - Gần Noel Mà Không Có Bồ Sweater	Nghỉ Lễ	Sweater	https://cdn.shopify.com/s/files/1/0918/5597/8816/files/swtrangtr_c_b9edd2e6-a559-45a3-a28c-97c3a2df6f17.png	https://luonvuituoi.co/products/gần-nhạc-thi-dance-gần-noel-ma-khong-co-bồ-sweater	2025-11-20
Funny cat With Sanata Sweater	Nghỉ Lễ	Sweater	https://cdn.shopify.com/s/files/1/0918/5597/8816/files/swdentr_c_b52413dc-4dee-401f-92bf-15df949cfe37.png	https://luonvuituoi.co/products/funny-cat-with-sanata-sweater	2025-11-20
Cột Sông Bất Ổn - Giáng Sinh Chỉ Muốn Ở Nhà Sweater	Nghỉ Lễ	Sweater	https://cdn.shopify.com/s/files/1/0918/5597/8816/files/swkemtr_c_1102c5ce-8fe8-4f16-9708-1eead1ccda06.png	https://luonvuituoi.co/products/cột-song-bất-ổn-giang-sinh-chỉ-muốn-ở-nha-sweater	2025-11-20
Cho Ông Hỏi Bà Già Noel Đang Ở Đâu Sweater	Nghỉ Lễ	Sweater	https://cdn.shopify.com/s/files/1/0918/5597/8816/files/densau_8592bcba-d957-4744-995f-88b4278ddf38.png	https://luonvuituoi.co/products/cho-ong-hỏi-ba-gia-noel-dang-ở-dau-sweater	2025-11-20
Cho Bà Hỏi Ông Già Noel Đang Ở Đâu Sweater	Nghỉ Lễ	Sweater	https://cdn.shopify.com/s/files/1/0918/5597/8816/files/densau_a2dbdd59-267e-455d-bcc8-e93ba8365f55.png	https://luonvuituoi.co/products/cho-ba-hỏi-ong-gia-noel-dang-ở-dau-sweater	2025-11-20
ÔI Thôi Chếc - Noel Đến Rồi Mà Vẫn Ế Hoodie	Nghỉ Lễ	Hoodie	https://cdn.shopify.com/s/files/1/0918/5597/8816/files/h_ngsau_516fa86c-77e6-4ff3-bd35-982bdf3f5499.png	https://luonvuituoi.co/products/oi-thoi-chếc-noel-dến-rồi-ma-vẫn-ế-hoodie	2025-11-20
Noel Không Quà Hoodie	Nghỉ Lễ	Hoodie	https://cdn.shopify.com/s/files/1/0918/5597/8816/files/xamsau_a9575357-d6fb-4754-90f8-30efa576446c.png	https://luonvuituoi.co/products/noel-khong-qua-hoodie	2025-11-20
Người Ta Mong Đến Noel Hoodie	Nghỉ Lễ	Hoodie	https://cdn.shopify.com/s/files/1/0918/5597/8816/files/xamsau_30ea1869-9e86-4dd9-8c0f-b899e0ad773a.png	https://luonvuituoi.co/products/người-ta-mong-dến-noel-hoodie	2025-11-20
Just A Jolly Goose Hoodie	Nghỉ Lễ	Hoodie	https://cdn.shopify.com/s/files/1/0918/5597/8816/files/swkemtr_c_2b5680be-7b3c-4528-a7a9-edc844321336.png	https://luonvuituoi.co/products/just-a-jolly-goose-hoodie	2025-11-20
Gần Nhạc Thì Dance - Gần Noel Mà Không Có Bồ Hoodie	Nghỉ Lễ	Hoodie	https://cdn.shopify.com/s/files/1/0918/5597/8816/files/tr_ngsau_8fd48592-e1ca-447d-8b17-aaeecc21b3da.png	https://luonvuituoi.co/products/gần-nhạc-thi-dance-gần-noel-ma-khong-co-bồ-hoodie	2025-11-20
Funny Cat With Sanata Hoodie	Nghỉ Lễ	Hoodie	https://cdn.shopify.com/s/files/1/0918/5597/8816/files/densau_2ff54ab2-578d-410c-a567-b1b081990a2d.png	https://luonvuituoi.co/products/funny-cat-with-sanata-hoodie	2025-11-20
Cột Sông Bất Ổn - Giáng Sinh Chỉ Muốn Ở Nhà Hoodie	Nghỉ Lễ	Hoodie	https://cdn.shopify.com/s/files/1/0918/5597/8816/files/swkemtr_c_9014287c-a82b-4ed5-9d13-6ecdd2762150.png	https://luonvuituoi.co/products/cột-song-bất-ổn-giang-sinh-chỉ-muốn-ở-nha-hoodie	2025-11-20
Cho Ông Hỏi Bà Già Noel Đang Ở Đâu Hoodie	Nghỉ Lễ	Hoodie	https://cdn.shopify.com/s/files/1/0918/5597/8816/files/densau_e6c0279f-6f53-4768-be3a-8673a589608c.png	https://luonvuituoi.co/products/cho-ong-hỏi-ba-gia-noel-dang-ở-dau-hoodie	2025-11-20
Cho Bà Hỏi Ông Già Noel Đang Ở Đâu Hoodie	Nghỉ Lễ	Hoodie	https://cdn.shopify.com/s/files/1/0918/5597/8816/files/densau_410137e8-ad5e-49dc-a0bd-d71ae024392d.png	https://luonvuituoi.co/products/cho-ba-hỏi-ong-gia-noel-dang-ở-dau-hoodie	2025-11-20
No Meow No Life Sweater	Animal Circus;Đũy Mèo	Sweater	https://cdn.shopify.com/s/files/1/0918/5597/8816/files/swtr_ckem_63dbb6b8-7347-4fde-a680-761225f29a0a.png	https://luonvuituoi.co/products/no-meow-no-life-sweater	2025-11-20
Lẩu Cốt Hoodie	Lifey Stuff	Hoodie	https://cdn.shopify.com/s/files/1/0918/5597/8816/files/kemtr_c_2239b630-6436-4445-a3e2-47435b31d029.png	https://luonvuituoi.co/products/lẩu-cốt-hoodie	2025-11-20
Lái Bia Rượu Hoodie	Lifey Stuff	Hoodie	https://cdn.shopify.com/s/files/1/0918/5597/8816/files/kemtr_c_d9742265-2d77-4b56-b075-2d47cc6ae8f0.png	https://luonvuituoi.co/products/lai-bia-rượu-hoodie	2025-11-20
Là Sao Hoodie	Lifey Stuff	Hoodie	https://cdn.shopify.com/s/files/1/0918/5597/8816/files/densau_e1bd890f-9027-4a26-8e76-69a8de90c499.png	https://luonvuituoi.co/products/la-sao-hoodie	2025-11-20
Người Chơi Hệ Hoả Hoodie	Trơi Bời	Hoodie	https://cdn.shopify.com/s/files/1/0918/5597/8816/files/densau_0ea0bfda-35f1-4bdf-aa1d-b6ef435392ef.png	https://luonvuituoi.co/products/người-chơi-hệ-hoả-hoodie	2025-11-20
You're Rich Hoodie	Trơi Bời	Hoodie	https://cdn.shopify.com/s/files/1/0918/5597/8816/files/kemsau_b89f6ceb-afc0-4470-9092-e8b6cb41ebc2.png	https://luonvuituoi.co/products/youre-rich-hoodie	2025-11-20
Xạo Hổ Xàm Long Hoodie	Animal Circus	Hoodie	https://cdn.shopify.com/s/files/1/0918/5597/8816/files/densau_3f8fa6a3-4180-41d4-95dc-86b0fddfb99b.png	https://luonvuituoi.co/products/xạo-hổ-xam-long-hoodie	2025-11-20
Wet Ass Pussy Hoodie	Animal Circus	Hoodie	https://cdn.shopify.com/s/files/1/0918/5597/8816/files/densau_8213fc7f-6828-4558-9cc7-63e3ecaeff81.png	https://luonvuituoi.co/products/wet-ass-pussy-hoodie	2025-11-20
Wah Deadline Hoodie	Job	Hoodie	https://cdn.shopify.com/s/files/1/0918/5597/8816/files/dentr_c_d671fa73-8571-44a6-b18a-139ba8255494.png	https://luonvuituoi.co/products/wah-deadline-hoodie	2025-11-20
Việc Nhẹ Volt Cao Hoodie	Job	Hoodie	https://cdn.shopify.com/s/files/1/0918/5597/8816/files/dentr_c_3604be57-0228-4e8f-a3c1-b23030971163.png	https://luonvuituoi.co/products/việc-nhẹ-volt-cao-hoodie	2025-11-20
Tuyệt Vời Hoodie	Lifey Stuff	Hoodie	https://cdn.shopify.com/s/files/1/0918/5597/8816/files/tr_ngtr_c_f974b7db-1e54-474b-8aef-82d64cf6dfed.png	https://luonvuituoi.co/products/tuyệt-vời-hoodie	2025-11-20
Từ Lớp 1 Đến Lớp You Hoodie	Love Bites	Hoodie	https://cdn.shopify.com/s/files/1/0918/5597/8816/files/tr_ngsau_ba42fb5d-d219-4b6d-8b87-e397c34f007a.png	https://luonvuituoi.co/products/từ-lớp-1-dến-lớp-you-hoodie	2025-11-20
Trên Răng Dưới Dép Hoodie	Lifey Stuff	Hoodie	https://cdn.shopify.com/s/files/1/0918/5597/8816/files/tr_ngsau_ff6cd1b0-18a9-465b-ab65-8fd6ad6361bf.png	https://luonvuituoi.co/products/tren-rang-dưới-dep-hoodie	2025-11-20
Trẻ Người Nonstop Hoodie	Trơi Bời	Hoodie	https://cdn.shopify.com/s/files/1/0918/5597/8816/files/tr_ngsau_dbc2156e-210d-4e71-bd08-d0a4c5b50636.png	https://luonvuituoi.co/products/trẻ-người-nonstop-hoodie	2025-11-20
Tôi Là Bánh Khúc Hoodie	Lifey Stuff	Hoodie	https://cdn.shopify.com/s/files/1/0918/5597/8816/files/xamsau_83ce5b35-63b4-4e10-9897-25156878f0ce.png	https://luonvuituoi.co/products/toi-la-banh-khuc-hoodie	2025-11-20
Tình Iu Vĩnh Cửu Hoodie	Love Bites	Hoodie	https://cdn.shopify.com/s/files/1/0918/5597/8816/files/xamtr_c_0f39c3ff-9fce-4eda-9bbc-dc5038e6bef4.png	https://luonvuituoi.co/products/tinh-iu-vinh-cửu-hoodie	2025-11-20
Thợ Hurt Tóc Hoodie	Job	Hoodie	https://cdn.shopify.com/s/files/1/0918/5597/8816/files/xamtr_c_5fe73b9a-62b5-4904-b47a-259b7ab13a3d.png	https://luonvuituoi.co/products/thợ-hurt-toc-hoodie	2025-11-20
This Is Fine Hoodie	Animal Circus	Hoodie	https://cdn.shopify.com/s/files/1/0918/5597/8816/files/xamtr_c_524f2133-922a-419c-9861-0a48ce73634d.png	https://luonvuituoi.co/products/this-is-fine-hoodie	2025-11-20
Không Có Bông Tuyết Nào Là Trong Sạch Sweater	Nghỉ Lễ	Sweater	https://cdn.shopify.com/s/files/1/0918/5597/8816/files/navyxau_05d0ac0f-1195-4fa2-9b62-6affa0739a0e.png	https://luonvuituoi.co/products/khong-co-bong-tuyết-nao-la-trong-sạch-sweater	2025-11-20
Thế Hệ Cợt Nhả Hoodie	Job	Hoodie	https://cdn.shopify.com/s/files/1/0918/5597/8816/files/xamtr_c_e2010552-1f3c-46b1-b727-d81c3463850a.png	https://luonvuituoi.co/products/thế-hệ-cợt-nhả-hoodie	2025-11-20
Tảttoo Ảtist Hoodie	Job	Hoodie	https://cdn.shopify.com/s/files/1/0918/5597/8816/files/h_ngtr_c_31898831-05e7-4323-9b52-cca25bfdba3e.png	https://luonvuituoi.co/products/tảttoo-ảtist-hoodie	2025-11-20
Không Có Bông Tuyết Nào Là Trong Sạch Hoodie	Nghỉ Lễ	Hoodie	https://cdn.shopify.com/s/files/1/0918/5597/8816/files/navyxau_0dd902da-2fc5-4812-ba55-eefad9856b95.png	https://luonvuituoi.co/products/khong-co-bong-tuyết-nao-la-trong-sạch-hoodie	2025-11-20
Tảrot Readẻ Hoodie	Job	Hoodie	https://cdn.shopify.com/s/files/1/0918/5597/8816/files/h_ngtr_c_ed769996-3e72-4ec8-84a6-8b79396b55de.png	https://luonvuituoi.co/products/tảrot-readẻ-hoodie	2025-11-20
Tăng High Tăng Bar Hoodie	Job	Hoodie	https://cdn.shopify.com/s/files/1/0918/5597/8816/files/h_ngtr_c_80d772da-1689-4758-8fbb-d4d23b308869.png	https://luonvuituoi.co/products/tang-high-tang-bar-hoodie	2025-11-20
Tán 7 Em Hoodie	Love Bites	Hoodie	https://cdn.shopify.com/s/files/1/0918/5597/8816/files/densau_b454f6d7-59de-4729-8383-f464a5fc0d6a.png	https://luonvuituoi.co/products/tan-7-em-hoodie	2025-11-20
Tấm Chân Tình Hoodie	Love Bites	Hoodie	https://cdn.shopify.com/s/files/1/0918/5597/8816/files/densau_da96981b-7875-4d15-b9d0-416745cbbe4b.png	https://luonvuituoi.co/products/tấm-chan-tinh-hoodie	2025-11-20
Studèn Hoodie	Lifey Stuff	Hoodie	https://cdn.shopify.com/s/files/1/0918/5597/8816/files/dentr_c_36b3354a-d542-438b-86f9-dfed87fd03d5.png	https://luonvuituoi.co/products/studen-hoodie	2025-11-20
Sprite Shit Hoodie	Lifey Stuff	Hoodie	https://cdn.shopify.com/s/files/1/0918/5597/8816/files/dentr_c_2a764648-9aa0-4b02-80b4-e3cce8a177fe.png	https://luonvuituoi.co/products/sprite-shit-hoodie	2025-11-20
Sông Sâu Tĩnh Lặng Hoodie	Job	Hoodie	https://cdn.shopify.com/s/files/1/0918/5597/8816/files/dentr_c_9a7eddb1-c480-44cd-ad3c-ebfd95a5bf1c.png	https://luonvuituoi.co/products/song-sau-tinh-lặng-hoodie	2025-11-20
Sờ Kết Hoodie	Love Bites	Hoodie	https://cdn.shopify.com/s/files/1/0918/5597/8816/files/densau_6793e8ba-13a9-4823-8795-5964e300df22.png	https://luonvuituoi.co/products/sờ-kết-hoodie	2025-11-20
Snoop Dogg THC Hoodie	Trơi Bời	Hoodie	https://cdn.shopify.com/s/files/1/0918/5597/8816/files/densau_e77f8f03-8beb-4c90-bb16-0a4177ac1547.png	https://luonvuituoi.co/products/snoop-dogg-thc-hoodie	2025-11-20
Si Tình Hoodie	Love Bites	Hoodie	https://cdn.shopify.com/s/files/1/0918/5597/8816/files/densau_11cc3fc5-2bcb-40ac-a160-bae15493b3ab.png	https://luonvuituoi.co/products/si-tinh-hoodie	2025-11-20
Sát Vợ Tao Rồi Hoodie	Love Bites	Hoodie	https://cdn.shopify.com/s/files/1/0918/5597/8816/files/dentr_c_48a1325a-7d22-4982-8e54-e4e97082e756.png	https://luonvuituoi.co/products/sat-vợ-tao-rồi-hoodie	2025-11-20
Sát Chồng Tao Rồi Hoodie	Love Bites	Hoodie	https://cdn.shopify.com/s/files/1/0918/5597/8816/files/dentr_c_aceb1285-4c63-443d-8ee5-f062db7b109d.png	https://luonvuituoi.co/products/sat-chồng-tao-rồi-hoodie	2025-11-20
Retire My Girl Friend Hoodie	Trơi Bời	Hoodie	https://cdn.shopify.com/s/files/1/0918/5597/8816/files/h_ngsau_55c2a4b6-8a97-4159-9330-1ed68b938768.png	https://luonvuituoi.co/products/retire-my-girl-friend-hoodie	2025-11-20
Only Fans Hoodie	Trơi Bời	Hoodie	https://cdn.shopify.com/s/files/1/0918/5597/8816/files/h_ngsau_b5e79cc3-4bbb-4f08-8583-5c314b11d9f5.png	https://luonvuituoi.co/products/only-fans-hoodie	2025-11-20
Nobody Care Hoodie	Trơi Bời	Hoodie	https://cdn.shopify.com/s/files/1/0918/5597/8816/files/h_ngsau_df6f038c-2ad5-49fb-8461-ed2ca301f8d7.png	https://luonvuituoi.co/products/nobody-care-hoodie	2025-11-20
Nhạc Đến Nhà Hoodie	Trơi Bời	Hoodie	https://cdn.shopify.com/s/files/1/0918/5597/8816/files/densau_f8d9352a-8761-4e56-989e-2c8172a560dd.png	https://luonvuituoi.co/products/nhạc-dến-nha-hoodie	2025-11-20
Người Việt Gốc Cây Hoodie	Vietnamese Culture	Hoodie	https://cdn.shopify.com/s/files/1/0918/5597/8816/files/tr_ngsau_44635f7e-b5cf-4ef6-95ed-3b55b206a766.png	https://luonvuituoi.co/products/người-việt-gốc-cay-hoodie	2025-11-20
Người Vận Chuyển Hoodie	Job	Hoodie	https://cdn.shopify.com/s/files/1/0918/5597/8816/files/kemtr_c_1d4e6d47-84be-4d4f-bcff-307ff06e0f39.png	https://luonvuituoi.co/products/người-vận-chuyển-hoodie	2025-11-20
Trời Lạnh Tại Đông Hoodie	Đũy Mèo	Hoodie	https://cdn.shopify.com/s/files/1/0918/5597/8816/files/tr_ngsau_62536137-16dd-4d92-b008-05b799e8543e.png	https://luonvuituoi.co/products/trời-lạnh-tại-dong-hoodie	2025-11-20
Tis The Season Hoodie	Nghỉ Lễ	Hoodie	https://cdn.shopify.com/s/files/1/0918/5597/8816/files/dentr_c_80f8cac9-2cfc-4577-8883-c69194f57c05.png	https://luonvuituoi.co/products/tis-the-season-hoodie	2025-11-19
There's Some Ho's Hoodie	Animal Circus	Hoodie	https://cdn.shopify.com/s/files/1/0918/5597/8816/files/densau_669a36d4-64e0-4a64-9f93-dffaae2ebf15.png	https://luonvuituoi.co/products/theres-some-hos-hoodie	2025-11-19
Thể Dục Thể Thao Hoodie	Animal Circus	Hoodie	https://cdn.shopify.com/s/files/1/0918/5597/8816/files/dentr_c_9fa8a030-1bd7-4e07-a520-5bd34cb3e90a.png	https://luonvuituoi.co/products/thể-dục-thể-thao-hoodie	2025-11-19
Stop Staring Hoodie	Nghỉ Lễ	Hoodie	https://cdn.shopify.com/s/files/1/0918/5597/8816/files/dentr_c_fb6342da-59d1-4531-805a-a3faa0b5b081.png	https://luonvuituoi.co/products/stop-staring-hoodie	2025-11-19
Sigma Boy Hoodie	Tuyệt Đối Điện Ảnh	Hoodie	https://cdn.shopify.com/s/files/1/0918/5597/8816/files/densau_d695a14f-96ef-4e14-bc4c-c6cf4190cf0a.png	https://luonvuituoi.co/products/sigma-boy-hoodie	2025-11-19
Ramen Cat Hoodie	Đũy Mèo	Hoodie	https://cdn.shopify.com/s/files/1/0918/5597/8816/files/kemsau_e85948ab-8dc5-4acd-86dd-4840ce7e61ec.png	https://luonvuituoi.co/products/ramen-cat-hoodie	2025-11-19
Quý Ngài Đậu Má Hoodie	Tuyệt Đối Điện Ảnh	Hoodie	https://cdn.shopify.com/s/files/1/0918/5597/8816/files/kemsau_6431be91-e7f4-4f1c-8f07-feb00564d2de.png	https://luonvuituoi.co/products/quy-ngai-dậu-ma-hoodie	2025-11-19
Offer Santa A Beer Hoodie	Nghỉ Lễ	Hoodie	https://cdn.shopify.com/s/files/1/0918/5597/8816/files/kemsau_e339aaad-e7b1-47c3-bb91-8ae745f31344.png	https://luonvuituoi.co/products/offer-santa-a-beer-hoodie	2025-11-19
Naughty Claus Hoodie	Love Bites	Hoodie	https://cdn.shopify.com/s/files/1/0918/5597/8816/files/kemtr_c_5d3b771b-ab64-4e35-90d6-018b96769fd1.png	https://luonvuituoi.co/products/naughty-claus-hoodie	2025-11-19
My Girlfriend Hoodie	Love Bites	Hoodie	https://cdn.shopify.com/s/files/1/0918/5597/8816/files/kemsau_75cd02dd-7ade-4183-b7c5-50ca1dbc5c34.png	https://luonvuituoi.co/products/my-girlfriend-hoodie	2025-11-19
My Boyfriend Hoodie	Love Bites	Hoodie	https://cdn.shopify.com/s/files/1/0918/5597/8816/files/kemsau_58c32849-1b14-43b3-a47e-5cf20a66a5f4.png	https://luonvuituoi.co/products/my-boyfriend-hoodie	2025-11-19
Merry X Mas Hoodie	Nghỉ Lễ	Hoodie	https://cdn.shopify.com/s/files/1/0918/5597/8816/files/tr_ngsau_3c4199f4-6da3-4a64-9f32-e1a2202ee87f.png	https://luonvuituoi.co/products/merry-x-mas-hoodie	2025-11-19
Merry Titmas Hoodie	Nghỉ Lễ	Hoodie	https://cdn.shopify.com/s/files/1/0918/5597/8816/files/tr_ngtr_c_b38c1c4a-048c-4bcf-9ffa-99ad4cfb3ac6.png	https://luonvuituoi.co/products/merry-titmas-hoodie	2025-11-19
Merry Crapmas Hoodie	Nghỉ Lễ	Hoodie	https://cdn.shopify.com/s/files/1/0918/5597/8816/files/tr_ngsau_3fe9493a-15b2-4063-b67d-307494d0734e.png	https://luonvuituoi.co/products/merry-crapmas-hoodie	2025-11-19
Merry Catmess Hoodie	Nghỉ Lễ	Hoodie	https://cdn.shopify.com/s/files/1/0918/5597/8816/files/tr_ngsau_d09ed263-d91c-476d-bd46-e938fdd3676a.png	https://luonvuituoi.co/products/merry-catmess-hoodie	2025-11-19
Meme Cat Huh Hoodie	Đũy Mèo	Hoodie	https://cdn.shopify.com/s/files/1/0918/5597/8816/files/densau_7adaddd4-18a9-40ad-a69e-576a57b87297.png	https://luonvuituoi.co/products/meme-cat-huh-hoodie	2025-11-19
My Birthday Hoodie	Nghỉ Lễ	Hoodie	https://cdn.shopify.com/s/files/1/0918/5597/8816/files/swsaunavy_4d9c07e8-565f-45da-88ad-20ad46fdbe18.png	https://luonvuituoi.co/products/my-birthday-hoodie	2025-11-19
Jingle My Bells Hoodie	Nghỉ Lễ	Hoodie	https://cdn.shopify.com/s/files/1/0918/5597/8816/files/densau_9ccb6033-2e40-4210-9acb-89dcdd35c36b.png	https://luonvuituoi.co/products/jingle-my-bells-hoodie	2025-11-19
Meme Cat Hết Cứu Hoodie	Đũy Mèo	Hoodie	https://cdn.shopify.com/s/files/1/0918/5597/8816/files/dentr_c_965c53a7-f713-43e1-ba33-a94985739809.png	https://luonvuituoi.co/products/meme-cat-hết-cứu-hoodie	2025-11-19
Sorry Girls Hoodie	Nghỉ Lễ	Hoodie	https://cdn.shopify.com/s/files/1/0918/5597/8816/files/swsauh_ng_4ff6cc56-58bd-4468-85a9-cb77b4d78825.png	https://luonvuituoi.co/products/sorry-girls-hoodie	2025-11-19
Xin Lỗi Được Chưa Hoodie	Đũy Mèo	Hoodie	https://cdn.shopify.com/s/files/1/0918/5597/8816/files/densau_d0189da0-85ed-435e-8cc9-2f067c6efc03.png	https://luonvuituoi.co/products/xin-lỗi-dược-chưa-hoodie	2025-11-19
Giao Hưởng Tân Thời Hoodie	Băng Đĩa Hải Ngoại	Hoodie	https://cdn.shopify.com/s/files/1/0918/5597/8816/files/tr_ngsau_a0aa5b90-248d-4a51-bf6c-7135a4903bf0.png	https://luonvuituoi.co/products/giao-hưởng-tan-thời-hoodie	2025-11-19
No Money Hoodie	Lifey Stuff	Hoodie	https://cdn.shopify.com/s/files/1/0918/5597/8816/files/swtr_ch_ng_9e694f50-7375-4a45-825d-b27b43858e35.png	https://luonvuituoi.co/products/no-money-hoodie	2025-11-19
Công Chúa Bong Bóng Hoodie	Trơi Bời	Hoodie	https://cdn.shopify.com/s/files/1/0918/5597/8816/files/dentr_c_ecc896cd-2a17-4fb3-ba31-d8ea1f56578f.png	https://luonvuituoi.co/products/cong-chua-bong-bong-hoodie	2025-11-19
Em Yêu Tất Cả Hoodie	Love Bites	Hoodie	https://cdn.shopify.com/s/files/1/0918/5597/8816/files/tr_ngsau_e21ede7a-dc40-4eb7-b700-a55f1106cbc5.png	https://luonvuituoi.co/products/em-yeu-tất-cả-hoodie	2025-11-19
My Ex Is Still In Love With Me Hoodie	Love Bites	Hoodie	https://cdn.shopify.com/s/files/1/0918/5597/8816/files/swsaunavy_35b872c6-f87a-4e37-8f54-a61ec62003fb.png	https://luonvuituoi.co/products/my-ex-is-still-in-love-with-me-hoodie	2025-11-19
Dáng Xinh Hoodie	Nghỉ Lễ	Hoodie	https://cdn.shopify.com/s/files/1/0918/5597/8816/files/dentr_c_c02d4365-9672-46d0-98d6-55fdab4483be.png	https://luonvuituoi.co/products/dang-xinh-hoodie	2025-11-19
Chó Là Bạn Không Phải Tôi Hoodie	Animal Circus	Hoodie	https://cdn.shopify.com/s/files/1/0918/5597/8816/files/densau_d0ef375a-121f-4c35-875e-f8013bfbb969.png	https://luonvuituoi.co/products/cho-la-bạn-khong-phải-toi-hoodie	2025-11-19
Ủa Anh Hoodie	Job	Hoodie	https://cdn.shopify.com/s/files/1/0918/5597/8816/files/swtr_ch_ng_b765ea0c-67b4-4f31-bfee-1745d5c63c6c.png	https://luonvuituoi.co/products/ủa-anh-hoodie	2025-11-19
Meme Chú Vịt Yes It's Monday Hoodie	Job	Hoodie	https://cdn.shopify.com/s/files/1/0918/5597/8816/files/navytr_c_9c71afec-ec7e-403e-8c16-6f3cb6bb95e3.png	https://luonvuituoi.co/products/meme-chu-vịt-yes-its-monday-hoodie	2025-11-19
Feeling Catful Hoodie	Nghỉ Lễ	Hoodie	https://cdn.shopify.com/s/files/1/0918/5597/8816/files/swsaunavy_4f8b6899-c8b6-4e32-b151-584f69a8e2c6.png	https://luonvuituoi.co/products/feeling-catful-hoodie	2025-11-19
CLB Tẩm Quất Hoodie	Tuyệt Đối Điện Ảnh	Hoodie	https://cdn.shopify.com/s/files/1/0918/5597/8816/files/tr_ngsau_8968cdba-69fd-4e5c-bfb6-3caae1d19800.png	https://luonvuituoi.co/products/clb-tẩm-quất-hoodie	2025-11-19
Meme Chú Vịt Xin Đừng Làm Phiền Hoodie	Job	Hoodie	https://cdn.shopify.com/s/files/1/0918/5597/8816/files/dentr_c_d99be464-d9e5-4426-bf7e-273d7628bdfc.png	https://luonvuituoi.co/products/meme-chu-vịt-xin-dừng-lam-phiền-hoodie	2025-11-19
Chú Bé Tê Liệt Hoodie	Đời Game Thủ	Hoodie	https://cdn.shopify.com/s/files/1/0918/5597/8816/files/tr_ngsau_ea28bfc0-656a-45c9-8a59-8d32d9ee5d27.png	https://luonvuituoi.co/products/chu-be-te-liệt-hoodie	2025-11-19
Merry Christmas And Shit Hoodie	Nghỉ Lễ	Hoodie	https://cdn.shopify.com/s/files/1/0918/5597/8816/files/swsaunavy_20709a31-040c-4f5c-9ccc-05e0740524aa.png	https://luonvuituoi.co/products/merry-christmas-and-shit-hoodie	2025-11-19
Meme Chú Vịt Muốn Nghỉ Làm Hoodie	Job	Hoodie	https://cdn.shopify.com/s/files/1/0918/5597/8816/files/dentr_c_ce9852ce-7ab1-4998-9db5-d9aeabdc5f3d.png	https://luonvuituoi.co/products/meme-chu-vịt-muốn-nghỉ-lam-hoodie	2025-11-19
Christmas Spirit Hoodie	Nghỉ Lễ	Hoodie	https://cdn.shopify.com/s/files/1/0918/5597/8816/files/h_ngsau_9e06c7a8-03ac-4fbe-8d7a-e6328f73bbd4.png	https://luonvuituoi.co/products/christmas-spirit-hoodie	2025-11-19
What Christmas Hoodie	Nghỉ Lễ	Hoodie	https://cdn.shopify.com/s/files/1/0918/5597/8816/files/swtr_ckem_2c627c75-a32d-4b4c-ab8f-d37c9820248e.png	https://luonvuituoi.co/products/what-christmas-hoodie	2025-11-19
Check Out My Balls Hoodie	Nghỉ Lễ	Hoodie	https://cdn.shopify.com/s/files/1/0918/5597/8816/files/tr_ngsau_ea0864b4-3b2e-4f6a-9158-28efbc30158c.png	https://luonvuituoi.co/products/check-out-my-balls-hoodie	2025-11-19
Meme Chú Vịt Ham Sống Sợ Stress Hoodie	Job	Hoodie	https://cdn.shopify.com/s/files/1/0918/5597/8816/files/kemtr_c_41ce2f30-ed91-4f05-bd1e-696281a4f9df.png	https://luonvuituoi.co/products/meme-chu-vịt-ham-sống-sợ-stress-hoodie	2025-11-19
Bí Ngoo Hoodie	Nghỉ Lễ	Hoodie	https://cdn.shopify.com/s/files/1/0918/5597/8816/files/dentr_c_ac47df80-2af1-45bc-a8c1-8ff08838e3e9.png	https://luonvuituoi.co/products/bi-ngoo-hoodie	2025-11-19
Meme Chú Vịt Cuộc Sống Hối Hả Hoodie	Job	Hoodie	https://cdn.shopify.com/s/files/1/0918/5597/8816/files/dentr_c_bcb7d8da-90c5-4584-9523-a17fc079b983.png	https://luonvuituoi.co/products/meme-chu-vịt-cuộc-sống-hối-hả-hoodie	2025-11-19
Anh Yêu Tất Cả Hoodie	Love Bites	Hoodie	https://cdn.shopify.com/s/files/1/0918/5597/8816/files/tr_ngsau_1ae387c9-0c10-46e9-8077-8d333233efe1.png	https://luonvuituoi.co/products/anh-yeu-tất-cả-hoodie	2025-11-19
Meme Chú Vịt Cột Sống Bất Ổn Hoodie	Job	Hoodie	https://cdn.shopify.com/s/files/1/0918/5597/8816/files/dentr_c_cee4fe3a-5405-4594-8d97-867495582f68.png	https://luonvuituoi.co/products/meme-chu-vịt-cột-sống-bất-ổn-hoodie	2025-11-19
Anh Long Hoodie	Băng Đĩa Hải Ngoại	Hoodie	https://cdn.shopify.com/s/files/1/0918/5597/8816/files/tr_ngsau_1f64490e-4895-4bdd-b8c0-da2cd73ecea4.png	https://luonvuituoi.co/products/anh-long-hoodie	2025-11-19
Hoàn Hảo Hoodie	Lifey Stuff	Hoodie	https://cdn.shopify.com/s/files/1/0918/5597/8816/files/dentr_c_df99da1f-225c-4aae-b063-961072a310a3.png	https://luonvuituoi.co/products/hoan-hảo-hoodie	2025-11-19
Ân Oán Giang Hồ Hoodie	Đũy Mèo	Hoodie	https://cdn.shopify.com/s/files/1/0918/5597/8816/files/tr_ngsau_78010ef4-2b65-461b-87c5-5c1e43e3e299.png	https://luonvuituoi.co/products/an-oan-giang-hồ-hoodie	2025-11-19
Tuổi Trẻ Xài Hao Hoodie	Đũy Mèo	Hoodie	https://cdn.shopify.com/s/files/1/0918/5597/8816/files/densau_a691b1cd-5cbd-47a0-95a1-45c000071b1c.png	https://luonvuituoi.co/products/tuổi-trẻ-xai-hao-hoodie	2025-11-19
Alway Right Hoodie	Lifey Stuff	Hoodie	https://cdn.shopify.com/s/files/1/0918/5597/8816/files/h_ngtr_c_f31bc596-10fc-4fea-bf2a-df33c3a065ed.png	https://luonvuituoi.co/products/alway-right-hoodie	2025-11-19
Nicegirl Hoodie	Lifey Stuff	Hoodie	https://cdn.shopify.com/s/files/1/0918/5597/8816/files/swtr_ckem_970c1d76-9984-4819-a1a0-028d7257365c.png	https://luonvuituoi.co/products/nicegirl-hoodie	2025-11-19
Chị Ngã Em Nâng Hoodie	Đũy Mèo	Hoodie	https://cdn.shopify.com/s/files/1/0918/5597/8816/files/densau_9c2381bd-0f26-47f4-a2c6-999dbec76f02.png	https://luonvuituoi.co/products/chị-nga-em-nang-hoodie	2025-11-19
I Dunno, Man Hoodie	Đũy Mèo	Hoodie	https://cdn.shopify.com/s/files/1/0918/5597/8816/files/swtr_cxam_2f4fe67f-7d47-4230-a79d-c05453862446.png	https://luonvuituoi.co/products/i-dunno-man-hoodie	2025-11-19
Không Sợ Kẻ Địch Mạnh Hoodie	Trơi Bời	Hoodie	https://cdn.shopify.com/s/files/1/0918/5597/8816/files/densau_654548b0-38b8-48c1-8ab7-fea64c7e41b2.png	https://luonvuituoi.co/products/khong-sợ-kẻ-dịch-mạnh-hoodie	2025-11-19
Đẹp Gái Làm Ơn Đừng Có Buồn Hoodie	Lifey Stuff	Hoodie	https://cdn.shopify.com/s/files/1/0918/5597/8816/files/swsaunavy_88ba26b8-88f1-4b7b-acb4-ba05bf961976.png	https://luonvuituoi.co/products/dẹp-gai-lam-ơn-dừng-co-buồn-hoodie	2025-11-19
My Mood Today Hoodie	Đũy Mèo	Hoodie	https://cdn.shopify.com/s/files/1/0918/5597/8816/files/xamtieunh_tsau_ba2911b2-0651-4a17-b7cc-af80650f337d.png	https://luonvuituoi.co/products/my-mood-today-hoodie	2025-11-19
Ủa em Hoodie	Job	Hoodie	https://cdn.shopify.com/s/files/1/0918/5597/8816/files/swtr_ch_ng_a4f583d9-d660-4f93-ae60-04724f09e3f9.png	https://luonvuituoi.co/products/ủa-em-hoodie	2025-11-19
Luonvuituoi cafe Hoodie	Vietnamese Culture	Hoodie	https://cdn.shopify.com/s/files/1/0918/5597/8816/files/densau_f4266908-0127-4353-b7cf-7d10981b8e2b.png	https://luonvuituoi.co/products/luonvuituoi-cafe-hoodie	2025-11-19
Lót Dép Hóng Hoodie	Vietnamese Culture	Hoodie	https://cdn.shopify.com/s/files/1/0918/5597/8816/files/densau_3a0500a3-6107-4d6a-9258-93a57dfabca7.png	https://luonvuituoi.co/products/lot-dep-hong-hoodie	2025-11-19
Free & Available Hoodie	Lifey Stuff	Hoodie	https://cdn.shopify.com/s/files/1/0918/5597/8816/files/swtr_ch_ng_17b5d640-073a-43de-9834-f2883e6e5bae.png	https://luonvuituoi.co/products/free-available-hoodie	2025-11-19
Người Vô Dụng Hoodie	Lifey Stuff	Hoodie	https://cdn.shopify.com/s/files/1/0918/5597/8816/files/swtr_ch_ng_2e4edd83-e860-4a84-962b-80246c13cc8c.png	https://luonvuituoi.co/products/người-vo-dụng-hoodie	2025-11-19
Không NYC Hoodie	Love Bites	Hoodie	https://cdn.shopify.com/s/files/1/0918/5597/8816/files/densau_b017dbbf-81aa-4be3-9a73-c2cc5d830e9c.png	https://luonvuituoi.co/products/khong-nyc-hoodie	2025-11-19
Trời Đánh Tránh Người Xink Hoodie	Lifey Stuff	Hoodie	https://cdn.shopify.com/s/files/1/0918/5597/8816/files/swtr_ch_ng_6d3ec555-bc68-415f-a90e-184183fe1907.png	https://luonvuituoi.co/products/trời-danh-tranh-người-xink-hoodie	2025-11-19
I'm Over Thinking Hoodie	Job	Hoodie	https://cdn.shopify.com/s/files/1/0918/5597/8816/files/densau_0be42cfd-e5a0-4e56-9645-1f4d2595bdfa.png	https://luonvuituoi.co/products/im-over-thinking-hoodie	2025-11-19
Đẹp Gái Làm Ơn Đừng Có Khùng Hoodie	Lifey Stuff	Hoodie	https://cdn.shopify.com/s/files/1/0918/5597/8816/files/swsauh_ng_0aaad59b-9c39-4f2c-be9d-282b72b2d168.png	https://luonvuituoi.co/products/dẹp-gai-lam-ơn-dừng-co-khung-hoodie	2025-11-19
Hate First Love Later Hoodie	Love Bites	Hoodie	https://cdn.shopify.com/s/files/1/0918/5597/8816/files/densau_394f9c50-5bd6-4e97-98cf-09a21f79913b.png	https://luonvuituoi.co/products/hate-first-love-later-hoodie	2025-11-19
Cat With Flower Hoodie	Đũy Mèo	Hoodie	https://cdn.shopify.com/s/files/1/0918/5597/8816/files/densau_b1d83893-2029-40a0-9f0b-959b49b262b4.png	https://luonvuituoi.co/products/cat-with-flower-hoodie	2025-11-19
Meosw Gì Cũng Tao Hoodie	Đũy Mèo	Hoodie	https://cdn.shopify.com/s/files/1/0918/5597/8816/files/densau_e169a3ea-642c-46cc-aef8-bae5e1724ca1.png	https://luonvuituoi.co/products/meosw-gi-cung-tao-hoodie	2025-11-19
Người Vui Vẻ - Tim Sứt Mẻ Hoodie	Love Bites	Hoodie	https://cdn.shopify.com/s/files/1/0918/5597/8816/files/swtr_ctr_ng_59f5bcab-aaee-46bd-b383-544b6a24f4f7.png	https://luonvuituoi.co/products/người-vui-vẻ-tim-sứt-mẻ-hoodie	2025-11-19
Meme Cat Cái Gì Hoodie	Đũy Mèo	Hoodie	https://cdn.shopify.com/s/files/1/0918/5597/8816/files/dentr_c_6d5249e1-879c-47e2-85d0-3136f5d27556.png	https://luonvuituoi.co/products/meme-cat-cai-gi-hoodie	2025-11-19
Hãy Để Củ Tỏi Yên Hoodie	Fruitland	Hoodie	https://cdn.shopify.com/s/files/1/0918/5597/8816/files/dentr_c_9bf2b3da-5108-4af6-8b25-04deb204dcb1.png	https://luonvuituoi.co/products/hay-dể-củ-tỏi-yen-hoodie	2025-11-19
Cocai Concec Hoodie	Lifey Stuff	Hoodie	https://cdn.shopify.com/s/files/1/0918/5597/8816/files/dentr_c_bafabb1b-63bc-4f8f-b71a-13fff2e5ab5d.png	https://luonvuituoi.co/products/cocai-concec-hoodie	2025-11-19
Cat Company Hoodie	Đũy Mèo	Hoodie	https://cdn.shopify.com/s/files/1/0918/5597/8816/files/swsaukem_b2b27194-84bb-49bb-9903-432fb0f342c9.png	https://luonvuituoi.co/products/cat-company-hoodie	2025-11-19
Cat Will Save The World Hoodie	Đũy Mèo	Hoodie	https://cdn.shopify.com/s/files/1/0918/5597/8816/files/swsaukem_21a95d80-0010-4f36-8cd0-ee97c38fad1f.png	https://luonvuituoi.co/products/cat-will-save-the-world-hoodie	2025-11-19
Bạn Bảnh Trai Hoodie	Trơi Bời	Hoodie	https://cdn.shopify.com/s/files/1/0918/5597/8816/files/densau_1ea9d7e8-4018-4693-98a7-7f872b186f0f.png	https://luonvuituoi.co/products/bạn-bảnh-trai-hoodie	2025-11-19
In My Mind Hoodie	Đũy Mèo	Hoodie	https://cdn.shopify.com/s/files/1/0918/5597/8816/files/swsaukem_3d8f88a5-6ecd-48f7-b0f9-554d7a85ac12.png	https://luonvuituoi.co/products/in-my-mind-hoodie	2025-11-19
Mỹ Nữ Bầy Hầy Hoodie	Đũy Mèo	Hoodie	https://cdn.shopify.com/s/files/1/0918/5597/8816/files/densau_aa0bd92e-aaf4-4318-826f-d5e30ec24de6.png	https://luonvuituoi.co/products/mỹ-nữ-bầy-hầy-hoodie	2025-11-19
All I Need to Know about Life Hoodie	Đũy Mèo	Hoodie	https://cdn.shopify.com/s/files/1/0918/5597/8816/files/swsaukem_8ce19338-e833-4d04-bc7d-0409b5048a56.png	https://luonvuituoi.co/products/all-i-need-to-know-about-life-hoodie	2025-11-19
Meme Tổng Tài Hoodie	Animal Circus	Hoodie	https://cdn.shopify.com/s/files/1/0918/5597/8816/files/densau_dbdeb47b-5550-4c6b-9396-219d8faab16c.png	https://luonvuituoi.co/products/meme-tổng-tai-hoodie	2025-11-19
What A Beautiful Day! Hoodie	Đũy Mèo	Hoodie	https://cdn.shopify.com/s/files/1/0918/5597/8816/files/swsaukem_903482f4-c9b2-43fb-9ff4-1df162f2ae3c.png	https://luonvuituoi.co/products/what-a-beautiful-day-hoodie	2025-11-19
Mập Rõ Chứ Không Mập Mờ Hoodie	Đũy Mèo	Hoodie	https://cdn.shopify.com/s/files/1/0918/5597/8816/files/dentr_c_21f4f9ec-4d67-4860-9d1e-c541909207c6.png	https://luonvuituoi.co/products/mập-ro-chứ-khong-mập-mờ-hoodie	2025-11-19
The Screamh Hoodie	Animal Circus	Hoodie	https://cdn.shopify.com/s/files/1/0918/5597/8816/files/swsaukem_c1c479f7-91d7-499a-86a3-bd708b26bada.png	https://luonvuituoi.co/products/the-screamh-hoodie	2025-11-19
Ew, Hoomans Hoodie	Đũy Mèo	Hoodie	https://cdn.shopify.com/s/files/1/0918/5597/8816/files/swtr_ctr_ng_a17862bc-7f81-473a-aa41-0a60bff334b7.png	https://luonvuituoi.co/products/ew-hoomans-hoodie	2025-11-19
Meo Meo Map To Touch Hoodie	Animal Circus	Hoodie	https://cdn.shopify.com/s/files/1/0918/5597/8816/files/swsaukem_947e972a-febe-4d45-83f3-bca8af5119c3.png	https://luonvuituoi.co/products/meo-meo-map-to-touch-hoodie	2025-11-19
Hướng Ngoại Partime Hoodie	Lifey Stuff	Hoodie	https://cdn.shopify.com/s/files/1/0918/5597/8816/files/swtr_ch_ng_83ebbb53-533f-4902-960d-64baf23ab1c8.png	https://luonvuituoi.co/products/hướng-ngoại-partime-hoodie	2025-11-19
Trust Me I'm A Dogtor Hoodie	Trơi Bời	Hoodie	https://cdn.shopify.com/s/files/1/0918/5597/8816/files/tr_ngsau_a653c032-9ce7-4fef-9d6f-62e4227a1232.png	https://luonvuituoi.co/products/trust-me-im-a-dogtor-hoodie	2025-11-19
Hướng Nội Partime Hoodie	Lifey Stuff	Hoodie	https://cdn.shopify.com/s/files/1/0918/5597/8816/files/swtr_ch_ng_b7460bb1-a5f8-41d7-ab3a-93b71744dd99.png	https://luonvuituoi.co/products/hướng-nội-partime-hoodie	2025-11-19
Duma Hoodie	Đũy Mèo	Hoodie	https://cdn.shopify.com/s/files/1/0918/5597/8816/files/dentr_c_a4f045e4-4690-4217-a118-443984fc3e4c.png	https://luonvuituoi.co/products/duma-hoodie	2025-11-19
Don't Bother Me Hoodie	Animal Circus	Hoodie	https://cdn.shopify.com/s/files/1/0918/5597/8816/files/swsaunavy_9f9c1880-6a8a-4ef6-adf0-0f3e052ad847.png	https://luonvuituoi.co/products/dont-bother-me-hoodie	2025-11-19
DUCK TRÍ Hoodie	Animal Circus	Hoodie	https://cdn.shopify.com/s/files/1/0918/5597/8816/files/tr_ngtr_c_82855c2c-8d17-486f-9438-ebdee38066ce.png	https://luonvuituoi.co/products/duck-tri-hoodie	2025-11-19
I Look So Cute Hoodie	Animal Circus	Hoodie	https://cdn.shopify.com/s/files/1/0918/5597/8816/files/swsauh_ng_0765ceaa-025e-4961-997d-7735ad784b5b.png	https://luonvuituoi.co/products/i-look-so-cute-hoodie	2025-11-19
Sói Cô Độc Hoodie	Love Bites	Hoodie	https://cdn.shopify.com/s/files/1/0918/5597/8816/files/densau_ba89e87b-fb56-4bef-97cf-78e7d69ef660.png	https://luonvuituoi.co/products/soi-co-dộc-hoodie-1	2025-11-19
Don't Duck With Me Hoodie	Animal Circus	Hoodie	https://cdn.shopify.com/s/files/1/0918/5597/8816/files/densau_118b643e-46d3-4663-8e86-d60019ad254a.png	https://luonvuituoi.co/products/dont-duck-with-me-hoodie	2025-11-19
Bật Sếp Tanh Tách Hoodie	Job	Hoodie	https://cdn.shopify.com/s/files/1/0918/5597/8816/files/densau_3e799c09-33f2-4f30-bf04-903e2dd00be9.png	https://luonvuituoi.co/products/bật-sếp-tanh-tach-hoodie	2025-11-19
Bored Cat Club Hoodie	Animal Circus	Hoodie	https://cdn.shopify.com/s/files/1/0918/5597/8816/files/swsaunavy_c80a9fd7-f92a-4e95-af1e-2eebc3e610d1.png	https://luonvuituoi.co/products/bored-cat-club-hoodie	2025-11-19
Nope Not Today Hoodie	Animal Circus	Hoodie	https://cdn.shopify.com/s/files/1/0918/5597/8816/files/swtr_ch_ng_233b5082-6f75-4cfc-adf9-5fc763ec906d.png	https://luonvuituoi.co/products/nope-not-today-hoodie	2025-11-19
Certified Lover Boy Hoodie	Love Bites	Hoodie	https://cdn.shopify.com/s/files/1/0918/5597/8816/files/densau_6f597840-a8f0-47b2-a310-c566248bed1a.png	https://luonvuituoi.co/products/certified-lover-boy-hoodie	2025-11-19
Morning Sleeping Club Hoodie	Animal Circus	Hoodie	https://cdn.shopify.com/s/files/1/0918/5597/8816/files/swtr_ch_ng_7b90e834-7adb-4e37-9022-6862c67789bd.png	https://luonvuituoi.co/products/morning-sleeping-club-hoodie	2025-11-19
Singer Hoodie	Job	Hoodie	https://cdn.shopify.com/s/files/1/0918/5597/8816/files/tr_ngtr_c_e95a55cd-9884-4387-b323-69b1255ca0d1.png	https://luonvuituoi.co/products/singer-hoodie	2025-11-19
I'm Just A Babygirl Trying Her Best Hoodie	Animal Circus	Hoodie	https://cdn.shopify.com/s/files/1/0918/5597/8816/files/swsaunavy_a0cf904d-eb5e-4581-9e2e-202c57bc6da1.png	https://luonvuituoi.co/products/im-just-a-babygirl-trying-her-best-hoodie	2025-11-19
Stylist Hoodie	Job	Hoodie	https://cdn.shopify.com/s/files/1/0918/5597/8816/files/xamtieunh_ttr_c_dc3544af-ec42-4ce3-93e7-94d4adcb4e8f.png	https://luonvuituoi.co/products/stylist-hoodie-1	2025-11-19
Sunday Vibes Hoodie	Animal Circus	Hoodie	https://cdn.shopify.com/s/files/1/0918/5597/8816/files/swsauh_ng_418bbdc4-7119-4590-bede-6280e8d670cd.png	https://luonvuituoi.co/products/sunday-vibes-hoodie	2025-11-19
Don't Think About Tomorrow Hoodie	Animal Circus	Hoodie	https://cdn.shopify.com/s/files/1/0918/5597/8816/files/swsaunavy_61f8d473-18f7-4d23-87db-0a6cb739aaa5.png	https://luonvuituoi.co/products/dont-think-about-tomorrow-hoodie	2025-11-19
I'm Busy Hoodie	Animal Circus	Hoodie	https://cdn.shopify.com/s/files/1/0918/5597/8816/files/swtr_ch_ng_e210cf0c-b7f3-4dbe-b089-de94fadf2647.png	https://luonvuituoi.co/products/im-busy-hoodie	2025-11-19
Lawyer Hoodie	Job	Hoodie	https://cdn.shopify.com/s/files/1/0918/5597/8816/files/xamtieunh_ttr_c_3dc9cca9-dcfa-46e7-9fa1-728878b6b4b8.png	https://luonvuituoi.co/products/lawyer-hoodie	2025-11-19
Tôi Tired Bạn Cũng Thế Hoodie	Animal Circus	Hoodie	https://cdn.shopify.com/s/files/1/0918/5597/8816/files/swsaunavy_8d61e42b-4a4b-483b-8f66-4e6e051aa6f4.png	https://luonvuituoi.co/products/toi-tired-bạn-cung-thế-hoodie	2025-11-19
Kiến Trúc Sư Hoodie	Job	Hoodie	https://cdn.shopify.com/s/files/1/0918/5597/8816/files/kemtr_c_1f6aa877-2d0e-44ba-98aa-11ff15e58043.png	https://luonvuituoi.co/products/kiến-truc-sư-hoodie	2025-11-19
Đứa Trẻ Vô Tư Năm Ấy Hoodie	Animal Circus	Hoodie	https://cdn.shopify.com/s/files/1/0918/5597/8816/files/swsaunavy_c829300c-f1c6-4df5-b427-00c6114fd2e7.png	https://luonvuituoi.co/products/dứa-trẻ-vo-tư-nam-ấy-hoodie	2025-11-19
HR Hoodie	Job	Hoodie	https://cdn.shopify.com/s/files/1/0918/5597/8816/files/kemtr_c_e10b0837-7fb8-4404-bf25-301a7ff250b0.png	https://luonvuituoi.co/products/hr-hoodie	2025-11-19
đẹp bền vững Hoodie	Love Bites	Hoodie	https://cdn.shopify.com/s/files/1/0918/5597/8816/files/swtr_ch_ng_1cec0be4-dc2d-4dd1-8660-99e921e84656.png	https://luonvuituoi.co/products/ao-dẹp-bền-vững-hoodie	2025-11-19
Trạng Thái Của Tôi Lúc Này Hoodie	Love Bites	Hoodie	https://cdn.shopify.com/s/files/1/0918/5597/8816/files/swsaukem_85fd9a2e-8ca3-4f71-90b4-ab70436f78ed.png	https://luonvuituoi.co/products/trạng-thai-của-toi-luc-nay-hoodie	2025-11-19
Tôi Tài Giỏi Bạn Cũng Cũng Hoodie	Lifey Stuff	Hoodie	https://cdn.shopify.com/s/files/1/0918/5597/8816/files/swtr_ctr_ng_7af4ba83-1bdb-4bea-bf37-791960b7bf6c.png	https://luonvuituoi.co/products/toi-tai-giỏi-bạn-cung-cung-hoodie	2025-11-19
Florist Hoodie	Job	Hoodie	https://cdn.shopify.com/s/files/1/0918/5597/8816/files/kemtr_c_1ec29d79-9b34-43dd-80f6-831f5c35979e.png	https://luonvuituoi.co/products/florist-hoodie	2025-11-19
Ham Sống Sợ Stress Hoodie	Lifey Stuff	Hoodie	https://cdn.shopify.com/s/files/1/0918/5597/8816/files/swtr_ckem_b24eab53-7929-4831-9e6b-a4fa916995e2.png	https://luonvuituoi.co/products/ham-sống-sợ-stress-hoodie	2025-11-19
EM SI Hoodie	Job	Hoodie	https://cdn.shopify.com/s/files/1/0918/5597/8816/files/h_ngtr_c_d6d0b42d-2864-49d7-a5d5-d8e528dcea94.png	https://luonvuituoi.co/products/em-si-hoodie	2025-11-19
CSKH Hoodie	Job	Hoodie	https://cdn.shopify.com/s/files/1/0918/5597/8816/files/h_ngtr_c_da4e19ff-d85c-4419-88ba-4171e4699eb4.png	https://luonvuituoi.co/products/cskh-hoodie	2025-11-19
Sống Nice Stress Mind Hoodie	Lifey Stuff	Hoodie	https://cdn.shopify.com/s/files/1/0918/5597/8816/files/swtr_ch_ng_e7662bf5-6d49-4c77-a19d-e92f6e66f7aa.png	https://luonvuituoi.co/products/sống-nice-stress-mind-hoodie	2025-11-19
Makeup Artist Hoodie	Job	Hoodie	https://cdn.shopify.com/s/files/1/0918/5597/8816/files/kemtr_c_686d82e0-b549-410e-af06-8aeefba8f718.png	https://luonvuituoi.co/products/makeup-artist-hoodie	2025-11-19
Khóa Cửa Trái Tym Hoodie	Love Bites	Hoodie	https://cdn.shopify.com/s/files/1/0918/5597/8816/files/swtr_ch_ng_a2bf1456-9505-4a9c-b9b6-de65f3421fdf.png	https://luonvuituoi.co/products/khoa-cửa-trai-tym-hoodie-1	2025-11-18
Hair Stylist Hoodie	Job	Hoodie	https://cdn.shopify.com/s/files/1/0918/5597/8816/files/kemtr_c_e0d5972f-2f6c-42c6-8b5c-59806fe83db7.png	https://luonvuituoi.co/products/hair-stylist-hoodie	2025-11-19
Freelancer Hoodie	Job	Hoodie	https://cdn.shopify.com/s/files/1/0918/5597/8816/files/tr_ngtr_c_6f9534ea-06a7-494d-848a-94cad73a6b7c.png	https://luonvuituoi.co/products/freelancer-hoodie	2025-11-19
I'm not antisocial Hoodie	Animal Circus	Hoodie	https://cdn.shopify.com/s/files/1/0918/5597/8816/files/swsauxam_f707d6f0-f5e7-40a4-83db-c29b447df486.png	https://luonvuituoi.co/products/im-not-antisocial-hoodie	2025-11-19
Dentist Hoodie	Job	Hoodie	https://cdn.shopify.com/s/files/1/0918/5597/8816/files/dentr_c_7a323799-68b5-4a00-bb9f-32dc32073fd0.png	https://luonvuituoi.co/products/dentist-hoodie	2025-11-19
Tâm Con Không Ác Hoodie	Trơi Bời	Hoodie	https://cdn.shopify.com/s/files/1/0918/5597/8816/files/densau_a5aaf7f9-8a81-4aa2-89f2-6f2127db8b88.png	https://luonvuituoi.co/products/tam-con-khong-ac-hoodie	2025-11-19
Mở Cửa Trái Tym Hoodie	Love Bites	Hoodie	https://cdn.shopify.com/s/files/1/0918/5597/8816/files/swtr_ctr_ng_1aa819bd-75f9-4b08-8f3d-7e426d5453d2.png	https://luonvuituoi.co/products/mở-cửa-trai-tym-hoodie	2025-11-19
Xấu Người Xấu Nết Hoodie	Lifey Stuff	Hoodie	https://cdn.shopify.com/s/files/1/0918/5597/8816/files/swtr_cnavy_57474a31-e66e-4218-9d3c-c025b85cb98b.png	https://luonvuituoi.co/products/xấu-người-xấu-nết-hoodie	2025-11-19
Xấu Người Đẹp Nết Hoodie	Lifey Stuff	Hoodie	https://cdn.shopify.com/s/files/1/0918/5597/8816/files/swtr_ctr_ng_785f66cd-8bbf-4e6b-a673-3ecaaa7d3c85.png	https://luonvuituoi.co/products/xấu-người-dẹp-nết-hoodie	2025-11-19
No Mood For Love Hoodie	Love Bites	Hoodie	https://cdn.shopify.com/s/files/1/0918/5597/8816/files/swsauxam_4502011f-bc14-4364-9931-480b1500b13c.png	https://luonvuituoi.co/products/no-mood-for-love-hoodie	2025-11-19
Con Mèo Điên Đầu Hoodie	Đũy Mèo	Hoodie	https://cdn.shopify.com/s/files/1/0918/5597/8816/files/dentr_c_7d656b95-77fe-4abf-a338-9587908a5d02.png	https://luonvuituoi.co/products/con-meo-dien-dầu-hoodie	2025-11-19
Broken Hearts Club Hoodie	Love Bites	Hoodie	https://cdn.shopify.com/s/files/1/0918/5597/8816/files/swtr_ckem_fd8061f3-9987-4115-81be-5d5eae7a32e4.png	https://luonvuituoi.co/products/broken-hearts-club-hoodie	2025-11-19
Xíu Mạ Hoodie	Vietnamese Culture	Hoodie	https://cdn.shopify.com/s/files/1/0918/5597/8816/files/kemsau_fa1850fd-5fbf-4c39-bac5-b207ce7ae7c3.png	https://luonvuituoi.co/products/xiu-mạ-hoodie	2025-11-19
Vải Lon Hoodie	Fruitland	Hoodie	https://cdn.shopify.com/s/files/1/0918/5597/8816/files/densau_136ef88a-b91b-4390-b459-f2388863c0ad.png	https://luonvuituoi.co/products/vải-lon-hoodie	2025-11-19
Quả Báo Hoodie	Vietnamese Culture	Hoodie	https://cdn.shopify.com/s/files/1/0918/5597/8816/files/densau_568fae84-48bd-4cd8-8328-439ea1b5e66e.png	https://luonvuituoi.co/products/quả-bao-hoodie	2025-11-19
Hảo Hán Hoodie	Vietnamese Culture	Hoodie	https://cdn.shopify.com/s/files/1/0918/5597/8816/files/kemsau_04dac7b7-81a4-4c8b-8a0c-9e892fa280dd.png	https://luonvuituoi.co/products/hảo-han-hoodie	2025-11-19
Cơm Vợ Nấu Hoodie	Vietnamese Culture	Hoodie	https://cdn.shopify.com/s/files/1/0918/5597/8816/files/tr_ngtr_c_9ded558e-b4cd-4525-a288-6f280a30b6c7.png	https://luonvuituoi.co/products/cơm-vợ-nấu-hoodie	2025-11-19
Cơm Nhà Hoodie	Vietnamese Culture	Hoodie	https://cdn.shopify.com/s/files/1/0918/5597/8816/files/tr_ngtr_c_e5512fbc-4cf5-4f3e-8780-912bcf1b8fe6.png	https://luonvuituoi.co/products/cơm-nha-hoodie	2025-11-19
Cơm Mẹ Nấu Hoodie	Vietnamese Culture	Hoodie	https://cdn.shopify.com/s/files/1/0918/5597/8816/files/dentr_c_320fb332-65f3-47c5-9e88-40ff70636bab.png	https://luonvuituoi.co/products/cơm-mẹ-nấu-hoodie	2025-11-19
Bánh Mỳ Cay Hoodie	Vietnamese Culture	Hoodie	https://cdn.shopify.com/s/files/1/0918/5597/8816/files/kemsau_9fdadaff-8f43-407d-93ca-e505c2d0e0e8.png	https://luonvuituoi.co/products/banh-mỳ-cay-hoodie	2025-11-19
Bắn Lỗ Nào Cũng Trúng Hoodie	Trơi Bời	Hoodie	https://cdn.shopify.com/s/files/1/0918/5597/8816/files/densau_5df1097f-4d26-425c-b487-79b00f60340b.png	https://luonvuituoi.co/products/bắn-lỗ-nao-cung-trung-hoodie	2025-11-19
Đẹp Điên Hoodie	Lifey Stuff	Hoodie	https://cdn.shopify.com/s/files/1/0918/5597/8816/files/dentr_c_a0c9c81d-b2af-443c-bdba-0688180c8acb.png	https://luonvuituoi.co/products/dẹp-dien-hoodie	2025-11-19
Thích sờ Mèo Hoodie	Đũy Mèo	Hoodie	https://cdn.shopify.com/s/files/1/0918/5597/8816/files/kemsau_ec75ca2b-e861-479e-932b-612638f22e35.png	https://luonvuituoi.co/products/thich-sờ-meo-hoodie	2025-11-19
UFO Cat ZEP ZEP ZEP Hoodie	Đũy Mèo	Hoodie	https://cdn.shopify.com/s/files/1/0918/5597/8816/files/densau_74584713-83e7-4e4f-a6c5-2b67d2b09c3b.png	https://luonvuituoi.co/products/ufo-cat-zep-zep-zep-hoodie	2025-11-19
UFO Singer Cat Hoodie	Đũy Mèo	Hoodie	https://cdn.shopify.com/s/files/1/0918/5597/8816/files/densau_51ce90bb-d742-4f1b-9cc9-9d770f53dda4.png	https://luonvuituoi.co/products/ufo-singer-cat-hoodie	2025-11-19
UFO SOS Meow Hoodie	Đũy Mèo	Hoodie	https://cdn.shopify.com/s/files/1/0918/5597/8816/files/dentr_c_f67f5e1c-8fa5-4cbc-ab4c-e1f33f02b6d5.png	https://luonvuituoi.co/products/ufo-sos-meow-hoodie	2025-11-19
UFO Mèo Hú Hồn Hoodie	Đũy Mèo	Hoodie	https://cdn.shopify.com/s/files/1/0918/5597/8816/files/densau_c7989953-6353-4894-9a9f-040c018e84ab.png	https://luonvuituoi.co/products/ufo-meo-hu-hồn-hoodie	2025-11-19
UFO Meo Meo Hoodie	Đũy Mèo	Hoodie	https://cdn.shopify.com/s/files/1/0918/5597/8816/files/densau_fa1b3e29-f04d-47af-a28a-3d42c981d2ab.png	https://luonvuituoi.co/products/ufo-meo-meo-hoodie	2025-11-19
Người Hài Hước Hoodie	Job	Hoodie	https://cdn.shopify.com/s/files/1/0918/5597/8816/files/kemtr_c_7381e0ea-792f-4bf3-b9d5-8ee30cf1cd9c.png	https://luonvuituoi.co/products/người-hai-hước-hoodie	2025-11-19
Người Chơi Đá Hoodie	Trơi Bời	Hoodie	https://cdn.shopify.com/s/files/1/0918/5597/8816/files/kemsau_4a29d40f-53ff-4ffb-bdc4-ad2685104e03.png	https://luonvuituoi.co/products/người-chơi-da-hoodie	2025-11-19
Nghề Chọn Người Hoodie	Job	Hoodie	https://cdn.shopify.com/s/files/1/0918/5597/8816/files/kemtr_c_dad37fec-6c7d-46fe-a161-09e2bdb34730.png	https://luonvuituoi.co/products/nghề-chọn-người-hoodie	2025-11-19
Nasa Nerd Hoodie	Job	Hoodie	https://cdn.shopify.com/s/files/1/0918/5597/8816/files/kemtr_c_ba553d24-28d7-4964-a983-2ea9cea4e271.png	https://luonvuituoi.co/products/nasa-nerd-hoodie	2025-11-19
Não Lon Hoodie	Fruitland	Hoodie	https://cdn.shopify.com/s/files/1/0918/5597/8816/files/dentr_c_2710b48a-d33e-4a3e-864a-05a1c450773f.png	https://luonvuituoi.co/products/nao-lon-hoodie	2025-11-19
My Mom Say No Hoodie	Trơi Bời	Hoodie	https://cdn.shopify.com/s/files/1/0918/5597/8816/files/dentr_c_bc7870ca-b042-400c-8e0b-47b6a94f4ac1.png	https://luonvuituoi.co/products/my-mom-say-no-hoodie	2025-11-19
Méo Gì Thế Hoodie	Đũy Mèo	Hoodie	https://cdn.shopify.com/s/files/1/0918/5597/8816/files/densau_078145d0-74f8-4b15-95df-ec8ee072fb35.png	https://luonvuituoi.co/products/meo-gi-thế-hoodie	2025-11-19
Make Up Ảtist Hoodie	Job	Hoodie	https://cdn.shopify.com/s/files/1/0918/5597/8816/files/h_ngtr_c_450e7838-1df7-4d39-9046-57e06fa649c3.png	https://luonvuituoi.co/products/make-up-ảtist-hoodie	2025-11-19
Mãi Dell Thành Công Hoodie	Job	Hoodie	https://cdn.shopify.com/s/files/1/0918/5597/8816/files/tr_ngtr_c_462c351e-e47c-4ede-b839-06c6a7333810.png	https://luonvuituoi.co/products/mai-dell-thanh-cong-hoodie	2025-11-19
Mãi Dell Thành Công 2 Hoodie	Job	Hoodie	https://cdn.shopify.com/s/files/1/0918/5597/8816/files/tr_ngtr_c_26bf519b-adba-406e-93b4-be3759456313.png	https://luonvuituoi.co/products/mai-dell-thanh-cong-2-hoodie	2025-11-19
Lương Cao Thế Hoodie	Job	Hoodie	https://cdn.shopify.com/s/files/1/0918/5597/8816/files/dentr_c_31ef2911-04de-47f1-a6a4-cdb6291abfed.png	https://luonvuituoi.co/products/lương-cao-thế-hoodie	2025-11-19
Lửa Thử Vàng Hoodie	Job	Hoodie	https://cdn.shopify.com/s/files/1/0918/5597/8816/files/h_ngtr_c_f605f883-338d-4004-a86e-f0acdb04a4d2.png	https://luonvuituoi.co/products/lửa-thử-vang-hoodie	2025-11-19
Lốp Trưởng Hoodie	Love Bites	Hoodie	https://cdn.shopify.com/s/files/1/0918/5597/8816/files/densau_104a5ac0-51c0-4a2d-8a7d-70acfacd4969.png	https://luonvuituoi.co/products/lốp-trưởng-hoodie	2025-11-19
Lỡ Quẹt Phải Hoodie	Đũy Mèo	Hoodie	https://cdn.shopify.com/s/files/1/0918/5597/8816/files/h_ngsau_89534824-45a9-4e70-bc12-b73598c51861.png	https://luonvuituoi.co/products/lỡ-quẹt-phải-hoodie	2025-11-19
Live Fast Hoodie	Trơi Bời	Hoodie	https://cdn.shopify.com/s/files/1/0918/5597/8816/files/h_ngtr_c_520e10cc-3557-44a9-ab10-1f056ce70d98.png	https://luonvuituoi.co/products/live-fast-hoodie	2025-11-19
Làm Vì Đam Mê Hoodie	Job	Hoodie	https://cdn.shopify.com/s/files/1/0918/5597/8816/files/kemtr_c_a6dc18ea-f16d-4f8d-8475-382b1428df8d.png	https://luonvuituoi.co/products/lam-vi-dam-me-hoodie	2025-11-19
Không Phải Bàn Hoodie	Trơi Bời	Hoodie	https://cdn.shopify.com/s/files/1/0918/5597/8816/files/h_ngtr_c_9f0b5820-cb02-4740-bf7b-f3b8d29dacb6.png	https://luonvuituoi.co/products/khong-phải-ban-hoodie	2025-11-19
Kẻ Nhận Sét Hoodie	Job	Hoodie	https://cdn.shopify.com/s/files/1/0918/5597/8816/files/h_ngtr_c_8c789e39-b0ae-4609-89ee-0061d322bf7a.png	https://luonvuituoi.co/products/kẻ-nhận-set-hoodie	2025-11-19
It's A Burger Hoodie	Lifey Stuff	Hoodie	https://cdn.shopify.com/s/files/1/0918/5597/8816/files/dentr_c_3c75d2bb-c8bd-45b7-aa00-72ad97fd503e.png	https://luonvuituoi.co/products/its-a-burger-hoodie	2025-11-19
If You See Da Police Hoodie	Trơi Bời	Hoodie	https://cdn.shopify.com/s/files/1/0918/5597/8816/files/densau_9afa86dd-4770-45d4-b49a-956f51f7b8f5.png	https://luonvuituoi.co/products/if-you-see-da-police-hoodie	2025-11-19
I Love You Từ Bé Hoodie	Love Bites	Hoodie	https://cdn.shopify.com/s/files/1/0918/5597/8816/files/dentr_c_db608d08-6870-4de6-8f1c-4931e6d10c1d.png	https://luonvuituoi.co/products/i-love-you-từ-be-hoodie	2025-11-19
Hot Dog Hoodie	Animal Circus	Hoodie	https://cdn.shopify.com/s/files/1/0918/5597/8816/files/dentr_c_17089d6f-892a-4144-a554-f21ff01c1dff.png	https://luonvuituoi.co/products/hot-dog-hoodie	2025-11-19
Hong Bé Ơi Hoodie	Tuyệt Đối Điện Ảnh	Hoodie	https://cdn.shopify.com/s/files/1/0918/5597/8816/files/dentr_c_e818ec2e-669e-4a8e-89d4-4be7ba74acff.png	https://luonvuituoi.co/products/hong-be-ơi-hoodie	2025-11-19
Hoa Mắt Hoodie	Lifey Stuff	Hoodie	https://cdn.shopify.com/s/files/1/0918/5597/8816/files/tr_ngsau_150689ce-9d82-4fa3-85fb-ca952e52e732.png	https://luonvuituoi.co/products/hoa-mắt-hoodie	2025-11-19
Hẹ Hẹ Hẹ Hoodie	Trơi Bời	Hoodie	https://cdn.shopify.com/s/files/1/0918/5597/8816/files/kemtr_c_0ea6f493-6169-4b28-9b56-ac3e25f07bd3.png	https://luonvuituoi.co/products/hẹ-hẹ-hẹ-hoodie	2025-11-19
Harry Smoker Hoodie	Tuyệt Đối Điện Ảnh	Hoodie	https://cdn.shopify.com/s/files/1/0918/5597/8816/files/kemsau_53a2f1c1-b311-4cca-be9d-587b2236c747.png	https://luonvuituoi.co/products/harry-smoker-hoodie	2025-11-19
Hàng Dễ Vỡ Hoodie	Love Bites	Hoodie	https://cdn.shopify.com/s/files/1/0918/5597/8816/files/dentr_c_94601a9a-a56d-43c7-822e-0ef129c9761c.png	https://luonvuituoi.co/products/hang-dễ-vỡ-hoodie	2025-11-19
Good In Bed Hoodie	Trơi Bời	Hoodie	https://cdn.shopify.com/s/files/1/0918/5597/8816/files/dentr_c_6f59509e-231e-4ff1-ae35-bd0a4aece70e.png	https://luonvuituoi.co/products/good-in-bed-hoodie	2025-11-19
Gơn Phố Hoodie	Trơi Bời	Hoodie	https://cdn.shopify.com/s/files/1/0918/5597/8816/files/tr_ngtr_c_2688a002-8a24-494e-bcb5-1c1be405d086.png	https://luonvuituoi.co/products/gơn-phố-hoodie	2025-11-19
Gọi Cho Anh Hoodie	Trơi Bời	Hoodie	https://cdn.shopify.com/s/files/1/0918/5597/8816/files/tr_ngsau_6f35a7c7-2ce4-4008-8c46-25ced3e0334a.png	https://luonvuituoi.co/products/gọi-cho-anh-hoodie	2025-11-19
Gét Gô Hoodie	Lifey Stuff	Hoodie	https://cdn.shopify.com/s/files/1/0918/5597/8816/files/tr_ngsau_e4c2bb1b-922d-4187-ab5d-c94f7091a51c.png	https://luonvuituoi.co/products/get-go-hoodie	2025-11-19
Gần Nhạc Thì Dance Hoodie	Trơi Bời	Hoodie	https://cdn.shopify.com/s/files/1/0918/5597/8816/files/tr_ngsau_44e82115-d8c7-41aa-95a2-d3f339588544.png	https://luonvuituoi.co/products/gần-nhạc-thi-dance-hoodie	2025-11-19
Ducking Motherquacker Hoodie	Animal Circus	Hoodie	https://cdn.shopify.com/s/files/1/0918/5597/8816/files/dentr_c_34474dae-0b45-484e-b15d-4521095a2d3c.png	https://luonvuituoi.co/products/ducking-motherquacker-hoodie	2025-11-19
Dríver Hoodie	Job	Hoodie	https://cdn.shopify.com/s/files/1/0918/5597/8816/files/dentr_c_cfb85732-96f3-4e7d-8f38-3f4927a71625.png	https://luonvuituoi.co/products/driver-hoodie	2025-11-19
Don't Tell Mama Hoodie	Trơi Bời	Hoodie	https://cdn.shopify.com/s/files/1/0918/5597/8816/files/h_ngtr_c_cc8c5ab7-543e-47ed-8c96-9d89badf4cb3.png	https://luonvuituoi.co/products/dont-tell-mama-hoodie	2025-11-19
Don't Do Drug Hoodie	Trơi Bời	Hoodie	https://cdn.shopify.com/s/files/1/0918/5597/8816/files/h_ngtr_c_527b6a77-05bc-4f9b-83cd-57dc92758561.png	https://luonvuituoi.co/products/dont-do-drug-hoodie	2025-11-19
Đồng Nghiệp Hoodie	Job	Hoodie	https://cdn.shopify.com/s/files/1/0918/5597/8816/files/dentr_c_bfca8aaa-df94-4125-a8dd-0a1122e7b1a1.png	https://luonvuituoi.co/products/dồng-nghiệp-hoodie	2025-11-19
Đổ Tràn Bình Hoodie	Trơi Bời	Hoodie	https://cdn.shopify.com/s/files/1/0918/5597/8816/files/densau_85d95c23-192a-4ba5-af7c-6ac60a745093.png	https://luonvuituoi.co/products/dổ-tran-binh-hoodie	2025-11-19
Dead Inside Hoodie	Trơi Bời	Hoodie	https://cdn.shopify.com/s/files/1/0918/5597/8816/files/h_ngtr_c_cb284178-79df-4189-b3a4-9fa731134c8f.png	https://luonvuituoi.co/products/dead-inside-hoodie	2025-11-19
Để Cu Toi Yen Hoodie	Fruitland	Hoodie	https://cdn.shopify.com/s/files/1/0918/5597/8816/files/dentr_c_66b0b667-f4c3-4438-827b-38eca321a248.png	https://luonvuituoi.co/products/dể-cu-toi-yen-hoodie	2025-11-19
Đây Là Quả Táo Hoodie	Love Bites	Hoodie	https://cdn.shopify.com/s/files/1/0918/5597/8816/files/h_ngtr_c_c5c3a0d5-476f-4f11-bbc8-942c6374fa73.png	https://luonvuituoi.co/products/day-la-quả-tao-hoodie	2025-11-19
Đàn Ông Thanh Toán Hoodie	Lifey Stuff	Hoodie	https://cdn.shopify.com/s/files/1/0918/5597/8816/files/dentr_c_a6945c3e-46f4-4370-8edf-9ffd28fa0f10.png	https://luonvuituoi.co/products/dan-ong-thanh-toan-hoodie	2025-11-19
Dạ Đéo Hoodie	Lifey Stuff	Hoodie	https://cdn.shopify.com/s/files/1/0918/5597/8816/files/dentr_c_286622ad-51a3-437c-8f4b-05d8fe7b22b8.png	https://luonvuituoi.co/products/dạ-deo-hoodie	2025-11-19
Cuộc Sống Cô Đơn Hoodie	Love Bites	Hoodie	https://cdn.shopify.com/s/files/1/0918/5597/8816/files/densau_e9aaa919-d22b-40ef-85ee-690db825a88e.png	https://luonvuituoi.co/products/cuộc-sống-co-dơn-hoodie	2025-11-19
Crush Hãm Hoodie	Love Bites	Hoodie	https://cdn.shopify.com/s/files/1/0918/5597/8816/files/dentr_c_27cd7fba-1631-4978-afdd-0f538014da8a.png	https://luonvuituoi.co/products/crush-ham-hoodie	2025-11-19
Công Thức Tình Iu Hoodie	Love Bites	Hoodie	https://cdn.shopify.com/s/files/1/0918/5597/8816/files/densau_0fe1dba5-53cd-46be-930d-7a8b549840fb.png	https://luonvuituoi.co/products/cong-thức-tinh-iu-hoodie	2025-11-19
Công Đức Vô Dụng Hoodie	Lifey Stuff	Hoodie	https://cdn.shopify.com/s/files/1/0918/5597/8816/files/dentr_c_778e24a1-23b2-4c49-a639-150416018614.png	https://luonvuituoi.co/products/cong-dức-vo-dụng-hoodie	2025-11-19
Con Bò Tuôi Hoodie	Trơi Bời	Hoodie	https://cdn.shopify.com/s/files/1/0918/5597/8816/files/tr_ngsau_5bedd45d-50c1-4361-96f6-59f35a6c195e.png	https://luonvuituoi.co/products/con-bo-tuoi-hoodie	2025-11-19
Có Không Hoodie	Lifey Stuff	Hoodie	https://cdn.shopify.com/s/files/1/0918/5597/8816/files/dentr_c_2750b15a-cefc-4c3b-9b46-2cef12cf7154.png	https://luonvuituoi.co/products/co-khong-hoodie	2025-11-19
Có Không Giữ Hoodie	Lifey Stuff	Hoodie	https://cdn.shopify.com/s/files/1/0918/5597/8816/files/dentr_c_183ae791-85d9-439b-96d5-315e59fec649.png	https://luonvuituoi.co/products/co-khong-giữ-hoodie	2025-11-19
Chưa Bao Giờ Hoodie	Trơi Bời	Hoodie	https://cdn.shopify.com/s/files/1/0918/5597/8816/files/tr_ngtr_c_5c86aada-9312-4346-aa03-48ccbd645ffe.png	https://luonvuituoi.co/products/chưa-bao-giờ-hoodie	2025-11-19
Chị Em Mình Hẹ Hẹ Hẹ Hoodie	Trơi Bời	Hoodie	https://cdn.shopify.com/s/files/1/0918/5597/8816/files/tr_ngtr_c_709a9bf6-c784-48d8-89c5-635bd2aebaa9.png	https://luonvuituoi.co/products/chị-em-minh-hẹ-hẹ-hẹ-hoodie	2025-11-19
Check Var Hoodie	Trơi Bời	Hoodie	https://cdn.shopify.com/s/files/1/0918/5597/8816/files/dentr_c_4a9bcf4f-4ce0-45c8-98b5-c34552b409db.png	https://luonvuituoi.co/products/check-var-hoodie	2025-11-19
Break Her Bed Hoodie	Trơi Bời	Hoodie	https://cdn.shopify.com/s/files/1/0918/5597/8816/files/dentr_c_962cbcfc-b0d9-4df2-9b3a-48537047a2cf.png	https://luonvuituoi.co/products/break-her-bed-hoodie	2025-11-19
Boi Phố Hoodie	Trơi Bời	Hoodie	https://cdn.shopify.com/s/files/1/0918/5597/8816/files/dentr_c_2e3b4c5b-daf8-4b99-91ed-0f3ea720e6b7.png	https://luonvuituoi.co/products/boi-phố-hoodie	2025-11-19
Big Dick King Hoodie	Lifey Stuff	Hoodie	https://cdn.shopify.com/s/files/1/0918/5597/8816/files/tr_ngtr_c_59f8febd-ea41-4b42-8d9c-2c65bb32fd9d.png	https://luonvuituoi.co/products/big-dick-king-hoodie	2025-11-19
Bạn Đang Ngoại Tuyến Hoodie	Lifey Stuff	Hoodie	https://cdn.shopify.com/s/files/1/0918/5597/8816/files/h_ngtr_c_0cde2d6b-ffca-4116-95fc-d2cfe00bae6f.png	https://luonvuituoi.co/products/bạn-dang-ngoại-tuyến-hoodie	2025-11-19
Back Fap Bách Trúng Hoodie	Trơi Bời	Hoodie	https://cdn.shopify.com/s/files/1/0918/5597/8816/files/h_ngsau_9cf158a5-6e3f-4150-a163-8109d3187ec0.png	https://luonvuituoi.co/products/back-fap-bach-trung-hoodie	2025-11-19
Apple A Day Hoodie	Lifey Stuff	Hoodie	https://cdn.shopify.com/s/files/1/0918/5597/8816/files/dentr_c_78980d99-a351-4eb8-84d4-d90e557b1ec8.png	https://luonvuituoi.co/products/apple-a-day-hoodie	2025-11-19
All You Need Hoodie	Trơi Bời	Hoodie	https://cdn.shopify.com/s/files/1/0918/5597/8816/files/dentr_c_872fcd81-c132-497d-9fe2-3cd1c059bc83.png	https://luonvuituoi.co/products/all-you-need-hoodie	2025-11-19
Ai Hỏi Mà Trả Lời Hoodie	Lifey Stuff	Hoodie	https://cdn.shopify.com/s/files/1/0918/5597/8816/files/dentr_c_b8dbb424-a870-46f8-9c35-6b91a2ef6442.png	https://luonvuituoi.co/products/ai-hỏi-ma-trả-lời-hoodie	2025-11-19
My Birthday Sweater	Nghỉ Lễ	Sweater	https://cdn.shopify.com/s/files/1/0918/5597/8816/files/swtr_ckem_4ba61215-6de8-4500-8ba1-12da8faaa447.png	https://luonvuituoi.co/products/my-birthday-sweater	2025-11-18
Sorry Girls Sweater	Nghỉ Lễ	Sweater	https://cdn.shopify.com/s/files/1/0918/5597/8816/files/swtr_ckem_b13bd9a2-47c0-4ce8-89c5-b1be388dc5c3.png	https://luonvuituoi.co/products/sorry-girls-sweater	2025-11-18
Feeling Catful Sweater	Nghỉ Lễ	Sweater	https://cdn.shopify.com/s/files/1/0918/5597/8816/files/swtr_cnavy_5524e9f2-c39c-45fa-8597-d272f82329b5.png	https://luonvuituoi.co/products/feeling-catful-sweater	2025-11-18
Cu Toi Rat Ngon Hoodie	Fruitland	Hoodie	https://cdn.shopify.com/s/files/1/0918/5597/8816/files/dentr_c_9e961571-feef-4547-be02-a43ff44fad12.png	https://luonvuituoi.co/products/cu-toi-rat-ngon-hoodie	2025-11-18
Lỗ Nào Cũng Bắn Hoodie	Trơi Bời	Hoodie	https://cdn.shopify.com/s/files/1/0918/5597/8816/files/densau_bffea436-36c5-4818-9d9d-e25c0caebef2.png	https://luonvuituoi.co/products/lỗ-nao-cung-bắn-hoodie	2025-11-18
Anh Là Kẻ May Mắn Hoodie	Trơi Bời	Hoodie	https://cdn.shopify.com/s/files/1/0918/5597/8816/files/densau_44a9142e-ca08-478c-92e8-1dfafa4d8dca.png	https://luonvuituoi.co/products/anh-la-kẻ-may-mắn-hoodie	2025-11-18
Liễu Yếu Đào To Hoodie	Fruitland	Hoodie	https://cdn.shopify.com/s/files/1/0918/5597/8816/files/dentr_c_6528f5a1-3d26-4985-96e0-bff8c2a28e6f.png	https://luonvuituoi.co/products/liễu-yếu-dao-to-hoodie	2025-11-18
Bạn Đã Bị Mèo Ám Hoodie	Đũy Mèo	Hoodie	https://cdn.shopify.com/s/files/1/0918/5597/8816/files/densau_2098d9d9-cac9-4aa0-a5de-af3ba111ea84.png	https://luonvuituoi.co/products/bạn-da-bị-meo-am-hoodie	2025-11-18
Dân Tổ Việt - Nơi Tình Yêu Bốc Đầu Hoodie	Trơi Bời	Hoodie	https://cdn.shopify.com/s/files/1/0918/5597/8816/files/navyxau_c86ab765-1361-4ac4-8807-f562333eeaa1.png	https://luonvuituoi.co/products/dan-tổ-việt-nơi-tinh-yeu-bốc-dầu-hoodie	2025-11-18
Thế Cơ À Cat Hoodie	Đũy Mèo	Hoodie	https://cdn.shopify.com/s/files/1/0918/5597/8816/files/kemsau_67efab79-4733-43d8-b6be-53e7bdcb75ba.png	https://luonvuituoi.co/products/thế-cơ-a-cat-hoodie	2025-11-18
Retro Cat Y2K Hoodie	Đũy Mèo	Hoodie	https://cdn.shopify.com/s/files/1/0918/5597/8816/files/densau_c7016680-49fe-49e7-9daa-f8c15fd10ee0.png	https://luonvuituoi.co/products/retro-cat-y2k-hoodie	2025-11-18
Paw Cat Hoodie	Đũy Mèo	Hoodie	https://cdn.shopify.com/s/files/1/0918/5597/8816/files/densau_8103ba1c-8f65-4c09-94d6-68aeafa25565.png	https://luonvuituoi.co/products/paw-cat-hoodie	2025-11-18
Don't Panic It's Organic Cat Hoodie	Đũy Mèo	Hoodie	https://cdn.shopify.com/s/files/1/0918/5597/8816/files/densau_7b4a81d6-3b54-4d45-ad70-2f5290989213.png	https://luonvuituoi.co/products/dont-panic-its-organic-cat-hoodie	2025-11-18
Cool Cat Hoodie	Đũy Mèo	Hoodie	https://cdn.shopify.com/s/files/1/0918/5597/8816/files/densau_4222d9ab-850a-4b53-af4c-45497af8fc73.png	https://luonvuituoi.co/products/cool-cat-hoodie	2025-11-18
Ciga Cat Hoodie	Đũy Mèo	Hoodie	https://cdn.shopify.com/s/files/1/0918/5597/8816/files/kemtr_c_26c81ee0-7c42-422c-9265-23d92e6fcf8a.png	https://luonvuituoi.co/products/ciga-cat-hoodie	2025-11-18
Cat Skate Hoodie	Đũy Mèo	Hoodie	https://cdn.shopify.com/s/files/1/0918/5597/8816/files/kemsau_42304b74-8421-4e3f-b2ef-935e9d313235.png	https://luonvuituoi.co/products/cat-skate-hoodie	2025-11-18
Bunny cat Hoodie	Đũy Mèo	Hoodie	https://cdn.shopify.com/s/files/1/0918/5597/8816/files/kemsau_61644108-36f1-4d7f-a0b1-7c808f1f1ac9.png	https://luonvuituoi.co/products/bunny-cat-hoodie	2025-11-18
Hết Tiền Hoodie	Trơi Bời	Hoodie	https://cdn.shopify.com/s/files/1/0918/5597/8816/files/densau_ced4f694-a248-4622-922b-0ac4f9cb6ce6.png	https://luonvuituoi.co/products/hết-tiền-hoodie	2025-11-18
Gừng Càng Già Càng Bay Hoodie	Trơi Bời	Hoodie	https://cdn.shopify.com/s/files/1/0918/5597/8816/files/densau_6773c747-2a10-47d1-9d93-c83562306c5f.png	https://luonvuituoi.co/products/gừng-cang-gia-cang-bay-hoodie	2025-11-18
Ai Đó Zữ Như Chó Hoodie	Animal Circus	Hoodie	https://cdn.shopify.com/s/files/1/0918/5597/8816/files/densau_04c630a9-6db2-48db-80ef-c7c8802fc8d9.png	https://luonvuituoi.co/products/ai-do-zữ-như-cho-hoodie	2025-11-18
Phiên Phiến Hoy Hoodie	Lifey Stuff	Hoodie	https://cdn.shopify.com/s/files/1/0918/5597/8816/files/swtr_ckem_85c4a263-94c2-4296-97b3-2e67de025c2e.png	https://luonvuituoi.co/products/phien-phiến-hoy-hoodie	2025-11-18
Trài Tài Gái Xỉu Hoodie	Animal Circus	Hoodie	https://cdn.shopify.com/s/files/1/0918/5597/8816/files/densau_de18673d-592b-4a5e-829d-ee1bd3661e42.png	https://luonvuituoi.co/products/trai-tai-gai-xỉu-hoodie	2025-11-18
Đẹp Người Xấu Nết Hoodie	Lifey Stuff	Hoodie	https://cdn.shopify.com/s/files/1/0918/5597/8816/files/swtr_ckem_ed18675d-d505-45a9-bd9c-5974f1dc70e7.png	https://luonvuituoi.co/products/dẹp-người-xấu-nết-hoodie	2025-11-18
Việt Nam Sáng Ăn Gì Hoodie	Vietnamese Culture	Hoodie	https://cdn.shopify.com/s/files/1/0918/5597/8816/files/xamtieunh_tsau_cf84561f-993c-4098-8c5c-695d3234c2f7.png	https://luonvuituoi.co/products/việt-nam-sang-an-gi-hoodie	2025-11-18
Tôi Yêu Phụ Nữ Hoodie	Love Bites	Hoodie	https://cdn.shopify.com/s/files/1/0918/5597/8816/files/kemtr_c_4b5c35b2-b5f4-4cb7-8020-10dbfa0780c9.png	https://luonvuituoi.co/products/toi-yeu-phụ-nữ-hoodie	2025-11-18
Đẹp Người Đẹp Nết Hoodie	Lifey Stuff	Hoodie	https://cdn.shopify.com/s/files/1/0918/5597/8816/files/swtr_ckem_b209b8da-cc0d-47b5-818c-2b587698841b.png	https://luonvuituoi.co/products/dẹp-người-dẹp-nết-hoodie	2025-11-18
Tình Mình Chấm Hết Hoodie	Love Bites	Hoodie	https://cdn.shopify.com/s/files/1/0918/5597/8816/files/densau_bf66f3e5-7e77-4f27-87be-785acf6c9aac.png	https://luonvuituoi.co/products/tinh-minh-chấm-hết-hoodie	2025-11-18
Anh Chàng Thư Giãn Hoodie	Lifey Stuff	Hoodie	https://cdn.shopify.com/s/files/1/0918/5597/8816/files/swtr_cnavy_e097becb-443a-4a68-827a-2600d44a99be.png	https://luonvuituoi.co/products/anh-chang-thư-gian-hoodie	2025-11-18
Nghiện Em Hoodie	Love Bites	Hoodie	https://cdn.shopify.com/s/files/1/0918/5597/8816/files/dentr_c_34148a6b-159d-4ffc-9446-4f49f88acddf.png	https://luonvuituoi.co/products/nghiện-em-hoodie	2025-11-18
Cô Nàng Thư Giãn Hoodie	Lifey Stuff	Hoodie	https://cdn.shopify.com/s/files/1/0918/5597/8816/files/swtr_cnavy_e36bed27-936c-4e2e-80dc-c83b81406150.png	https://luonvuituoi.co/products/co-nang-thư-gian-hoodie	2025-11-18
Trà Trắc bánh Tráng Trộn Hoodie	Vietnamese Culture	Hoodie	https://cdn.shopify.com/s/files/1/0918/5597/8816/files/kemsau_c6480589-8d43-4d58-9f54-84417f87503b.png	https://luonvuituoi.co/products/tra-trắc-banh-trang-trộn-hoodie	2025-11-18
Sống Zô Tri Hưởng Thái Bình Hoodie	Lifey Stuff	Hoodie	https://cdn.shopify.com/s/files/1/0918/5597/8816/files/swtr_cnavy_dfaa7000-9a64-4255-bb2a-46229d5374d4.png	https://luonvuituoi.co/products/sống-zo-tri-hưởng-thai-binh-hoodie	2025-11-18
Tiệm Bánh Mì LUONVUITUOI Hoodie	Vietnamese Culture	Hoodie	https://cdn.shopify.com/s/files/1/0918/5597/8816/files/kemsau_2335ec4a-a348-4c21-b9af-b51261f610b7.png	https://luonvuituoi.co/products/tiệm-banh-mi-luonvuituoi-hoodie	2025-11-18
Trầm Tính Ít Nói Hoodie	Lifey Stuff	Hoodie	https://cdn.shopify.com/s/files/1/0918/5597/8816/files/swtr_ctr_ng_f28201b3-3985-4da6-9022-9bb0eb86c958.png	https://luonvuituoi.co/products/trầm-tinh-it-noi-hoodie	2025-11-18
Phê Sỉu Hoodie	Vietnamese Culture	Hoodie	https://cdn.shopify.com/s/files/1/0918/5597/8816/files/kemsau_37a7d7c0-e14b-4b24-89e4-fa692506c3cc.png	https://luonvuituoi.co/products/phe-sỉu-hoodie	2025-11-18
Nước Mía Hoodie	Vietnamese Culture	Hoodie	https://cdn.shopify.com/s/files/1/0918/5597/8816/files/densau_ec350300-6fc4-43be-8816-2229a35bc838.png	https://luonvuituoi.co/products/nước-mia-hoodie	2025-11-18
Ê Nha! Hoodie	Lifey Stuff	Hoodie	https://cdn.shopify.com/s/files/1/0918/5597/8816/files/swtr_ch_ng_cb90eba6-ce8c-4ff3-843a-29dfd540aed8.png	https://luonvuituoi.co/products/e-nha-hoodie	2025-11-18
Mê Sấu Hoodie	Vietnamese Culture	Hoodie	https://cdn.shopify.com/s/files/1/0918/5597/8816/files/densau_4e4b3d8b-65ed-4b03-bc14-b5358bf68e96.png	https://luonvuituoi.co/products/me-sấu-hoodie	2025-11-18
Mệt Hoodie	Job	Hoodie	https://cdn.shopify.com/s/files/1/0918/5597/8816/files/swtr_cden_a759b065-5261-4a3c-aae2-8998423a7edf.png	https://luonvuituoi.co/products/mệt-hoodie	2025-11-18
LUONVUITUOI Loa Phường Hoodie	Vietnamese Culture	Hoodie	https://cdn.shopify.com/s/files/1/0918/5597/8816/files/densau_84ed2f89-a509-4059-aea0-f17a7b75c8bc.png	https://luonvuituoi.co/products/luonvuituoi-loa-phường-hoodie	2025-11-18
Đời Phải LUONVUITUOI Hoodie	Vietnamese Culture	Hoodie	https://cdn.shopify.com/s/files/1/0918/5597/8816/files/kemsau_639e3d2e-12de-4bfc-9f74-652ec9459809.png	https://luonvuituoi.co/products/dời-phải-luonvuituoi-hoodie	2025-11-18
Cafe Luôn Vui Tươi Hoodie	Vietnamese Culture	Hoodie	https://cdn.shopify.com/s/files/1/0918/5597/8816/files/xamtieunh_tsau_aec029a8-db7d-41b1-9263-b6440e1e0687.png	https://luonvuituoi.co/products/cafe-luon-vui-tươi-hoodie	2025-11-18
Không Phận Sự Xin Đừng Vào Hoodie	Animal Circus	Hoodie	https://cdn.shopify.com/s/files/1/0918/5597/8816/files/swtr_ckem_2696a458-aebc-466a-a63d-93511a16a2b9.png	https://luonvuituoi.co/products/khong-phận-sự-xin-dừng-vao-hoodie	2025-11-18
Mấy Con Chó Phải Trả Cá Hoodie	Animal Circus	Hoodie	https://cdn.shopify.com/s/files/1/0918/5597/8816/files/dentr_c_43ca0b31-d7f9-410b-becd-0b22b296cf51.png	https://luonvuituoi.co/products/mấy-con-cho-phải-trả-ca-hoodie	2025-11-18
Retro Funny Cat Hoodie	Đũy Mèo	Hoodie	https://cdn.shopify.com/s/files/1/0918/5597/8816/files/densau_185d5616-4448-4ba6-9505-f451941f539e.png	https://luonvuituoi.co/products/retro-funny-cat-hoodie	2025-11-18
LUONVUITUOI Funny Dog Hoodie	Animal Circus	Hoodie	https://cdn.shopify.com/s/files/1/0918/5597/8816/files/kemsau_79f36db0-79b1-4e33-8249-2bcc89081765.png	https://luonvuituoi.co/products/luonvuituoi-funny-dog-hoodie	2025-11-18
No Brain No Pain Hoodie	Animal Circus	Hoodie	https://cdn.shopify.com/s/files/1/0918/5597/8816/files/swtr_ctr_ng_8c1be469-77eb-4a00-83a6-d62edbcf95d1.png	https://luonvuituoi.co/products/no-brain-no-pain-hoodie	2025-11-18
LUONVUITUOI Black Dog Hoodie	Animal Circus	Hoodie	https://cdn.shopify.com/s/files/1/0918/5597/8816/files/densau_85506fb2-dfff-4d23-8a77-37f5d6516c0b.png	https://luonvuituoi.co/products/luonvuituoi-black-dog-hoodie	2025-11-18
Unproducktive Hoodie	Animal Circus	Hoodie	https://cdn.shopify.com/s/files/1/0918/5597/8816/files/swtr_ckem_5bac5ee6-4601-4d34-aaaa-5bdb90edc1d9.png	https://luonvuituoi.co/products/unproducktive-hoodie	2025-11-18
Let That Shit Go Hoodie	Đũy Mèo	Hoodie	https://cdn.shopify.com/s/files/1/0918/5597/8816/files/kemsau_1cea07fa-65d4-4b80-bb64-2d7ff2ef60a0.png	https://luonvuituoi.co/products/let-that-shit-go-hoodie	2025-11-18
Funny Lowcost Hoodie	Animal Circus	Hoodie	https://cdn.shopify.com/s/files/1/0918/5597/8816/files/dentr_c_b66f7afc-7ac6-4135-b804-516f8cf72b47.png	https://luonvuituoi.co/products/funny-lowcost-hoodie	2025-11-18
Funny Duck Hoodie	Animal Circus	Hoodie	https://cdn.shopify.com/s/files/1/0918/5597/8816/files/kemsau_5ce1cfd1-9b73-4a78-b0e8-dc3d29dde7ed.png	https://luonvuituoi.co/products/funny-duck-hoodie	2025-11-18
Thơm&Ngon Hoodie	Lifey Stuff	Hoodie	https://cdn.shopify.com/s/files/1/0918/5597/8816/files/swtr_ckem_725817d7-09aa-4882-90b1-10c76551f7f8.png	https://luonvuituoi.co/products/thơm-ngon-hoodie	2025-11-18
Đừng Đánh Thức Con Hổ Trong Tôi Hoodie	Đũy Mèo	Hoodie	https://cdn.shopify.com/s/files/1/0918/5597/8816/files/densau_85f39510-c7f4-4ee2-a4b0-fd39c1aa6d73.png	https://luonvuituoi.co/products/dừng-danh-thức-con-hổ-trong-toi-hoodie	2025-11-18
Cool Black Cat Hoodie	Đũy Mèo	Hoodie	https://cdn.shopify.com/s/files/1/0918/5597/8816/files/kemsau_0d31b3fb-037e-4a72-9baf-c518081e9550.png	https://luonvuituoi.co/products/cool-black-cat-hoodie	2025-11-18
Anh Đến Đây Hoodie	Job	Hoodie	https://cdn.shopify.com/s/files/1/0918/5597/8816/files/kemtr_c_df9e07d8-4ae2-4265-99f4-4fad9368a9a0.png	https://luonvuituoi.co/products/anh-dến-day-hoodie	2025-11-18
Người vùng cao Hoodie	Job	Hoodie	https://cdn.shopify.com/s/files/1/0918/5597/8816/files/kemtr_c_8ca003f2-a846-43e0-8671-570f5fbdaf27.png	https://luonvuituoi.co/products/người-vung-cao-hoodie	2025-11-18
Người có vợ Hoodie	Job	Hoodie	https://cdn.shopify.com/s/files/1/0918/5597/8816/files/xamtieunh_ttr_c_661a18a0-5c89-4600-a83d-3b431e75a342.png	https://luonvuituoi.co/products/người-co-vợ-hoodie	2025-11-18
Pizza Hoodie	Lifey Stuff	Hoodie	https://cdn.shopify.com/s/files/1/0918/5597/8816/files/swtr_ch_ng_98dcaecb-da61-4b28-ba72-7f3edb9e3b74.png	https://luonvuituoi.co/products/pizza-hoodie	2025-11-18
Hey Siri Hoodie	Love Bites	Hoodie	https://cdn.shopify.com/s/files/1/0918/5597/8816/files/swsauh_ng_60f2507c-27f4-44f5-9979-ba105e45cc67.png	https://luonvuituoi.co/products/hey-siri-hoodie	2025-11-18
Người Có Mọi Thứ Hoodie	Job	Hoodie	https://cdn.shopify.com/s/files/1/0918/5597/8816/files/kemtr_c_1ed4a301-15b8-4943-b3bf-87f64163472f.png	https://luonvuituoi.co/products/người-co-mọi-thứ-hoodie	2025-11-18
Vào Bar Ra Nhạc Hoodie	Đũy Mèo	Hoodie	https://cdn.shopify.com/s/files/1/0918/5597/8816/files/densau_1254b8d9-be07-4723-a5e7-536e1bf210cc.png	https://luonvuituoi.co/products/vao-bar-ra-nhạc-hoodie	2025-11-18
The No Face Hoodie	Lifey Stuff	Hoodie	https://cdn.shopify.com/s/files/1/0918/5597/8816/files/swtr_ctr_ng_48e31fd2-056c-412e-9f76-b8887049b7da.png	https://luonvuituoi.co/products/the-no-face-hoodie	2025-11-18
TIRED Hoodie	Lifey Stuff	Hoodie	https://cdn.shopify.com/s/files/1/0918/5597/8816/files/swtr_ch_ng_d75a28a4-8dae-4b1c-9fd2-34cf35db9d23.png	https://luonvuituoi.co/products/tired-hoodie	2025-11-18
Mình Hơn Hẳn Mà Hoodie	Đũy Mèo	Hoodie	https://cdn.shopify.com/s/files/1/0918/5597/8816/files/densau_48d36e75-c8b5-4506-9ded-641ccd1f2b1a.png	https://luonvuituoi.co/products/minh-hơn-hẳn-ma-hoodie	2025-11-18
Mấy Con Cá Phải Trả Gió Hoodie	Animal Circus	Hoodie	https://cdn.shopify.com/s/files/1/0918/5597/8816/files/densau_6f41bfce-5778-42f8-af99-595f776b4713.png	https://luonvuituoi.co/products/mấy-con-ca-phải-trả-gio-hoodie	2025-11-18
Gần Mực Thì Bia Hoodie	Lifey Stuff	Hoodie	https://cdn.shopify.com/s/files/1/0918/5597/8816/files/swtr_cxam_0eebe10f-3b04-456a-aaf6-1b7aced63e57.png	https://luonvuituoi.co/products/gần-mực-thi-bia-hoodie	2025-11-18
Anh Em Tao Đến Đây Hoodie	Đũy Mèo	Hoodie	https://cdn.shopify.com/s/files/1/0918/5597/8816/files/kemsau_1a06360d-57a2-4614-a409-6bf4d97689ab.png	https://luonvuituoi.co/products/anh-em-tao-dến-day-hoodie	2025-11-18
Tụ Tập Hoodie	Lifey Stuff	Hoodie	https://cdn.shopify.com/s/files/1/0918/5597/8816/files/xamtieunh_ttr_c_ac16d950-f3b8-4695-8899-a00062ae06ac.png	https://luonvuituoi.co/products/tụ-tập-hoodie	2025-11-18
Rất Tiếc Bạn Đã Bị COn Mèo Hoodie	Đũy Mèo	Hoodie	https://cdn.shopify.com/s/files/1/0918/5597/8816/files/densau_654dafd6-f5fa-4ef6-934c-adc316988e0f.png	https://luonvuituoi.co/products/rất-tiếc-bạn-da-bị-con-meo-hoodie	2025-11-18
NICEBOY Hoodie	Lifey Stuff	Hoodie	https://cdn.shopify.com/s/files/1/0918/5597/8816/files/swtr_cnavy_cd740f0c-bea5-41f8-9f23-26f33a0d1e92.png	https://luonvuituoi.co/products/niceboy-hoodie	2025-11-18
Oh No Hoodie	Lifey Stuff	Hoodie	https://cdn.shopify.com/s/files/1/0918/5597/8816/files/xamtieunh_ttr_c_24378a17-ccda-427c-b272-7dae4e97cc98.png	https://luonvuituoi.co/products/oh-no-hoodie	2025-11-18
Cửa Hỏng Vui Lòng Không Mở Hoodie	Lifey Stuff	Hoodie	https://cdn.shopify.com/s/files/1/0918/5597/8816/files/swsautr_ng_570a1464-5be4-4b4e-a346-a9f5189b9fce.png	https://luonvuituoi.co/products/cửa-hỏng-vui-long-khong-mở-hoodie	2025-11-18
Lời Đường Mật Hoodie	Love Bites	Hoodie	https://cdn.shopify.com/s/files/1/0918/5597/8816/files/tr_ngsau_6592ed3a-d095-44c5-a44f-978ae450e66a.png	https://luonvuituoi.co/products/lời-dường-mật-hoodie	2025-11-18
Đã Uống Xe Không Lái Rượu Bia Hoodie	Lifey Stuff	Hoodie	https://cdn.shopify.com/s/files/1/0918/5597/8816/files/swsauden.png	https://luonvuituoi.co/products/da-uống-xe-khong-lai-rượu-bia-hoodie-1	2025-11-18
Sống Nay Stress Mai Hoodie	Lifey Stuff	Hoodie	https://cdn.shopify.com/s/files/1/0918/5597/8816/files/swtr_ch_ng_45fd2264-7032-42bf-9b8f-4e78b13365c3.png	https://luonvuituoi.co/products/da-uống-xe-khong-lai-rượu-bia-hoodie	2025-11-18
Hưởng Thụ Hoodie	Lifey Stuff	Hoodie	https://cdn.shopify.com/s/files/1/0918/5597/8816/files/kemsau_d9785b93-96bc-4c4a-a6ba-e97c9b85ea79.png	https://luonvuituoi.co/products/hưởng-thụ-hoodie	2025-11-18
Cút Hoodie	Lifey Stuff	Hoodie	https://cdn.shopify.com/s/files/1/0918/5597/8816/files/swtr_ch_ng_793a4505-13a3-49b5-90f2-954e28688509.png	https://luonvuituoi.co/products/cut-hoodie	2025-11-18
Long Time No Sẽ Hoodie	Lifey Stuff	Hoodie	https://cdn.shopify.com/s/files/1/0918/5597/8816/files/swtr_ckem_10a522cf-d1a6-4efc-983f-57c456eb4a2b.png	https://luonvuituoi.co/products/long-time-no-sẽ-hoodie	2025-11-18
Hê Lu Lu Khủng Long Hoodie	Animal Circus	Hoodie	https://cdn.shopify.com/s/files/1/0918/5597/8816/files/dentr_c_c8c795c3-821d-4262-b010-1ecf87d7ec9a.png	https://luonvuituoi.co/products/he-lu-lu-khủng-long-hoodie	2025-11-18
Tôi Xink Lỗi Bạn Hoodie	Lifey Stuff	Hoodie	https://cdn.shopify.com/s/files/1/0918/5597/8816/files/swtr_cnavy_4f57906f-55d9-479a-82b7-9d9b03fe6739.png	https://luonvuituoi.co/products/toi-xink-lỗi-bạn-hoodie	2025-11-18
Em Bé Duck Hoodie	Animal Circus	Hoodie	https://cdn.shopify.com/s/files/1/0918/5597/8816/files/densau_7791f4d4-564b-4362-8f4e-d290889534ab.png	https://luonvuituoi.co/products/em-be-duck-hoodie	2025-11-17
Duck You Hoodie	Animal Circus	Hoodie	https://cdn.shopify.com/s/files/1/0918/5597/8816/files/dentr_c_40f26aa7-4ca6-458d-b8ec-6b149f82af72.png	https://luonvuituoi.co/products/duck-you-hoodie	2025-11-17
Buồn Ngủ Cat Hoodie	Đũy Mèo	Hoodie	https://cdn.shopify.com/s/files/1/0918/5597/8816/files/dentr_c_f3710b52-7d6e-4c3d-8175-2f4857b1f2b1.png	https://luonvuituoi.co/products/buồn-ngủ-cat-hoodie	2025-11-17
Merry Christmas And Shit Sweater	Nghỉ Lễ	Sweater	https://cdn.shopify.com/s/files/1/0918/5597/8816/files/swtr_ckem_74b45e3d-60db-4d7e-b278-b52002d364ad.png	https://luonvuituoi.co/products/merry-christmas-and-shit-sweater	2025-11-17
What Christmas Sweater	Nghỉ Lễ	Sweater	https://cdn.shopify.com/s/files/1/0918/5597/8816/files/swtr_ckem_9eacf634-1eda-45b7-b73a-f69128502894.png	https://luonvuituoi.co/products/what-christmas-sweater	2025-11-17
Trader Giao Dịch Chứng Phán Hoodie	Job	Hoodie	https://cdn.shopify.com/s/files/1/0918/5597/8816/files/xamtieunh_ttr_c_095a8071-c835-43bd-a987-ee6b0dff4da5.png	https://luonvuituoi.co/products/trader-giao-dịch-chứng-phan-hoodie	2025-11-17
Thời Tới Cản Không Kịp Hoodie	Lifey Stuff	Hoodie	https://cdn.shopify.com/s/files/1/0918/5597/8816/files/tr_ngsau_b81fe030-b35f-4d55-81e3-c4ad07e450fd.png	https://luonvuituoi.co/products/thời-tới-cản-khong-kịp-hoodie	2025-11-17
Người Lào Hoodie	Job	Hoodie	https://cdn.shopify.com/s/files/1/0918/5597/8816/files/kemtr_c_12f0431e-f1f7-470b-b129-918b4ac7dcbc.png	https://luonvuituoi.co/products/người-lao-hoodie	2025-11-17
Người Giàu Hoodie	Job	Hoodie	https://cdn.shopify.com/s/files/1/0918/5597/8816/files/kemtr_c_7957bddb-f91e-4f89-8ada-408035f06f19.png	https://luonvuituoi.co/products/người-giau-hoodie	2025-11-17
Gọi Em Là Đồng Nát Hoodie	Love Bites	Hoodie	https://cdn.shopify.com/s/files/1/0918/5597/8816/files/xamtieunh_tsau_976b5d15-13c1-4e60-83d7-0d93b2e2f654.png	https://luonvuituoi.co/products/gọi-em-la-dồng-nat-hoodie	2025-11-17
Gọi Anh Là Đồ Đồng Nát Hoodie	Love Bites	Hoodie	https://cdn.shopify.com/s/files/1/0918/5597/8816/files/tr_ngsau_6ed4117c-0704-453b-97df-051bedca4ebc.png	https://luonvuituoi.co/products/gọi-anh-la-dồ-dồng-nat-hoodie	2025-11-17
Chúng Mình Có Nhau Hoodie	Love Bites	Hoodie	https://cdn.shopify.com/s/files/1/0918/5597/8816/files/tr_ngsau_ed1a6574-867d-4895-a0ee-d25ea6c08c26.png	https://luonvuituoi.co/products/chung-minh-co-nhau-hoodie	2025-11-17
Architecture Kỹ Sư Xây Dựng Hoodie	Job	Hoodie	https://cdn.shopify.com/s/files/1/0918/5597/8816/files/kemtr_c_50bbe37c-bdca-4140-8652-1b0f23fcf700.png	https://luonvuituoi.co/products/architecture-kỹ-sư-xay-dựng-hoodie	2025-11-17
Only Fan Hoodie	Lifey Stuff	Hoodie	https://cdn.shopify.com/s/files/1/0918/5597/8816/files/tr_ngsau_d9679446-75bd-42ad-ac77-585a37f4fbc2.png	https://luonvuituoi.co/products/only-fan-hoodie	2025-11-17
Teacher Thợ Giữ Trẻ Hoodie	Job	Hoodie	https://cdn.shopify.com/s/files/1/0918/5597/8816/files/h_ngtr_c_8aef8932-6d09-4c7a-9051-a4f593af0925.png	https://luonvuituoi.co/products/teacher-thợ-giữ-trẻ-hoodie	2025-11-17
Photographer Nhiếp Ảnh Gia Hoodie	Job	Hoodie	https://cdn.shopify.com/s/files/1/0918/5597/8816/files/xamtieunh_ttr_c_da9b0420-7f3f-474d-8172-fae556cf57bb.png	https://luonvuituoi.co/products/photographer-nhiếp-ảnh-gia-hoodie	2025-11-17
Leader Lào Gì Cũng Tôn Hoodie	Job	Hoodie	https://cdn.shopify.com/s/files/1/0918/5597/8816/files/tr_ngtr_c_4eead830-7b21-4e9f-80d6-99e7dfc22b41.png	https://luonvuituoi.co/products/leader-lao-gi-cung-ton-hoodie	2025-11-17
Intern Thực Tập Xink Hoodie	Job	Hoodie	https://cdn.shopify.com/s/files/1/0918/5597/8816/files/h_ngtr_c_73ae74ac-d36c-42df-a9ed-1c73235a7971.png	https://luonvuituoi.co/products/intern-thực-tập-xink-hoodie	2025-11-17
Gamer Người Bị Game Chơi Hoodie	Job	Hoodie	https://cdn.shopify.com/s/files/1/0918/5597/8816/files/xamtieunh_ttr_c_3f300007-0415-4d50-bdbf-8f7839026924.png	https://luonvuituoi.co/products/gamer-người-bị-game-chơi-hoodie	2025-11-17
My Ex Is Still In Love With Me Sweater	Love Bites	Sweater	https://cdn.shopify.com/s/files/1/0918/5597/8816/files/swtr_cden_1fe5419c-ac15-4ffe-bc18-ab4b1864ee41.png	https://luonvuituoi.co/products/my-ex-is-still-in-love-with-me-sweater	2025-11-17
Developer Lập Trình Điên Hoodie	Job	Hoodie	https://cdn.shopify.com/s/files/1/0918/5597/8816/files/kemtr_c_09a2ff1e-8eb6-4c33-a6aa-76652725b128.png	https://luonvuituoi.co/products/developer-lập-trinh-dien-hoodie	2025-11-17
Designer Thiết Kế Gặp Họa Hoodie	Job	Hoodie	https://cdn.shopify.com/s/files/1/0918/5597/8816/files/kemtr_c_88532059-32e9-4ec0-941a-be7dc099bbad.png	https://luonvuituoi.co/products/designer-thiết-kế-gặp-họa-hoodie	2025-11-17
Content Creator Nhà Sáng Tạo Nội Dung Hoodie	Job	Hoodie	https://cdn.shopify.com/s/files/1/0918/5597/8816/files/h_ngtr_c_97031353-11fe-472e-9baa-4c78e75970b4.png	https://luonvuituoi.co/products/content-creator-nha-sang-tạo-nội-dung-hoodie	2025-11-17
Coder Hoodie	Job	Hoodie	https://cdn.shopify.com/s/files/1/0918/5597/8816/files/tr_ngtr_c_2a414dd2-1c96-4cbc-b09b-a8440b3994cc.png	https://luonvuituoi.co/products/coder-hoodie	2025-11-17
Artist Nghệ Sĩ Hoodie	Job	Hoodie	https://cdn.shopify.com/s/files/1/0918/5597/8816/files/kemtr_c_bff571eb-f04e-448b-a4bd-6cbe06d07658.png	https://luonvuituoi.co/products/artist-nghệ-si-hoodie	2025-11-17
Ủa Anh Sweater	Job	Sweater	https://cdn.shopify.com/s/files/1/0918/5597/8816/files/swtr_cxam_e69bffd4-cf21-4d98-991a-9f409108acc1.png	https://luonvuituoi.co/products/ủa-anh-sweater	2025-11-17
Chú Bé Tê Liệt Sweater	Đời Game Thủ	Sweater	https://cdn.shopify.com/s/files/1/0918/5597/8816/files/tr_ngsau_07fe2625-deb5-43b8-8d6c-a6def28cf76e.png	https://luonvuituoi.co/products/chu-be-te-liệt-sweater	2025-11-15
Tôi Chọn Sai Người	Đơn Giản Hóa	Thun	https://cdn.shopify.com/s/files/1/0918/5597/8816/files/tr_ngsau_06eaccee-ea53-402d-9ca4-4957e0f0ff99.png	https://luonvuituoi.co/products/ao-thun-toi-chọn-sai-người	2025-11-14
Thế Giới Này	Đơn Giản Hóa	Thun	https://cdn.shopify.com/s/files/1/0918/5597/8816/files/navysausau_e5774e24-06ee-4ae8-83bc-6c09449b0e8d.png	https://luonvuituoi.co/products/ao-thun-thế-giới-nay	2025-11-14
Sưởi Ấm	Đơn Giản Hóa	Thun	https://cdn.shopify.com/s/files/1/0918/5597/8816/files/densau_7afef1ae-fef4-4423-aef3-646cd942fd2f.png	https://luonvuituoi.co/products/ao-thun-sưởi-ấm	2025-11-14
Phải Chịu	Đơn Giản Hóa	Thun	https://cdn.shopify.com/s/files/1/0918/5597/8816/files/tr_ngsau_3eaad804-30da-4fd2-9d0f-1c6869ef6cc4.png	https://luonvuituoi.co/products/ao-thun-phải-chịu	2025-11-14
Nhớ Em	Đơn Giản Hóa	Thun	https://cdn.shopify.com/s/files/1/0918/5597/8816/files/kemsau_cbcf317f-f658-476b-bea9-7e34eaf98d0b.png	https://luonvuituoi.co/products/ao-thun-nhớ-em	2025-11-14
Người Trung Thực	Đơn Giản Hóa	Thun	https://cdn.shopify.com/s/files/1/0918/5597/8816/files/navysausau_1bd1ad0d-b0a1-4426-b51b-e6f03f4528a6.png	https://luonvuituoi.co/products/ao-thun-người-trung-thực	2025-11-14
Ngủ Là Lối Thoát	Đơn Giản Hóa	Thun	https://cdn.shopify.com/s/files/1/0918/5597/8816/files/densau_8b6bfe48-b651-4674-9c51-2bf29f061524.png	https://luonvuituoi.co/products/ao-thun-ngủ-la-lối-thoat	2025-11-14
Hết Nhạc Con Về	Đơn Giản Hóa	Thun	https://cdn.shopify.com/s/files/1/0918/5597/8816/files/kemsau_6d4bff87-b18b-45a7-b7d2-fec7a69e8ce7.png	https://luonvuituoi.co/products/ao-thun-hết-nhạc-con-về	2025-11-14
Đẹp Trai Cũng Bị Nói	Đơn Giản Hóa	Thun	https://cdn.shopify.com/s/files/1/0918/5597/8816/files/densau_06ab4d0a-6203-4ab6-b569-fd3496f5ad2b.png	https://luonvuituoi.co/products/ao-thun-dẹp-trai-cung-bị-noi	2025-11-14
Để Mà Nói Thì	Đơn Giản Hóa	Thun	https://cdn.shopify.com/s/files/1/0918/5597/8816/files/tr_ngsau_37d32b24-aa06-4de1-96a3-c4cd88b42306.png	https://luonvuituoi.co/products/ao-thun-dể-ma-noi-thi	2025-11-14
Dân Thường	Đơn Giản Hóa	Thun	https://cdn.shopify.com/s/files/1/0918/5597/8816/files/kemsau_de2ac715-c9ae-45da-9a69-1c116c8b21c4.png	https://luonvuituoi.co/products/ao-thun-dan-thường	2025-11-14
12 Năm Học Địa	Đơn Giản Hóa	Thun	https://cdn.shopify.com/s/files/1/0918/5597/8816/files/tr_ngsau_e0b6908d-361e-4a35-863d-bf407dd7daec.png	https://luonvuituoi.co/products/ao-thun-12-nam-học-dịa	2025-11-14
Tis The Season	Nghỉ Lễ	Thun	https://cdn.shopify.com/s/files/1/0918/5597/8816/files/kemtr_c_0db5060b-1dd6-4960-af03-cdc6c1cfa9e9.png	https://luonvuituoi.co/products/ao-thun-tis-the-season	2025-11-14
There's Some Ho's	Nghỉ Lễ	Thun	https://cdn.shopify.com/s/files/1/0918/5597/8816/files/dentr_c_b65e94e0-d4e9-4f93-9236-bf5354adee72.png	https://luonvuituoi.co/products/ao-thun-theres-some-hos	2025-11-14
Stop Staring	Nghỉ Lễ	Thun	https://cdn.shopify.com/s/files/1/0918/5597/8816/files/tr_ngtr_c_ad8191c4-a379-4d06-ac4b-1e6d9822d545.png	https://luonvuituoi.co/products/ao-thun-stop-staring	2025-11-14
Offer Santa A Beer	Nghỉ Lễ	Thun	https://cdn.shopify.com/s/files/1/0918/5597/8816/files/tr_ngtr_c_969bd820-1f82-4b7c-a63a-43686261e820.png	https://luonvuituoi.co/products/ao-thun-offer-santa-a-beer	2025-11-14
Naughty Claus	Nghỉ Lễ	Thun	https://cdn.shopify.com/s/files/1/0918/5597/8816/files/kemtr_c_2289c3d9-dadb-4d7a-9d17-c0433201f6ca.png	https://luonvuituoi.co/products/ao-thun-naughty-claus	2025-11-14
Merry X Mas	Nghỉ Lễ	Thun	https://cdn.shopify.com/s/files/1/0918/5597/8816/files/tr_ngtr_c_652b9acd-afc2-4ee4-b74e-03efa48fa8f1.png	https://luonvuituoi.co/products/ao-thun-merry-x-mas	2025-11-14
Merry Titmas	Nghỉ Lễ	Thun	https://cdn.shopify.com/s/files/1/0918/5597/8816/files/tr_ngtr_c_396edf63-1e59-482c-be16-ca9cc2494561.png	https://luonvuituoi.co/products/ao-thun-merry-titmas	2025-11-14
Merry Crapmas	Nghỉ Lễ	Thun	https://cdn.shopify.com/s/files/1/0918/5597/8816/files/navytr_c_afea6145-9150-4d7e-a223-da1423ca2dd5.png	https://luonvuituoi.co/products/ao-thun-merry-crapmas	2025-11-14
Merry Catmess	Nghỉ Lễ	Thun	https://cdn.shopify.com/s/files/1/0918/5597/8816/files/kemtr_c_4e14a127-a5cc-412c-91ff-0efc70e60454.png	https://luonvuituoi.co/products/ao-thun-merry-catmess	2025-11-14
Jingle My Bells	Nghỉ Lễ	Thun	https://cdn.shopify.com/s/files/1/0918/5597/8816/files/tr_ngsau_51126748-f7aa-4865-9573-647c8de494aa.png	https://luonvuituoi.co/products/ao-thun-jingle-my-bells	2025-11-14
Christmas Spirit	Nghỉ Lễ	Thun	https://cdn.shopify.com/s/files/1/0918/5597/8816/files/dentr_c_7dd3faa6-3b1f-4b21-9017-5a501f816d0c.png	https://luonvuituoi.co/products/ao-thun-christmas-spirit	2025-11-14
Check Out My Balls	Nghỉ Lễ	Thun	https://cdn.shopify.com/s/files/1/0918/5597/8816/files/dentr_c_89115803-1891-46db-89e1-c4959fff8d19.png	https://luonvuituoi.co/products/check-out-my-balls	2025-11-14
Tis The Season Sweater	Nghỉ Lễ	Sweater	https://cdn.shopify.com/s/files/1/0918/5597/8816/files/h_ngtr_c_450d6ac0-0a38-45ec-a827-30fea001a0c4.png	https://luonvuituoi.co/products/tis-the-season-sweater	2025-11-13
There's Some Ho's Sweater	Nghỉ Lễ	Sweater	https://cdn.shopify.com/s/files/1/0918/5597/8816/files/dentr_c_d605e49e-08a3-41ee-abb8-1d0946f134ba.png	https://luonvuituoi.co/products/theres-some-hos-sweater	2025-11-13
Stop Staring Sweater	Nghỉ Lễ	Sweater	https://cdn.shopify.com/s/files/1/0918/5597/8816/files/dentr_c_82eabee8-eb7e-49ba-a3be-5c3629e91e51.png	https://luonvuituoi.co/products/stop-staring-sweater	2025-11-13
Offer Santa A Beer Sweater	Nghỉ Lễ	Sweater	https://cdn.shopify.com/s/files/1/0918/5597/8816/files/tr_ngtr_c_5d4fecc7-dfdc-43db-8660-6a5a6f0709c9.png	https://luonvuituoi.co/products/offer-santa-a-beer-sweater	2025-11-13
Naughty Claus Sweater	Nghỉ Lễ	Sweater	https://cdn.shopify.com/s/files/1/0918/5597/8816/files/kemtr_c_cdce9ec3-879a-43a3-98aa-85d5f42cf323.png	https://luonvuituoi.co/products/naughty-claus-sweater	2025-11-13
Merry X Mas Sweater	Nghỉ Lễ	Sweater	https://cdn.shopify.com/s/files/1/0918/5597/8816/files/tr_ngtr_c_d1919654-309a-42ba-9c06-8aa87a517b00.png	https://luonvuituoi.co/products/merry-x-mas-sweater	2025-11-13
Merry Titmas Sweater	Nghỉ Lễ	Sweater	https://cdn.shopify.com/s/files/1/0918/5597/8816/files/tr_ngtr_c_dd6ef509-8883-422a-9778-6e49ab04050a.png	https://luonvuituoi.co/products/merry-titmas-sweater	2025-11-13
Merry Crapmas Sweater	Nghỉ Lễ	Sweater	https://cdn.shopify.com/s/files/1/0918/5597/8816/files/tr_ngtr_c_b8a99660-68f2-48bd-9736-dd9ac7ae6eda.png	https://luonvuituoi.co/products/merry-crapmas-sweater	2025-11-13
Merry Catmess Sweater	Nghỉ Lễ	Sweater	https://cdn.shopify.com/s/files/1/0918/5597/8816/files/kemtr_c_adf75f01-813c-47d2-9f6b-e26f8e4c315c.png	https://luonvuituoi.co/products/merry-catmess-sweater	2025-11-13
Jingle My Bells Sweater	Nghỉ Lễ	Sweater	https://cdn.shopify.com/s/files/1/0918/5597/8816/files/densau_dedde871-d61e-4d03-bdd7-f45d9b94df3e.png	https://luonvuituoi.co/products/jingle-my-bells-sweater	2025-11-13
Christmas Spirit Sweater	Nghỉ Lễ	Sweater	https://cdn.shopify.com/s/files/1/0918/5597/8816/files/h_ngtr_c_37d9aacb-59a9-471d-bbe3-15696bdedb96.png	https://luonvuituoi.co/products/christmas-spirit-sweater	2025-11-13
Check Out My Balls Sweater	Nghỉ Lễ	Sweater	https://cdn.shopify.com/s/files/1/0918/5597/8816/files/dentr_c_a2b8a74a-9155-440c-bd03-4b2bb722f0bf.png	https://luonvuituoi.co/products/check-out-my-balls-sweater	2025-11-13
Thể Dục Thể Thao Sweater	Job	Sweater	https://cdn.shopify.com/s/files/1/0918/5597/8816/files/dentr_c_32c515e8-5956-4393-bc2f-b1a0edd697ec.png	https://luonvuituoi.co/products/thể-dục-thể-thao-sweater	2025-11-10
Vẹo Sống Lưng Sweater	Job	Sweater	https://cdn.shopify.com/s/files/1/0918/5597/8816/files/dentr_c_7dfe115b-5fc8-4e4d-9cf4-84c8f26f9b51.png	https://luonvuituoi.co/products/vẹo-sống-lưng-sweater	2025-11-10
Trời Lạnh Tại Đông Sweater	Đũy Mèo	Sweater	https://cdn.shopify.com/s/files/1/0918/5597/8816/files/dentr_c_48381242-8e7f-49c8-9e9a-13eccdce751f.png	https://luonvuituoi.co/products/trời-lạnh-tại-dong-sweater	2025-11-10
Sigma Boy Sweater	Tuyệt Đối Điện Ảnh	Sweater	https://cdn.shopify.com/s/files/1/0918/5597/8816/files/dentr_c_e30f7d99-fb76-4b27-a6d6-80774c1cae68.png	https://luonvuituoi.co/products/sigma-boy-sweater	2025-11-10
Send Nudes Sweater	Trơi Bời	Sweater	https://cdn.shopify.com/s/files/1/0918/5597/8816/files/dentr_c_29a82aaf-4497-4ea7-a1f4-da47c85ed469.png	https://luonvuituoi.co/products/send-nudes-sweater	2025-11-10
Ramen Cat Sweater	Đũy Mèo	Sweater	https://cdn.shopify.com/s/files/1/0918/5597/8816/files/dentr_c_fabbb023-ac21-49af-93ec-b7a49ddefe16.png	https://luonvuituoi.co/products/ramen-cat-sweater	2025-11-10
Pool Hub Sweater	Trơi Bời	Sweater	https://cdn.shopify.com/s/files/1/0918/5597/8816/files/dentr_c_b83a5938-3e58-4f88-92f7-1ab5ef7e5dd1.png	https://luonvuituoi.co/products/pool-hub-sweater	2025-11-10
Ổn Lòi Lìa Sweater	Job	Sweater	https://cdn.shopify.com/s/files/1/0918/5597/8816/files/dentr_c_60c1980b-4c91-4483-ae1a-bc0550166778.png	https://luonvuituoi.co/products/ổn-loi-lia-sweater	2025-11-10
Nước Trong Thì Không Có Cá Sweater	Job	Sweater	https://cdn.shopify.com/s/files/1/0918/5597/8816/files/kemtr_c_cf6d9c23-742b-40a5-984f-ac51c18861da.png	https://luonvuituoi.co/products/nước-trong-thi-khong-co-ca-sweater	2025-11-10
Ngợp Thở Quá Sếp Sweater	Job	Sweater	https://cdn.shopify.com/s/files/1/0918/5597/8816/files/h_ngtr_c_0afd0b9d-52bc-4ad9-8978-d45a802a1147.png	https://luonvuituoi.co/products/ngợp-thở-qua-sếp-sweater	2025-11-10
Ngoạm Đầu Sweater	Đũy Mèo	Sweater	https://cdn.shopify.com/s/files/1/0918/5597/8816/files/h_ngtr_c_6bcce2ee-39f1-4c8d-a82b-991da481e22f.png	https://luonvuituoi.co/products/ngoạm-dầu-sweater	2025-11-10
Nghẹo Mèo Sweater	Đũy Mèo	Sweater	https://cdn.shopify.com/s/files/1/0918/5597/8816/files/xamtr_c_aa2d9371-5b2c-487a-9288-fbb356ce0355.png	https://luonvuituoi.co/products/nghẹo-meo-sweater	2025-11-10
My Girlfriend Sweater	Love Bites	Sweater	https://cdn.shopify.com/s/files/1/0918/5597/8816/files/xamtr_c_11a240ed-3ba7-4db9-a0d3-2fbb435cd616.png	https://luonvuituoi.co/products/my-girlfriend-sweater	2025-11-10
My Boyfriend Sweater	Love Bites	Sweater	https://cdn.shopify.com/s/files/1/0918/5597/8816/files/h_ngtr_c_a4f36cdd-1282-4781-9d00-eb462c433b00.png	https://luonvuituoi.co/products/my-boyfriend-sweater	2025-11-10
Mèo Văng Gốc Sweater	Đũy Mèo	Sweater	https://cdn.shopify.com/s/files/1/0918/5597/8816/files/dentr_c_987b4136-8e0b-4541-a2db-7ce8745ac761.png	https://luonvuituoi.co/products/meo-vang-gốc-sweater	2025-11-10
Mèo Phục Hưng Sweater	Đũy Mèo	Sweater	https://cdn.shopify.com/s/files/1/0918/5597/8816/files/dentr_c_e4a5c899-09dd-4c91-aeb2-83aefdf52253.png	https://luonvuituoi.co/products/meo-phục-hưng-sweater	2025-11-10
Mèo Nhây Sweater	Đũy Mèo	Sweater	https://cdn.shopify.com/s/files/1/0918/5597/8816/files/dentr_c_1dffcbfd-981a-4691-ba0c-1c1840d36abf.png	https://luonvuituoi.co/products/meo-nhay-sweater	2025-11-10
Lười Quá Mèo Sweater	Đũy Mèo	Sweater	https://cdn.shopify.com/s/files/1/0918/5597/8816/files/h_ngtr_c_b6f2ade9-c81e-4467-99cf-921f72a06ca2.png	https://luonvuituoi.co/products/lười-qua-meo-sweater	2025-11-10
Em Yêu Tất Cả Sweater	Love Bites	Sweater	https://cdn.shopify.com/s/files/1/0918/5597/8816/files/h_ngsau_20de8050-6293-42c6-a3ff-b03125ac36f7.png	https://luonvuituoi.co/products/em-yeu-tất-cả-sweater	2025-11-10
Dỗi Vờ Lờ Sweater	Đũy Mèo	Sweater	https://cdn.shopify.com/s/files/1/0918/5597/8816/files/tr_ngtr_c_7cbe994d-c58c-48bf-8519-025295faae86.png	https://luonvuituoi.co/products/dỗi-vờ-lờ-sweater	2025-11-10
Đối Thủ Nặng Ký Sweater	Đũy Mèo	Sweater	https://cdn.shopify.com/s/files/1/0918/5597/8816/files/tr_ngsau_0e553743-9c33-4955-9dfd-8abcf64263c8.png	https://luonvuituoi.co/products/dối-thủ-nặng-ky-sweater	2025-11-10
Đồ Ăn Đâu Sen Sweater	Đũy Mèo	Sweater	https://cdn.shopify.com/s/files/1/0918/5597/8816/files/tr_ngtr_c_4db315bc-309f-4fa1-bf3e-98c4447b8f9f.png	https://luonvuituoi.co/products/dồ-an-dau-sen-sweater	2025-11-10
Dính Quá À Sweater	Trơi Bời	Sweater	https://cdn.shopify.com/s/files/1/0918/5597/8816/files/densau_43c8d6e3-9238-4609-896c-26783481e001.png	https://luonvuituoi.co/products/dinh-qua-a-sweater	2025-11-10
Dáng Xinh Sweater	Nghỉ Lễ	Sweater	https://cdn.shopify.com/s/files/1/0918/5597/8816/files/dentr_c_76e45696-6f70-44f0-bcb8-b5852a54a1ac.png	https://luonvuituoi.co/products/dang-xinh-sweater	2025-11-10
Chủ Nhân Của Bảo Kiếm Sweater	Trơi Bời	Sweater	https://cdn.shopify.com/s/files/1/0918/5597/8816/files/dentr_c_524dfa93-a92e-4021-aad6-29528bd14f99.png	https://luonvuituoi.co/products/chủ-nhan-của-bảo-kiếm-sweater	2025-11-10
Cam Chịu Sweater	Lifey Stuff	Sweater	https://cdn.shopify.com/s/files/1/0918/5597/8816/files/dentr_c_a706745e-3e14-4fe2-8fda-78e32b60854a.png	https://luonvuituoi.co/products/cam-chịu-sweater	2025-11-10
Cái Lề Gì Thốn Sweater	Tuyệt Đối Điện Ảnh	Sweater	https://cdn.shopify.com/s/files/1/0918/5597/8816/files/densau_8e5695cb-faf2-4fdb-9ffa-b52e28d8e68f.png	https://luonvuituoi.co/products/cai-lề-gi-thốn-sweater	2025-11-10
Bí Ngoo Sweater	Nghỉ Lễ	Sweater	https://cdn.shopify.com/s/files/1/0918/5597/8816/files/dentr_c_d58895aa-2d58-46f8-9714-f72332d57265.png	https://luonvuituoi.co/products/bi-ngoo-sweater	2025-11-10
Bạn Là Nhất Sweater	Lifey Stuff	Sweater	https://cdn.shopify.com/s/files/1/0918/5597/8816/files/densau_f0026dab-248a-479a-8e9d-7474f7b8b580.png	https://luonvuituoi.co/products/bạn-la-nhất-sweater	2025-11-10
Anh Yêu Tất Cả Sweater	Love Bites	Sweater	https://cdn.shopify.com/s/files/1/0918/5597/8816/files/densau_4816faec-23ae-4f19-a9aa-82fa40e506e0.png	https://luonvuituoi.co/products/anh-yeu-tất-cả-sweater	2025-11-10
Anh Đại Bảo Kê Sweater	Animal Circus	Sweater	https://cdn.shopify.com/s/files/1/0918/5597/8816/files/dentr_c_82d15532-8517-49b6-af2f-d7eed3081386.png	https://luonvuituoi.co/products/anh-dại-bảo-ke-sweater-1	2025-11-10
Ân Oán Giang Hồ Sweater	Đũy Mèo	Sweater	https://cdn.shopify.com/s/files/1/0918/5597/8816/files/dentr_c_07a9084e-60b9-48b1-b791-ce0a7fe41e69.png	https://luonvuituoi.co/products/an-oan-giang-hồ-sweater	2025-11-10
Ăn Buổi Tối Sweater	Đũy Mèo	Sweater	https://cdn.shopify.com/s/files/1/0918/5597/8816/files/dentr_c_f11dd023-a377-40a8-aa19-be80b9b60aef.png	https://luonvuituoi.co/products/an-buổi-tối-sweater	2025-11-10
Alway Right Sweater	Lifey Stuff	Sweater	https://cdn.shopify.com/s/files/1/0918/5597/8816/files/dentr_c_ec3eecbc-823c-46b6-bda6-65d071b401e0.png	https://luonvuituoi.co/products/alway-right-sweater	2025-11-10
Xạo Hổ Xàm Long Sweater	Lifey Stuff	Sweater	https://cdn.shopify.com/s/files/1/0918/5597/8816/files/dentr_c_027e3872-48db-47a2-838e-030eab311aef.png	https://luonvuituoi.co/products/xạo-hổ-xam-long-sweater	2025-11-08
Việc Nhẹ Volt Cao Sweater	Job	Sweater	https://cdn.shopify.com/s/files/1/0918/5597/8816/files/dentr_c_ab0e5167-a244-453b-8802-221a89393f6d.png	https://luonvuituoi.co/products/việc-nhẹ-volt-cao-sweater	2025-11-08
Trên Răng Dưới Dép Sweater	Lifey Stuff	Sweater	https://cdn.shopify.com/s/files/1/0918/5597/8816/files/dentr_c_ef0c4b71-9b7a-4704-99fb-c1eeb2e1e382.png	https://luonvuituoi.co/products/tren-rang-dưới-dep-sweater	2025-11-08
This Is Fine Sweater	Lifey Stuff	Sweater	https://cdn.shopify.com/s/files/1/0918/5597/8816/files/dentr_c_0085574c-7de8-4e69-a12b-8f988e3c8362.png	https://luonvuituoi.co/products/this-is-fine-sweater	2025-11-08
Sprite Shit Sweater	Lifey Stuff	Sweater	https://cdn.shopify.com/s/files/1/0918/5597/8816/files/tr_ngtr_c_84572710-a350-4abe-b363-76dddcab9f6b.png	https://luonvuituoi.co/products/sprite-shit-sweater	2025-11-08
Snoop Dogg THC Sweater	Trơi Bời	Sweater	https://cdn.shopify.com/s/files/1/0918/5597/8816/files/tr_ngtr_c_466a0e07-7806-487f-aa43-8e68611a2148.png	https://luonvuituoi.co/products/snoop-dogg-thc-sweater	2025-11-08
Nasa Nerd Sweater	Lifey Stuff	Sweater	https://cdn.shopify.com/s/files/1/0918/5597/8816/files/tr_ngtr_c_f78bb265-a060-4337-898f-66299624d0f0.png	https://luonvuituoi.co/products/nasa-nerd-sweater	2025-11-08
Mãi Dell Thành Công Sweater	Job	Sweater	https://cdn.shopify.com/s/files/1/0918/5597/8816/files/tr_ngtr_c_aea5d66a-52bd-4259-a9f0-1e6880d43188.png	https://luonvuituoi.co/products/mai-dell-thanh-cong-sweater	2025-11-08
Mãi Dell Thành Công 2 Sweater	Job	Sweater	https://cdn.shopify.com/s/files/1/0918/5597/8816/files/tr_ngtr_c_0d3820fd-4beb-4029-92d0-6c7064900c46.png	https://luonvuituoi.co/products/mai-dell-thanh-cong-2-sweater	2025-11-08
Lương Cao Thế Sweater	Job	Sweater	https://cdn.shopify.com/s/files/1/0918/5597/8816/files/dentr_c_88c4713a-ecbe-45bf-a24a-c1fe5bac2e9c.png	https://luonvuituoi.co/products/lương-cao-thế-sweater	2025-11-08
If You See Da Police Sweater	Trơi Bời	Sweater	https://cdn.shopify.com/s/files/1/0918/5597/8816/files/dentr_c_b593041c-f0ec-46b5-9b3c-e73457fe1897.png	https://luonvuituoi.co/products/if-you-see-da-police-sweater	2025-11-08
Hot Dog Sweater	Animal Circus	Sweater	https://cdn.shopify.com/s/files/1/0918/5597/8816/files/dentr_c_a941eb75-4a72-47c3-b2b2-5823f72f0b6f.png	https://luonvuituoi.co/products/hot-dog-sweater	2025-11-08
Gét Gô Sweater	Lifey Stuff	Sweater	https://cdn.shopify.com/s/files/1/0918/5597/8816/files/dentr_c_36f0cf15-bbe3-4213-a610-05b63248087e.png	https://luonvuituoi.co/products/get-go-sweater	2025-11-08
Ducking Motherquacker Sweater	Animal Circus	Sweater	https://cdn.shopify.com/s/files/1/0918/5597/8816/files/dentr_c_55fe1675-11c8-4707-afa9-321dffe7bdcd.png	https://luonvuituoi.co/products/ducking-motherquacker-sweater	2025-11-08
Đàn Ông Thanh Toán Sweater	Lifey Stuff	Sweater	https://cdn.shopify.com/s/files/1/0918/5597/8816/files/dentr_c_e716642c-c1e2-468c-8651-d689b8828301.png	https://luonvuituoi.co/products/dan-ong-thanh-toan-sweater	2025-11-08
Công Đức Vô Dụng Sweater	Lifey Stuff	Sweater	https://cdn.shopify.com/s/files/1/0918/5597/8816/files/dentr_c_19f176ff-f22f-47b0-b9f8-0b9c71f5ed45.png	https://luonvuituoi.co/products/cong-dức-vo-dụng-sweater	2025-11-08
Có Không Giữ Sweater	Lifey Stuff	Sweater	https://cdn.shopify.com/s/files/1/0918/5597/8816/files/dentr_c_14a07f2f-11d8-4cf2-ae60-7e6085f0a729.png	https://luonvuituoi.co/products/co-khong-giữ-sweater	2025-11-08
Ai Hỏi Mà Trả Lời Sweater	Lifey Stuff	Sweater	https://cdn.shopify.com/s/files/1/0918/5597/8816/files/dentr_c_a826da77-f80e-40bc-8060-66c301833a03.png	https://luonvuituoi.co/products/ai-hỏi-ma-trả-lời-sweater	2025-11-08
You're Rich Sweater	Vietnamese Culture	Sweater	https://cdn.shopify.com/s/files/1/0918/5597/8816/files/tr_ngsau_4f8c0946-bbb3-446a-9452-6b00f3837cbc.png	https://luonvuituoi.co/products/youre-rich-sweater	2025-11-08
Việt Style Sweater	Vietnamese Culture	Sweater	https://cdn.shopify.com/s/files/1/0918/5597/8816/files/dentr_c_206cfae9-a3a7-4cbe-bc81-6f89ffe6143f.png	https://luonvuituoi.co/products/việt-style-sweater	2025-11-08
Tự Hào Việt Nam Sweater	Vietnamese Culture	Sweater	https://cdn.shopify.com/s/files/1/0918/5597/8816/files/kemtr_c_985f6d9e-0821-4bd2-92fd-770d4da1dca2.png	https://luonvuituoi.co/products/tự-hao-việt-nam-sweater	2025-11-08
Tôi Là Bánh Khúc Sweater	Vietnamese Culture	Sweater	https://cdn.shopify.com/s/files/1/0918/5597/8816/files/kemsau_e4e19a7a-22e7-49d2-9f1d-b487a09bbed7.png	https://luonvuituoi.co/products/toi-la-banh-khuc-sweater	2025-11-08
Tình Iu Vĩnh Cửu Sweater	Love Bites	Sweater	https://cdn.shopify.com/s/files/1/0918/5597/8816/files/kemtr_c_05ff8200-7fc2-4cda-a321-e037456c0329.png	https://luonvuituoi.co/products/tinh-iu-vinh-cửu-sweater	2025-11-08
Tinh Hoa Đất Việt Sweater	Vietnamese Culture	Sweater	https://cdn.shopify.com/s/files/1/0918/5597/8816/files/kemsau_c6aa2c8a-857e-4888-91fd-9b75d30dc678.png	https://luonvuituoi.co/products/tinh-hoa-dất-việt-sweater	2025-11-08
Thợ Hurt Tóc Sweater	Job	Sweater	https://cdn.shopify.com/s/files/1/0918/5597/8816/files/navytr_c_57271f54-ccd0-4ce4-a1a3-fc41fc28c1d3.png	https://luonvuituoi.co/products/thợ-hurt-toc-sweater	2025-11-08
Thế Hệ Cợt Nhả Sweater	Job	Sweater	https://cdn.shopify.com/s/files/1/0918/5597/8816/files/xamtr_c_f79b8ab4-ba8b-4a57-b579-48b31c73a6e7.png	https://luonvuituoi.co/products/thế-hệ-cợt-nhả-sweater	2025-11-08
Tảttoo Ảtist Sweater	Job	Sweater	https://cdn.shopify.com/s/files/1/0918/5597/8816/files/h_ngtr_c_5684f0b0-f3eb-4534-b6a2-939304dbf08c.png	https://luonvuituoi.co/products/tảttoo-ảtist-sweater	2025-11-08
Tảrot Readẻ Sweater	Job	Sweater	https://cdn.shopify.com/s/files/1/0918/5597/8816/files/tr_ngtr_c_a8cbfc51-aa3d-482a-981f-193d56963d90.png	https://luonvuituoi.co/products/tảrot-readẻ-sweater	2025-11-08
Tăng High Tăng Bar Sweater	Job	Sweater	https://cdn.shopify.com/s/files/1/0918/5597/8816/files/dentr_c_6d529375-790b-4556-822f-28169ce8b09d.png	https://luonvuituoi.co/products/tang-high-tang-bar-sweater	2025-11-08
Tán 7 Em Sweater	Love Bites	Sweater	https://cdn.shopify.com/s/files/1/0918/5597/8816/files/kemsau_25904f5a-c7a2-4ff1-add6-6e75027a95e2.png	https://luonvuituoi.co/products/tan-7-em-sweater	2025-11-08
Tấm Chân Tình Sweater	Love Bites	Sweater	https://cdn.shopify.com/s/files/1/0918/5597/8816/files/navysau_0e5ad797-5b38-4bdd-9184-50c811445e7d.png	https://luonvuituoi.co/products/tấm-chan-tinh-sweater	2025-11-08
Studèn Sweater	Job	Sweater	https://cdn.shopify.com/s/files/1/0918/5597/8816/files/kemtr_c_c00bc1ab-eb69-4c43-ae01-383c3ac1b45f.png	https://luonvuituoi.co/products/studen-sweater	2025-11-08
Sông Sâu Tĩnh Lặng Sweater	Job	Sweater	https://cdn.shopify.com/s/files/1/0918/5597/8816/files/xamtr_c_f16af47d-5081-47df-9d31-c0abeaf7b9a3.png	https://luonvuituoi.co/products/song-sau-tinh-lặng-sweater	2025-11-08
Sống Lương Thiện Sweater	Trơi Bời	Sweater	https://cdn.shopify.com/s/files/1/0918/5597/8816/files/xamsau_74a17003-982b-4a67-bb40-045716576873.png	https://luonvuituoi.co/products/sống-lương-thiện-sweater	2025-11-08
Retire My Girl Friend Sweater	Trơi Bời	Sweater	https://cdn.shopify.com/s/files/1/0918/5597/8816/files/h_ngsau_400368bb-ced9-4e0a-8adc-4ddd3035aae3.png	https://luonvuituoi.co/products/retire-my-girl-friend-sweater	2025-11-08
Nobody Care Sweater	Trơi Bời	Sweater	https://cdn.shopify.com/s/files/1/0918/5597/8816/files/h_ngsau_ea8acbbb-272a-46ff-a66b-d13b67f998fc.png	https://luonvuituoi.co/products/nobody-care-sweater	2025-11-08
Nhạc Đến Nhà Sweater	Trơi Bời	Sweater	https://cdn.shopify.com/s/files/1/0918/5597/8816/files/h_ngsau_674a0fbb-68f5-4fb6-a1e0-a2ed5e061f84.png	https://luonvuituoi.co/products/nhạc-dến-nha-sweater	2025-11-08
Người Việt Sweater	Vietnamese Culture	Sweater	https://cdn.shopify.com/s/files/1/0918/5597/8816/files/densau_2b910ad7-40e5-4a2c-970d-55a319016f0e.png	https://luonvuituoi.co/products/người-việt-sweater	2025-11-08
Người Việt Gốc Cây Sweater	Vietnamese Culture	Sweater	https://cdn.shopify.com/s/files/1/0918/5597/8816/files/densau_cf91dc4f-2d08-45b6-b8e6-aebf22b56173.png	https://luonvuituoi.co/products/người-việt-gốc-cay-sweater	2025-11-08
Người Vận Chuyển Sweater	Job	Sweater	https://cdn.shopify.com/s/files/1/0918/5597/8816/files/navytr_c_5f097f1c-b552-49a4-8b47-50fdadc70c8b.png	https://luonvuituoi.co/products/người-vận-chuyển-sweater	2025-11-08
Người Hài Hước Sweater	Job	Sweater	https://cdn.shopify.com/s/files/1/0918/5597/8816/files/tr_ngtr_c_52a7492a-f08f-4849-897b-4c10ccd104bb.png	https://luonvuituoi.co/products/người-hai-hước-sweater	2025-11-08
Người Chơi Đá Sweater	Trơi Bời	Sweater	https://cdn.shopify.com/s/files/1/0918/5597/8816/files/tr_ngsau_2817b22a-b977-44bd-954f-78fb04c356b0.png	https://luonvuituoi.co/products/người-chơi-da-sweater	2025-11-08
Nghề Chọn Người Sweater	Job	Sweater	https://cdn.shopify.com/s/files/1/0918/5597/8816/files/tr_ngtr_c_17b0b2dc-3085-4c5e-9c03-18d32f91526d.png	https://luonvuituoi.co/products/nghề-chọn-người-sweater	2025-11-08
Não Lon Sweater	Fruitland	Sweater	https://cdn.shopify.com/s/files/1/0918/5597/8816/files/h_ngtr_c_1dc48c22-c791-4a1c-988c-35074eb24bd2.png	https://luonvuituoi.co/products/nao-lon-sweater	2025-11-08
My Mom Say No Sweater	Trơi Bời	Sweater	https://cdn.shopify.com/s/files/1/0918/5597/8816/files/kemtr_c_00807730-6d14-4099-8e5d-d6b23b5b4870.png	https://luonvuituoi.co/products/my-mom-say-no-sweater	2025-11-08
Méo Gì Thế Sweater	Đũy Mèo	Sweater	https://cdn.shopify.com/s/files/1/0918/5597/8816/files/dentr_c_9c5eec5b-88e2-4b99-885a-3fd064546815.png	https://luonvuituoi.co/products/meo-gi-thế-sweater	2025-11-08
Make Up Ảtist Sweater	Job	Sweater	https://cdn.shopify.com/s/files/1/0918/5597/8816/files/h_ngtr_c_8e96089f-92f6-4dfe-88a3-34e2d2adf69a.png	https://luonvuituoi.co/products/make-up-ảtist-sweater	2025-11-08
Lửa Thử Vàng Sweater	Job	Sweater	https://cdn.shopify.com/s/files/1/0918/5597/8816/files/dentr_c_6fcd4886-a950-41a2-8184-52063ddf3525.png	https://luonvuituoi.co/products/lửa-thử-vang-sweater	2025-11-08
Lốp Trưởng Sweater	Love Bites	Sweater	https://cdn.shopify.com/s/files/1/0918/5597/8816/files/densau_0bbaaeb9-42f4-4dd8-885a-290c5b9d48d4.png	https://luonvuituoi.co/products/lốp-trưởng-sweater	2025-11-08
Lỡ Quẹt Phải Sweater	Đũy Mèo	Sweater	https://cdn.shopify.com/s/files/1/0918/5597/8816/files/xamtr_c_66e97a93-fd1a-4b25-91df-4ed697968bfa.png	https://luonvuituoi.co/products/lỡ-quẹt-phải-sweater	2025-11-08
Live Fast Sweater	Trơi Bời	Sweater	https://cdn.shopify.com/s/files/1/0918/5597/8816/files/h_ngtr_c_9336cfd2-797c-4687-b606-d5ddd7e09d97.png	https://luonvuituoi.co/products/live-fast-sweater	2025-11-08
Làm Vì Đam Mê Sweater	Job	Sweater	https://cdn.shopify.com/s/files/1/0918/5597/8816/files/dentr_c_f2535ae4-046d-4c4d-bbb6-c6d93573ca9e.png	https://luonvuituoi.co/products/lam-vi-dam-me-sweater	2025-11-08
It's A Burger Sweater	Lifey Stuff	Sweater	https://cdn.shopify.com/s/files/1/0918/5597/8816/files/dentr_c_78463aa0-08bb-48bd-9119-4db39cd16955.png	https://luonvuituoi.co/products/its-a-burger-sweater	2025-11-08
Hẹ Hẹ Hẹ Sweater	Trơi Bời	Sweater	https://cdn.shopify.com/s/files/1/0918/5597/8816/files/tr_ngtr_c_6854b3b1-016f-4d54-92b6-b3a124cba26a.png	https://luonvuituoi.co/products/hẹ-hẹ-hẹ-sweater	2025-11-08
Good In Bed Sweater	Trơi Bời	Sweater	https://cdn.shopify.com/s/files/1/0918/5597/8816/files/navytr_c_959dbc15-8855-41ae-b668-19b92848ac2e.png	https://luonvuituoi.co/products/good-in-bed-sweater	2025-11-08
Gơn Phố Sweater	Trơi Bời	Sweater	https://cdn.shopify.com/s/files/1/0918/5597/8816/files/dentr_c_b199ea95-4c24-4f82-9ac1-068362818912.png	https://luonvuituoi.co/products/gơn-phố-sweater	2025-11-08
Gọi Cho Anh Sweater	Trơi Bời	Sweater	https://cdn.shopify.com/s/files/1/0918/5597/8816/files/densau_b18d75eb-3f44-449c-b5e5-87d2dab57a0b.png	https://luonvuituoi.co/products/gọi-cho-anh-sweater	2025-11-08
Gần Nhạc Thì Dance Sweater	Trơi Bời	Sweater	https://cdn.shopify.com/s/files/1/0918/5597/8816/files/tr_ngsau_32654954-1e67-45a4-8a91-912ad45bbb47.png	https://luonvuituoi.co/products/gần-nhạc-thi-dance-sweater	2025-11-08
Dríver Sweater	Job	Sweater	https://cdn.shopify.com/s/files/1/0918/5597/8816/files/tr_ngtr_c_539c83ec-6a93-4fdb-8ce0-a123ddf4b947.png	https://luonvuituoi.co/products/driver-sweater	2025-11-08
Don't Tell Mama Sweater	Trơi Bời	Sweater	https://cdn.shopify.com/s/files/1/0918/5597/8816/files/tr_ngtr_c_5b19fbe4-0d82-4f80-88b8-5cc0d4b6c2a6.png	https://luonvuituoi.co/products/dont-tell-mama-sweater	2025-11-08
Don't Do Drug Sweater	Trơi Bời	Sweater	https://cdn.shopify.com/s/files/1/0918/5597/8816/files/tr_ngtr_c_b26f650b-1516-46ca-aab5-061e82d0218f.png	https://luonvuituoi.co/products/dont-do-drug-sweater	2025-11-08
Đồng Nghiệp Sweater	Job	Sweater	https://cdn.shopify.com/s/files/1/0918/5597/8816/files/tr_ngtr_c_fb0f1185-5bd5-4bf1-afe4-1578aa21aae5.png	https://luonvuituoi.co/products/dồng-nghiệp-sweater	2025-11-08
Dòng Máu Lạc Hồng Sweater	Vietnamese Culture	Sweater	https://cdn.shopify.com/s/files/1/0918/5597/8816/files/tr_ngtr_c_e5ccca06-4e38-4d5c-9c04-8916fa09f3b5.png	https://luonvuituoi.co/products/dong-mau-lạc-hồng-sweater	2025-11-08
Đổ Tràn Bình Sweater	Trơi Bời	Sweater	https://cdn.shopify.com/s/files/1/0918/5597/8816/files/dentr_c_a578881f-05a5-4837-89f6-b37b8440062c.png	https://luonvuituoi.co/products/dổ-tran-binh-sweater	2025-11-08
Dead Inside Sweater	Trơi Bời	Sweater	https://cdn.shopify.com/s/files/1/0918/5597/8816/files/dentr_c_d03ca41e-d1be-49be-ab17-70e29d1e07c9.png	https://luonvuituoi.co/products/dead-inside-sweater	2025-11-08
Để Cu Toi Yen Sweater	Fruitland	Sweater	https://cdn.shopify.com/s/files/1/0918/5597/8816/files/dentr_c_ed159906-1386-488f-b6af-75d02712b2b2.png	https://luonvuituoi.co/products/dể-cu-toi-yen-sweater	2025-11-08
Đây Là Quả Táo Sweater	Fruitland	Sweater	https://cdn.shopify.com/s/files/1/0918/5597/8816/files/dentr_c_7777e42a-2acf-4ce6-a662-e94707c6c72d.png	https://luonvuituoi.co/products/day-la-quả-tao-sweater	2025-11-08
Dạ Đéo Sweater	Lifey Stuff	Sweater	https://cdn.shopify.com/s/files/1/0918/5597/8816/files/dentr_c_d9851dab-9b82-442d-bd50-0eca7b126ff5.png	https://luonvuituoi.co/products/dạ-deo-sweater	2025-11-08
Cuộc Sống Cô Đơn Sweater	Love Bites	Sweater	https://cdn.shopify.com/s/files/1/0918/5597/8816/files/densau_4db4c3ee-f79f-4143-8836-16a0f1ee85e4.png	https://luonvuituoi.co/products/cuộc-sống-co-dơn-sweater	2025-11-08
Crush Hãm Sweater	Love Bites	Sweater	https://cdn.shopify.com/s/files/1/0918/5597/8816/files/h_ngtr_c_63f8a2e7-c169-48cb-b284-9259b65b8574.png	https://luonvuituoi.co/products/crush-ham-sweater	2025-11-08
Công Thức Tình Iu Sweater	Love Bites	Sweater	https://cdn.shopify.com/s/files/1/0918/5597/8816/files/h_ngsau_ec6f5574-3160-4a27-8ff5-9f01a88e1edf.png	https://luonvuituoi.co/products/cong-thức-tinh-iu-sweater	2025-11-08
Con Bò Tuôi Sweater	Trơi Bời	Sweater	https://cdn.shopify.com/s/files/1/0918/5597/8816/files/tr_ngtr_c_1884ed1c-6106-4d7e-a330-fe288851e05d.png	https://luonvuituoi.co/products/con-bo-tuoi-sweater	2025-11-08
Có Không Sweater	Lifey Stuff	Sweater	https://cdn.shopify.com/s/files/1/0918/5597/8816/files/tr_ngtr_c_5913383c-21e0-49ca-96e1-d1f62abe0c32.png	https://luonvuituoi.co/products/co-khong-sweater	2025-11-08
Chưa Bao Giờ Sweater	Lifey Stuff	Sweater	https://cdn.shopify.com/s/files/1/0918/5597/8816/files/tr_ngtr_c_270a094a-f399-4fd8-9ac4-0253efc404b7.png	https://luonvuituoi.co/products/chưa-bao-giờ-sweater	2025-11-08
Chị Em Mình Hẹ Hẹ Hẹ Sweater	Trơi Bời	Sweater	https://cdn.shopify.com/s/files/1/0918/5597/8816/files/tr_ngtr_c_48b80657-9016-4d10-a700-59fe8435251c.png	https://luonvuituoi.co/products/chị-em-minh-hẹ-hẹ-hẹ-sweater	2025-11-08
Break Her Bed Sweater	Trơi Bời	Sweater	https://cdn.shopify.com/s/files/1/0918/5597/8816/files/dentr_c_aef5b161-34f9-4202-816d-ab343c4b8a36.png	https://luonvuituoi.co/products/break-her-bed-sweater	2025-11-08
Boi Phố Sweater	Love Bites;Trơi Bời	Sweater	https://cdn.shopify.com/s/files/1/0918/5597/8816/files/dentr_c_a6edea03-da4f-4ab3-a694-6ab87a038fb2.png	https://luonvuituoi.co/products/boi-phố-sweater	2025-11-08
Bạn Đang Ngoại Tuyến Sweater	Lifey Stuff	Sweater	https://cdn.shopify.com/s/files/1/0918/5597/8816/files/h_ngtr_c_d83a6913-0f21-4e5d-9488-6750c2bbd9a4.png	https://luonvuituoi.co/products/bạn-dang-ngoại-tuyến-sweater	2025-11-08
Back Fap Bách Trúng Sweater	Trơi Bời	Sweater	https://cdn.shopify.com/s/files/1/0918/5597/8816/files/densau_556c69c7-0c5e-4921-acf6-7553fbb1f687.png	https://luonvuituoi.co/products/back-fap-bach-trung-sweater	2025-11-08
Apple A Day Sweater	Fruitland	Sweater	https://cdn.shopify.com/s/files/1/0918/5597/8816/files/dentr_c_f54d3d99-b343-4aa7-825c-5f2767511ff4.png	https://luonvuituoi.co/products/apple-a-day-sweater	2025-11-08
All You Need Sweater	Trơi Bời	Sweater	https://cdn.shopify.com/s/files/1/0918/5597/8816/files/h_ngtr_c_bed09b44-ec73-44a9-b4a2-b9e84ff5fdec.png	https://luonvuituoi.co/products/all-you-need-sweater	2025-11-08
Mấy Con Chó Phải Trả Cá Sweater	Animal Circus	Sweater	https://cdn.shopify.com/s/files/1/0918/5597/8816/files/dentr_c_2c70527c-a4ed-45a8-8a0e-74bbf73ec65f.png	https://luonvuituoi.co/products/mấy-con-cho-phải-trả-ca-sweater	2025-11-07
Hey Siri Sweater	Love Bites	Sweater	https://cdn.shopify.com/s/files/1/0918/5597/8816/files/swtr_ch_ng_6b01f26a-9d4c-4fff-951a-359ebe74852b.png	https://luonvuituoi.co/products/hey-siri-sweater	2025-11-06
Yêu Một Người Sweater	Trơi Bời	Sweater	https://cdn.shopify.com/s/files/1/0918/5597/8816/files/densau_51e09f45-68a2-4c19-a210-4d7b7a14af1a.png	https://luonvuituoi.co/products/yeu-một-người-sweater	2025-11-05
Xì Ke Sweater	Trơi Bời	Sweater	https://cdn.shopify.com/s/files/1/0918/5597/8816/files/dentr_c_510f1c84-dc31-4c78-ae16-f3ad29a0f997.png	https://luonvuituoi.co/products/xi-ke-sweater	2025-11-05
Vượt Mức Pickleball Sweater	Love Bites	Sweater	https://cdn.shopify.com/s/files/1/0918/5597/8816/files/h_ngtr_c_2559507c-df13-49e1-b2c1-9179404f9b91.png	https://luonvuituoi.co/products/vượt-mức-pickleball-sweater	2025-11-05
Trẻ Không Chơi Sweater	Lifey Stuff;Trơi Bời	Sweater	https://cdn.shopify.com/s/files/1/0918/5597/8816/files/tr_ngsau_e1b60329-55a2-45cc-aa92-0822d42895a6.png	https://luonvuituoi.co/products/trẻ-khong-chơi-sweater	2025-11-05
Trai Đẹp Sweater	Lifey Stuff;Trơi Bời	Sweater	https://cdn.shopify.com/s/files/1/0918/5597/8816/files/tr_ngtr_c_3b161fcc-e080-4b0f-b7a5-56b122efd464.png	https://luonvuituoi.co/products/trai-dẹp-sweater	2025-11-05
Tiệm Tạp Hoá Sweater	Trơi Bời	Sweater	https://cdn.shopify.com/s/files/1/0918/5597/8816/files/tr_ngsau_95173a89-74fb-4d33-a1be-59969715f0ef.png	https://luonvuituoi.co/products/tiệm-tạp-hoa-sweater	2025-11-05
Thợ Săn Tiểu Tiên Nữ Sweater	Trơi Bời	Sweater	https://cdn.shopify.com/s/files/1/0918/5597/8816/files/tr_ngsau_404ea4a3-c34c-40a1-af8c-56450698ca4e.png	https://luonvuituoi.co/products/thợ-san-tiểu-tien-nữ-sweater	2025-11-05
Thợ Săn Thái Tử Sweater	Trơi Bời	Sweater	https://cdn.shopify.com/s/files/1/0918/5597/8816/files/tr_ngsau_7efc0e24-044b-42ee-beaf-6ffe5ca713ce.png	https://luonvuituoi.co/products/thợ-san-thai-tử-sweater	2025-11-05
Thợ Săn Phú Bà Sweater	Trơi Bời	Sweater	https://cdn.shopify.com/s/files/1/0918/5597/8816/files/tr_ngsau_05fd8a30-9820-4487-8589-c86fdc50bedd.png	https://luonvuituoi.co/products/thợ-san-phu-ba-sweater	2025-11-05
Thợ Săn Nhị Lang Thần Sweater	Trơi Bời	Sweater	https://cdn.shopify.com/s/files/1/0918/5597/8816/files/tr_ngsau_3455058c-2422-44dd-817f-f8b524cfec36.png	https://luonvuituoi.co/products/thợ-san-nhị-lang-thần-sweater	2025-11-05
Thợ Săn Ngưu Ma Vương Sweater	Trơi Bời	Sweater	https://cdn.shopify.com/s/files/1/0918/5597/8816/files/tr_ngsau_e9f7a301-3c40-401b-aa0f-a5e34bd351fd.png	https://luonvuituoi.co/products/thợ-san-ngưu-ma-vương-sweater	2025-11-05
Thợ Săn Hồng Hài Nhi Sweater	Trơi Bời	Sweater	https://cdn.shopify.com/s/files/1/0918/5597/8816/files/tr_ngsau_076b0d67-597f-4fa8-a8da-6defd60e12d7.png	https://luonvuituoi.co/products/thợ-san-hồng-hai-nhi-sweater	2025-11-05
Sống Trong Đời Sống Sweater	Lifey Stuff	Sweater	https://cdn.shopify.com/s/files/1/0918/5597/8816/files/tr_ngtr_c_676c631e-2263-49d9-9c50-8e12e9dbee7e.png	https://luonvuituoi.co/products/sống-trong-dời-sống-sweater	2025-11-05
Sai Đẹp Giú Sweater	Love Bites	Sweater	https://cdn.shopify.com/s/files/1/0918/5597/8816/files/tr_ngtr_c_8f6cdb0c-38d9-495c-aa20-55d44d58688f.png	https://luonvuituoi.co/products/sai-dẹp-giu-sweater	2025-11-05
Sai Đẹp Chill Sweater	Love Bites	Sweater	https://cdn.shopify.com/s/files/1/0918/5597/8816/files/tr_ngtr_c_74e2b445-1f16-452b-b7c0-7b09343d99a5.png	https://luonvuituoi.co/products/sai-dẹp-chill-sweater	2025-11-05
Quý Ngài Đậu Má Sweater	Tuyệt Đối Điện Ảnh	Sweater	https://cdn.shopify.com/s/files/1/0918/5597/8816/files/tr_ngtr_c_accfe202-93ae-46c0-9be4-019207ba344c.png	https://luonvuituoi.co/products/quy-ngai-dậu-ma-sweater	2025-11-05
Quên Cái Cần Nhớ Sweater	Trơi Bời;Tuyệt Đối Điện Ảnh	Sweater	https://cdn.shopify.com/s/files/1/0918/5597/8816/files/densau_46f0d6d5-e244-4094-b210-4d90e02fce4c.png	https://luonvuituoi.co/products/quen-cai-cần-nhớ-sweater	2025-11-05
Pussy White Dice Sweater	Trơi Bời	Sweater	https://cdn.shopify.com/s/files/1/0918/5597/8816/files/densau_101cd1b9-0129-4cbc-a73d-8e5b846720c3.png	https://luonvuituoi.co/products/pussy-white-dice-sweater	2025-11-05
Pussy 8 Ball Sweater	Trơi Bời	Sweater	https://cdn.shopify.com/s/files/1/0918/5597/8816/files/densau_a1b4155d-8586-4b94-86aa-6e78ac33d034.png	https://luonvuituoi.co/products/pussy-8-ball-sweater	2025-11-05
Người Chọn Đi Chơi Sweater	Job	Sweater	https://cdn.shopify.com/s/files/1/0918/5597/8816/files/dentr_c_2851b29c-cc8d-4f55-9d91-6e172bc15d35.png	https://luonvuituoi.co/products/người-chọn-di-chơi-sweater	2025-11-05
Người Chơi Hệ Hoả Sweater	Trơi Bời	Sweater	https://cdn.shopify.com/s/files/1/0918/5597/8816/files/kemtr_c_af4bc7b6-535f-4d5b-952c-efebcc8652c7.png	https://luonvuituoi.co/products/người-chơi-hệ-hoả-sweater	2025-11-05
Mình Quay Lại Em Nhé Sweater	Love Bites	Sweater	https://cdn.shopify.com/s/files/1/0918/5597/8816/files/kemtr_c_b039a957-7643-48bb-9439-cb71f90ab3b1.png	https://luonvuituoi.co/products/minh-quay-lại-em-nhe-sweater	2025-11-05
Mình Quay Lại Anh Nhé Sweater	Love Bites	Sweater	https://cdn.shopify.com/s/files/1/0918/5597/8816/files/kemtr_c_e527967c-5ec3-41ec-9f42-6af16fda794f.png	https://luonvuituoi.co/products/minh-quay-lại-anh-nhe-sweater	2025-11-05
Lẩu Cốt Sweater	Lifey Stuff;Trơi Bời	Sweater	https://cdn.shopify.com/s/files/1/0918/5597/8816/files/kemtr_c_e4d3a705-3d22-43f5-b877-326259012452.png	https://luonvuituoi.co/products/lẩu-cốt-sweater	2025-11-05
Lái Bia Rượu Sweater	Lifey Stuff	Sweater	https://cdn.shopify.com/s/files/1/0918/5597/8816/files/dentr_c_b28a9611-e43c-4193-bfd0-60ec43bb94ab.png	https://luonvuituoi.co/products/lai-bia-rượu-sweater	2025-11-05
Là Sao Sweater	Lifey Stuff	Sweater	https://cdn.shopify.com/s/files/1/0918/5597/8816/files/densau_d42b20f9-6f92-4184-8156-0e4160967d0d.png	https://luonvuituoi.co/products/la-sao-sweater	2025-11-05
Không Tin Đàn Ông Sweater	Love Bites	Sweater	https://cdn.shopify.com/s/files/1/0918/5597/8816/files/h_ngsau_fd10abff-746f-4bff-ba86-05a809dfb30e.png	https://luonvuituoi.co/products/khong-tin-dan-ong-sweater	2025-11-05
Không Tin Đàn Bà Sweater	Love Bites	Sweater	https://cdn.shopify.com/s/files/1/0918/5597/8816/files/densau_f66dd081-3386-45e1-b40c-92ad1b2676d9.png	https://luonvuituoi.co/products/khong-tin-dan-ba-sweater	2025-11-05
Giao Hưởng Tân Thời Sweater	Băng Đĩa Hải Ngoại	Sweater	https://cdn.shopify.com/s/files/1/0918/5597/8816/files/dentr_c_72b3fc05-facf-42b1-a326-8201d2c02ed1.png	https://luonvuituoi.co/products/giao-hưởng-tan-thời-sweater	2025-11-05
Gái Đẹp Sweater	Trơi Bời	Sweater	https://cdn.shopify.com/s/files/1/0918/5597/8816/files/h_ngtr_c_3871d48d-d4e3-456c-b748-9482f8e7379f.png	https://luonvuituoi.co/products/gai-dẹp-sweater	2025-11-05
Final Pr Sweater	Job	Sweater	https://cdn.shopify.com/s/files/1/0918/5597/8816/files/kemtr_c_8932fbb2-c586-404c-b834-5be70f6fc262.png	https://luonvuituoi.co/products/final-pr-sweater	2025-11-05
Final Photoshop Sweater	Job	Sweater	https://cdn.shopify.com/s/files/1/0918/5597/8816/files/h_ngtr_c_abb991b5-f47a-42d8-a3a7-129a2c2b1ba6.png	https://luonvuituoi.co/products/final-photoshop-sweater	2025-11-05
Final Ai Sweater	Job	Sweater	https://cdn.shopify.com/s/files/1/0918/5597/8816/files/dentr_c_7d885541-0297-4912-9c1a-8ef0d04ab95f.png	https://luonvuituoi.co/products/final-ai-sweater	2025-11-05
Final Ae Sweater	Job	Sweater	https://cdn.shopify.com/s/files/1/0918/5597/8816/files/tr_ngtr_c_03556ade-4a99-4d48-93ea-b458426a2269.png	https://luonvuituoi.co/products/final-ae-sweater	2025-11-05
Đường Đua Tốn Gái Sweater	Trơi Bời	Sweater	https://cdn.shopify.com/s/files/1/0918/5597/8816/files/tr_ngsau_80b111ce-56a6-4345-b54d-44310aa02ba1.png	https://luonvuituoi.co/products/dường-dua-tốn-gai-sweater	2025-11-05
Của Ít Lòng Vòng Sweater	Lifey Stuff	Sweater	https://cdn.shopify.com/s/files/1/0918/5597/8816/files/tr_ngsau_5442306a-e421-4f58-852d-06792407c171.png	https://luonvuituoi.co/products/của-it-long-vong-sweater	2025-11-05
Cứ Chan Đê Sweater	Trơi Bời	Sweater	https://cdn.shopify.com/s/files/1/0918/5597/8816/files/tr_ngtr_c_05a2385e-4c7d-43a7-b914-1e153cb534bf.png	https://luonvuituoi.co/products/cứ-chan-de-sweater	2025-11-05
Chúc Bạn Mất Trinh Sweater	Trơi Bời	Sweater	https://cdn.shopify.com/s/files/1/0918/5597/8816/files/densau_52a14366-fe04-424a-9269-e060f615da9b.png	https://luonvuituoi.co/products/chuc-bạn-mất-trinh-sweater	2025-11-05
Bản Đôn Chề Sweater	Trơi Bời	Sweater	https://cdn.shopify.com/s/files/1/0918/5597/8816/files/densau_a2ad9d14-bce6-41db-8b1c-253789d90963.png	https://luonvuituoi.co/products/bản-don-chề-sweater	2025-11-05
Ba Lên Xe Tay Ga Sweater	Trơi Bời	Sweater	https://cdn.shopify.com/s/files/1/0918/5597/8816/files/dentr_c_a62d6b4f-fedb-45cb-8da4-4856675f639d.png	https://luonvuituoi.co/products/ba-len-xe-tay-ga-sweater	2025-11-05
Áp Bồ Sweater	Lifey Stuff	Sweater	https://cdn.shopify.com/s/files/1/0918/5597/8816/files/dentr_c_fb3b8d53-21a2-4663-a2d2-d64a2fafc8c6.png	https://luonvuituoi.co/products/ap-bồ-sweater	2025-11-05
Meme Cat Hết Cứu Sweater	Animal Circus;Đũy Mèo	Sweater	https://cdn.shopify.com/s/files/1/0918/5597/8816/files/dentr_c_4e940b27-f344-43c3-9838-c3b02d0a0730.png	https://luonvuituoi.co/products/meme-cat-hết-cứu-sweater	2025-11-05
Xin Lỗi Được Chưa Sweater	Animal Circus;Đũy Mèo	Sweater	https://cdn.shopify.com/s/files/1/0918/5597/8816/files/dentr_c_6dc2a61b-32b0-48cd-9cc5-f5ba6ba70e0e.png	https://luonvuituoi.co/products/xin-lỗi-dược-chưa-sweater	2025-11-05
Công Chúa Bong Bóng Sweater	Trơi Bời	Sweater	https://cdn.shopify.com/s/files/1/0918/5597/8816/files/dentr_c_6dd7b3d3-299d-4c88-bd22-67de4beb0a3e.png	https://luonvuituoi.co/products/cong-chua-bong-bong-sweater	2025-11-05
Hoàn Hảo Sweater	Lifey Stuff	Sweater	https://cdn.shopify.com/s/files/1/0918/5597/8816/files/dentr_c_b48432d6-4af8-4124-887e-c80b0341091b.png	https://luonvuituoi.co/products/hoan-hảo-sweater	2025-11-05
Tuổi Trẻ Xài Hao Sweater	Trơi Bời;Đũy Mèo	Sweater	https://cdn.shopify.com/s/files/1/0918/5597/8816/files/densau_46ebd008-fb10-488f-95a4-a35640de68e6.png	https://luonvuituoi.co/products/tuổi-trẻ-xai-hao-sweater	2025-11-05
I Do What I Want Sweater	Animal Circus;Đũy Mèo	Sweater	https://cdn.shopify.com/s/files/1/0918/5597/8816/files/dentr_c_44051c66-e551-4691-b0f7-aba65a290700.png	https://luonvuituoi.co/products/i-do-what-i-want-sweater-1	2025-11-04
Xuống Làm Gì Sweater	Trơi Bời	Sweater	https://cdn.shopify.com/s/files/1/0918/5597/8816/files/densau_3073f42b-e7a8-4a03-b299-56a885d6fea0.png	https://luonvuituoi.co/products/xuống-lam-gi-sweater	2025-11-05
Xin Lỗi Bạn Đã Bị Con Mèo Sweater	Animal Circus;Đũy Mèo	Sweater	https://cdn.shopify.com/s/files/1/0918/5597/8816/files/densau_06d15332-2ce9-4931-9770-bc3298c5c93f.png	https://luonvuituoi.co/products/xin-lỗi-bạn-da-bị-con-meo-sweater	2025-11-05
Không Sợ Kẻ Địch Mạnh Sweater	Trơi Bời	Sweater	https://cdn.shopify.com/s/files/1/0918/5597/8816/files/densau_23fe4d67-f3a5-4225-bb0e-d01c0f847e91.png	https://luonvuituoi.co/products/khong-sợ-kẻ-dịch-mạnh-sweater	2025-11-05
Xì Gà Nhỏ Sau Giới Tính Sweater	Băng Đĩa Hải Ngoại	Sweater	https://cdn.shopify.com/s/files/1/0918/5597/8816/files/dentr_c_1fb45179-f3ac-4f00-a0d9-d15850c85099.png	https://luonvuituoi.co/products/xi-ga-nhỏ-sau-giới-tinh-sweater	2025-11-05
Whatever Kitty Wants Sweater	Animal Circus;Đũy Mèo	Sweater	https://cdn.shopify.com/s/files/1/0918/5597/8816/files/navysau_fd6edf4e-2f05-4702-ba37-731d55b64603.png	https://luonvuituoi.co/products/whatever-kitty-wants-sweater	2025-11-05
Cat With Flower Sweater	Animal Circus;Đũy Mèo	Sweater	https://cdn.shopify.com/s/files/1/0918/5597/8816/files/dentr_c_5e9ad93e-136e-43d8-aa32-362db16641f2.png	https://luonvuituoi.co/products/cat-with-flower-sweater	2025-11-05
Việt Nam Ăn Vặt Sweater	Vietnamese Culture	Sweater	https://cdn.shopify.com/s/files/1/0918/5597/8816/files/dentr_c_92a74793-5706-4b54-a286-1b54fe5e0a32.png	https://luonvuituoi.co/products/việt-nam-an-vặt-sweater	2025-11-05
Meme Cat Cái Gì Sweater	Animal Circus;Đũy Mèo	Sweater	https://cdn.shopify.com/s/files/1/0918/5597/8816/files/dentr_c_0f8a7498-f3a1-4f76-9a98-79c113576854.png	https://luonvuituoi.co/products/meme-cat-cai-gi-sweater	2025-11-05
Việt Nam Ăn Trưa Sweater	Vietnamese Culture	Sweater	https://cdn.shopify.com/s/files/1/0918/5597/8816/files/dentr_c_95e83512-6eaf-45a7-9079-f8a14c2dc756.png	https://luonvuituoi.co/products/việt-nam-an-trưa-sweater	2025-11-05
Vắt Cực Khô Sweater	Trơi Bời	Sweater	https://cdn.shopify.com/s/files/1/0918/5597/8816/files/dentr_c_25aaef94-50b5-40cf-8813-57a945f159e3.png	https://luonvuituoi.co/products/vắt-cực-kho-sweater	2025-11-05
Bạn Bảnh Trai Sweater	Lifey Stuff	Sweater	https://cdn.shopify.com/s/files/1/0918/5597/8816/files/tr_ngtr_c_d50da037-4102-48fe-8042-6d545ed133e4.png	https://luonvuituoi.co/products/bạn-bảnh-trai-sweater	2025-11-05
Tuấn Cùi Sweater	Băng Đĩa Hải Ngoại	Sweater	https://cdn.shopify.com/s/files/1/0918/5597/8816/files/dentr_c_535945e7-22a3-44d9-95b6-8a6b83440875.png	https://luonvuituoi.co/products/tuấn-cui-sweater	2025-11-05
Mỹ Nữ Bầy Hầy Sweater	Animal Circus;Đũy Mèo	Sweater	https://cdn.shopify.com/s/files/1/0918/5597/8816/files/dentr_c_55eb9d33-3577-4947-9d2e-5c6fda0c49fc.png	https://luonvuituoi.co/products/mỹ-nữ-bầy-hầy-sweater	2025-11-05
Meme Tổng Tài Sweater	Animal Circus	Sweater	https://cdn.shopify.com/s/files/1/0918/5597/8816/files/tr_ngtr_c_515962ef-eb0f-4c57-96ff-7b7b0a97cd69.png	https://luonvuituoi.co/products/meme-tổng-tai-sweater	2025-11-05
Trying To Get Sweater	Animal Circus;Đũy Mèo	Sweater	https://cdn.shopify.com/s/files/1/0918/5597/8816/files/tr_ngsau_2759fcbf-e052-44ac-b69c-ed4415b0016b.png	https://luonvuituoi.co/products/trying-to-get-sweater	2025-11-05
Còn Cái Nịt Sweater	Trơi Bời;Lifey Stuff	Sweater	https://cdn.shopify.com/s/files/1/0918/5597/8816/files/densau_b10e9c1d-6e37-4add-9e7f-ce393e8fc617.png	https://luonvuituoi.co/products/con-cai-nịt-sweater-1	2025-11-03
Trẻ Người Non Stop 2 Sweater	Trơi Bời	Sweater	https://cdn.shopify.com/s/files/1/0918/5597/8816/files/tr_ngsau_388fa979-980e-4b4e-932e-e102f5695df7.png	https://luonvuituoi.co/products/trẻ-người-non-stop-2-sweater	2025-11-05
Trai Tài Gái Xỉu 2 Sweater	Trơi Bời	Sweater	https://cdn.shopify.com/s/files/1/0918/5597/8816/files/tr_ngsau_39ad91fe-1afa-492d-8c75-b3e378f853ba.png	https://luonvuituoi.co/products/trai-tai-gai-xỉu-2-sweater	2025-11-05
Trai Dân Tổ Sweater	Trơi Bời	Sweater	https://cdn.shopify.com/s/files/1/0918/5597/8816/files/tr_ngtr_c_4a3c5217-d47a-42e8-89c1-6d95efd3bb5c.png	https://luonvuituoi.co/products/trai-dan-tổ-sweater	2025-11-05
Trust Me I'm A Dogtor Sweater	Animal Circus	Sweater	https://cdn.shopify.com/s/files/1/0918/5597/8816/files/tr_ngtr_c_dedd2f86-339a-4749-bc1b-58b8becc6a34.png	https://luonvuituoi.co/products/trust-me-im-a-dogtor-sweater	2025-11-05
Duma Sweater	Animal Circus;Đũy Mèo	Sweater	https://cdn.shopify.com/s/files/1/0918/5597/8816/files/xamtieunh_ttr_c_fb1ed325-8be5-4f3c-b6f9-c27b53248824.png	https://luonvuituoi.co/products/duma-sweater	2025-11-05
DUCK TRÍ Sweater	Animal Circus	Sweater	https://cdn.shopify.com/s/files/1/0918/5597/8816/files/xamtieunh_ttr_c_edbf055a-ef70-4601-950c-f28146e88874.png	https://luonvuituoi.co/products/duck-tri-sweater	2025-11-05
Trà Vinh Cốt Sweater	Băng Đĩa Hải Ngoại	Sweater	https://cdn.shopify.com/s/files/1/0918/5597/8816/files/dentr_c_89297893-cd6a-4182-a031-0852eeaae584.png	https://luonvuituoi.co/products/tra-vinh-cốt-sweater	2025-11-05
Tốt Hơn Gọi Sáu Sweater	Tuyệt Đối Điện Ảnh	Sweater	https://cdn.shopify.com/s/files/1/0918/5597/8816/files/dentr_c_53b7fd5a-c8c6-4b61-abc6-66a314643bec.png	https://luonvuituoi.co/products/tốt-hơn-gọi-sau-sweater	2025-11-05
Sói Cô Độc Sweater	Animal Circus	Sweater	https://cdn.shopify.com/s/files/1/0918/5597/8816/files/dentr_c_87d5c6ab-b920-4c8e-8185-5514ca89806f.png	https://luonvuituoi.co/products/soi-co-dộc-sweater-1	2025-10-28
Tiệm Gà 2 Anh Em Sweater	Tuyệt Đối Điện Ảnh	Sweater	https://cdn.shopify.com/s/files/1/0918/5597/8816/files/tr_ngtr_c_93238cf0-b1c0-43c2-8ce9-eae01340c3c0.png	https://luonvuituoi.co/products/tiệm-ga-2-anh-em-sweater	2025-11-05
Don't Duck With Me Sweater	Animal Circus	Sweater	https://cdn.shopify.com/s/files/1/0918/5597/8816/files/densau_db09acd7-b431-45cf-90a6-3abfd7969e5d.png	https://luonvuituoi.co/products/dont-duck-with-me-sweater	2025-11-05
Single By Choice Sweater	Trơi Bời	Sweater	https://cdn.shopify.com/s/files/1/0918/5597/8816/files/densau_76ad0ea4-4e02-4fc4-9ee3-96ff98377a7d.png	https://luonvuituoi.co/products/single-by-choice-sweater	2025-11-05
Thấy Lỗ Là Bắn Sweater	Trơi Bời	Sweater	https://cdn.shopify.com/s/files/1/0918/5597/8816/files/densau_cea337f3-0e2e-4a0f-ae5c-31d3783315bf.png	https://luonvuituoi.co/products/thấy-lỗ-la-bắn-sweater	2025-11-05
Bật Sếp Tanh Tách Sweater	Job	Sweater	https://cdn.shopify.com/s/files/1/0918/5597/8816/files/tr_ngsau_59d9f28b-557b-49f6-8af2-4b610f54c0e4.png	https://luonvuituoi.co/products/bật-sếp-tanh-tach-sweater	2025-11-05
Purrvana Sweater	Animal Circus;Đũy Mèo	Sweater	https://cdn.shopify.com/s/files/1/0918/5597/8816/files/dentr_c_3befec95-658a-4fe8-98c6-1c51824dc77e.png	https://luonvuituoi.co/products/purrvana-sweater	2025-11-05
Phá Vỡ Tệ Sweater	Tuyệt Đối Điện Ảnh	Sweater	https://cdn.shopify.com/s/files/1/0918/5597/8816/files/dentr_c_28b915cb-22b7-441f-a2f7-f1e35263cdf7.png	https://luonvuituoi.co/products/pha-vỡ-tệ-sweater	2025-11-05
Certified Lover Boy Sweater	Trơi Bời	Sweater	https://cdn.shopify.com/s/files/1/0918/5597/8816/files/densau_8e527c7b-16ec-4f78-bb47-2ebe70fed40d.png	https://luonvuituoi.co/products/certified-lover-boy-sweater	2025-11-05
Not A Morning Purrrson Sweater	Animal Circus;Đũy Mèo	Sweater	https://cdn.shopify.com/s/files/1/0918/5597/8816/files/h_ngtr_c_8346f0b1-25b9-44ba-be47-58b7846f8394.png	https://luonvuituoi.co/products/not-a-morning-purrrson-sweater	2025-11-05
Stylist Sweater	Job	Sweater	https://cdn.shopify.com/s/files/1/0918/5597/8816/files/kemtr_c_b67ef2d4-41c4-47c1-af4b-aed6e6a308d5.png	https://luonvuituoi.co/products/stylist-sweater	2025-11-05
Người Việt Bay Sweater	Trơi Bời	Sweater	https://cdn.shopify.com/s/files/1/0918/5597/8816/files/densau_e9faf3fe-b030-42f2-9bcb-944a163f5b65.png	https://luonvuituoi.co/products/người-việt-bay-sweater	2025-11-05
Lawyer Sweater	Job	Sweater	https://cdn.shopify.com/s/files/1/0918/5597/8816/files/xamtieunh_ttr_c_a92a70d5-d0cd-4d20-a55a-a3e1c90a6b68.png	https://luonvuituoi.co/products/lawyer-sweater	2025-11-05
Người Ngoài Hành Lang Sweater	Trơi Bời	Sweater	https://cdn.shopify.com/s/files/1/0918/5597/8816/files/dentr_c_1c4b9d6c-a7b6-4928-9343-ec8fce6488e6.png	https://luonvuituoi.co/products/người-ngoai-hanh-lang-sweater	2025-11-05
Kiến Trúc Sư Sweater	Job	Sweater	https://cdn.shopify.com/s/files/1/0918/5597/8816/files/xamtieunh_ttr_c_9f5df7f0-b769-4396-8b95-e7ccfac0f2a8.png	https://luonvuituoi.co/products/kiến-truc-sư-sweater	2025-11-05
HR Sweater	Job	Sweater	https://cdn.shopify.com/s/files/1/0918/5597/8816/files/xamtieunh_ttr_c_63440d15-fd6c-48ed-bb38-992e9d0902b3.png	https://luonvuituoi.co/products/hr-sweater	2025-11-05
Mèo Moon Sweater	Animal Circus;Đũy Mèo	Sweater	https://cdn.shopify.com/s/files/1/0918/5597/8816/files/dentr_c_ef00fd4b-5238-4fbd-a523-6b7c47f45fb5.png	https://luonvuituoi.co/products/meo-moon-sweater	2025-11-05
Florist Sweater	Job	Sweater	https://cdn.shopify.com/s/files/1/0918/5597/8816/files/dentr_c_53357494-f9f6-4b90-8b92-ef04d546b091.png	https://luonvuituoi.co/products/florist-sweater	2025-11-05
Mai Tài Sơn Sweater	Tuyệt Đối Điện Ảnh	Sweater	https://cdn.shopify.com/s/files/1/0918/5597/8816/files/dentr_c_ac0e2a34-e9c3-4860-a4a5-acf70fe57c3e.png	https://luonvuituoi.co/products/mai-tai-sơn-sweater	2025-11-05
Lương 5 Triệu Sweater	Job	Sweater	https://cdn.shopify.com/s/files/1/0918/5597/8816/files/tr_ngtr_c_f53c40d4-e281-4f59-b7c7-f5a4e0206c8d.png	https://luonvuituoi.co/products/lương-5-triệu-sweater	2025-11-05
EM SI Sweater	Job	Sweater	https://cdn.shopify.com/s/files/1/0918/5597/8816/files/tr_ngtr_c_38a0d499-25c6-4e89-80ac-3d88fbc52014.png	https://luonvuituoi.co/products/em-si-sweater	2025-11-05
CSKH Sweater	Job	Sweater	https://cdn.shopify.com/s/files/1/0918/5597/8816/files/tr_ngtr_c_1e7a155a-710f-42d2-95a4-8171f00b6be9.png	https://luonvuituoi.co/products/cskh-sweater	2025-11-05
Luôn Là Người May Mắn Sweater	Trơi Bời	Sweater	https://cdn.shopify.com/s/files/1/0918/5597/8816/files/tr_ngtr_c_53ce13a6-ea30-4ae1-8d9d-78ab0b1d2e6a.png	https://luonvuituoi.co/products/luon-la-người-may-mắn-sweater	2025-11-05
Singer Sweater	Job	Sweater	https://cdn.shopify.com/s/files/1/0918/5597/8816/files/h_ngtr_c_c47a5c92-a7cf-45cc-a4aa-96753cfd23bf.png	https://luonvuituoi.co/products/singer-sweater	2025-11-05
Saler Sweater	Job	Sweater	https://cdn.shopify.com/s/files/1/0918/5597/8816/files/h_ngtr_c_5fe46220-ec5e-48e1-aa01-90ab24b95121.png	https://luonvuituoi.co/products/saler-sweater	2025-11-05
Makeup Artist Sweater	Job	Sweater	https://cdn.shopify.com/s/files/1/0918/5597/8816/files/kemtr_c_41874b5b-347c-4c7c-8295-b8bc4e0b4b98.png	https://luonvuituoi.co/products/makeup-artist-sweater	2025-11-05
Hair Stylist Sweater	Job	Sweater	https://cdn.shopify.com/s/files/1/0918/5597/8816/files/kemtr_c_d94487c2-c4fd-4302-b3e9-d514bc0784f9.png	https://luonvuituoi.co/products/hair-stylist-sweater	2025-11-05
Freelancer Sweater	Job	Sweater	https://cdn.shopify.com/s/files/1/0918/5597/8816/files/kemtr_c_cd29fdbc-5ae5-4533-a70e-d2198ae03738.png	https://luonvuituoi.co/products/freelancer-sweater	2025-11-05
Dentist Sweater	Job	Sweater	https://cdn.shopify.com/s/files/1/0918/5597/8816/files/tr_ngtr_c_9c0639a8-101a-4708-b40f-7839f9837531.png	https://luonvuituoi.co/products/dentist-sweater	2025-11-05
Tâm Con Không Ác Sweater	Trơi Bời	Sweater	https://cdn.shopify.com/s/files/1/0918/5597/8816/files/densau_682301da-4e70-412d-85db-89bf43eb4935.png	https://luonvuituoi.co/products/tam-con-khong-ac-sweater	2025-11-05
Dị Ứng Với Hải Sản Sweater	Love Bites	Sweater	https://cdn.shopify.com/s/files/1/0918/5597/8816/files/densau_bd9e16f2-c1d9-4cc0-8939-6c2003466053.png	https://luonvuituoi.co/products/dị-ứng-với-hải-sản-sweater	2025-11-05
Life's Hard Sweater	Trơi Bời	Sweater	https://cdn.shopify.com/s/files/1/0918/5597/8816/files/tr_ngtr_c_c432ec8c-3441-48f9-a0c1-4e8abef1cd82.png	https://luonvuituoi.co/products/lifes-hard-sweater	2025-11-04
LGBT Sweater	Trơi Bời	Sweater	https://cdn.shopify.com/s/files/1/0918/5597/8816/files/dentr_c_11ea21e1-6613-4725-858f-036e760ad3d8.png	https://luonvuituoi.co/products/lgbt-sweater	2025-11-04
Kiếp Làm Sen Sweater	Animal Circus;Đũy Mèo	Sweater	https://cdn.shopify.com/s/files/1/0918/5597/8816/files/dentr_c_555614b3-1247-4521-9739-ac7bce8cbf0b.png	https://luonvuituoi.co/products/kiếp-lam-sen-sweater	2025-11-04
I Hate People Sweater	Animal Circus;Đũy Mèo	Sweater	https://cdn.shopify.com/s/files/1/0918/5597/8816/files/dentr_c_2608cca1-621c-4313-b774-20a45994aff1.png	https://luonvuituoi.co/products/i-hate-people-sweater	2025-11-04
I Don't Know I Don't Care Sweater	Animal Circus;Đũy Mèo	Sweater	https://cdn.shopify.com/s/files/1/0918/5597/8816/files/dentr_c_47c4b042-1ab5-4aca-a020-fdb7dfbd8255.png	https://luonvuituoi.co/products/i-dont-know-i-dont-care-sweater	2025-11-04
Hắc Hường Sweater	Băng Đĩa Hải Ngoại	Sweater	https://cdn.shopify.com/s/files/1/0918/5597/8816/files/dentr_c_77d9b102-a079-4fa9-b978-237d9c74a405.png	https://luonvuituoi.co/products/hắc-hường-sweater	2025-11-04
Gần Nhạc Thì Dance Trump Sweater	Trơi Bời	Sweater	https://cdn.shopify.com/s/files/1/0918/5597/8816/files/tr_ngsau_3be8cf61-bd9f-4c89-bb51-02b5b1a8a0da.png	https://luonvuituoi.co/products/gần-nhạc-thi-dance-trump-sweater	2025-11-04
Fusion Sweater	Animal Circus;Đũy Mèo	Sweater	https://cdn.shopify.com/s/files/1/0918/5597/8816/files/dentr_c_a45a8857-a746-4cd1-b35e-121ec2305840.png	https://luonvuituoi.co/products/fusion-sweater	2025-11-04
Final Lightroom Sweater	Job	Sweater	https://cdn.shopify.com/s/files/1/0918/5597/8816/files/dentr_c_820ef35a-f94a-4bf2-bfd5-e1c1c5d31c01.png	https://luonvuituoi.co/products/final-lightroom-sweater	2025-11-04
Đứng Núi Này Trông Núi Nọ Sweater	Trơi Bời	Sweater	https://cdn.shopify.com/s/files/1/0918/5597/8816/files/tr_ngtr_c_4beac6fd-425b-4532-a122-3d76f333c3e5.png	https://luonvuituoi.co/products/dứng-nui-nay-trong-nui-nọ-sweater	2025-11-04
Meme Chú Vịt Yes It's Monday Sweater	Job	Sweater	https://cdn.shopify.com/s/files/1/0918/5597/8816/files/navytr_c_43ceb779-f2be-42fc-b370-41f8440c20f5.png	https://luonvuituoi.co/products/meme-chu-vịt-yes-its-monday-sweater	2025-11-04
Meme Chú Vịt Xin Đừng Làm Phiền Sweater	Job	Sweater	https://cdn.shopify.com/s/files/1/0918/5597/8816/files/kemtr_c_dc63f352-eca6-4947-9910-331df0383739.png	https://luonvuituoi.co/products/meme-chu-vịt-xin-dừng-lam-phiền-sweater	2025-11-04
Meme Chú Vịt Muốn Nghỉ Làm Sweater	Job	Sweater	https://cdn.shopify.com/s/files/1/0918/5597/8816/files/dentr_c_48f532d1-2150-46b5-831d-03503c7bce58.png	https://luonvuituoi.co/products/meme-chu-vịt-muốn-nghỉ-lam-sweater	2025-11-04
Meme Chú Vịt Ham Sống Sợ Stress Sweater	Job	Sweater	https://cdn.shopify.com/s/files/1/0918/5597/8816/files/dentr_c_2f758ff4-efac-4107-bbf3-839f9cf20c36.png	https://luonvuituoi.co/products/meme-chu-vịt-ham-sống-sợ-stress-sweater	2025-11-04
Meme Chú Vịt Cuộc Sống Hối Hả Sweater	Job	Sweater	https://cdn.shopify.com/s/files/1/0918/5597/8816/files/navytr_c_7aa92932-eaf3-4d19-8646-28aa95addb7d.png	https://luonvuituoi.co/products/meme-chu-vịt-cuộc-sống-hối-hả-sweater	2025-11-04
Meme Chú Vịt Cột Sống Bất Ổn Sweater	Job	Sweater	https://cdn.shopify.com/s/files/1/0918/5597/8816/files/dentr_c_b6cd0f7b-23fb-4b72-afb4-3d01e74cc7a3.png	https://luonvuituoi.co/products/meme-chu-vịt-cột-sống-bất-ổn-sweater	2025-11-04
Đứng Núi Này Trông Núi Nọ 2 Sweater	Trơi Bời	Sweater	https://cdn.shopify.com/s/files/1/0918/5597/8816/files/dentr_c_68789ba1-5c59-4f30-92fa-996ffb8f14d3.png	https://luonvuituoi.co/products/dứng-nui-nay-trong-nui-nọ-2-sweater	2025-11-03
Đói Quá Ò Sweater	Animal Circus;Đũy Mèo	Sweater	https://cdn.shopify.com/s/files/1/0918/5597/8816/files/dentr_c_b2a68114-7804-4126-898b-301677897c3c.png	https://luonvuituoi.co/products/doi-qua-o-sweater	2025-11-03
Đôi Ghệ Da Trắng Sweater	Tuyệt Đối Điện Ảnh	Sweater	https://cdn.shopify.com/s/files/1/0918/5597/8816/files/tr_ngsau_356f5967-2a8c-4c0f-96fa-3a4f65e4da83.png	https://luonvuituoi.co/products/doi-ghệ-da-trắng-sweater	2025-11-03
Dân Chơi Sweater	Trơi Bời	Sweater	https://cdn.shopify.com/s/files/1/0918/5597/8816/files/tr_ngsau_a06e3a3e-a5e6-48dd-9692-34bfc173acd4.png	https://luonvuituoi.co/products/dan-chơi-sweater-1	2025-10-31
CLGT Sweater	Trơi Bời	Sweater	https://cdn.shopify.com/s/files/1/0918/5597/8816/files/tr_ngtr_c_21b00496-5411-46fe-aece-b41ab2f67145.png	https://luonvuituoi.co/products/clgt-sweater	2025-11-03
CLB Tẩm Quất Sweater	Tuyệt Đối Điện Ảnh	Sweater	https://cdn.shopify.com/s/files/1/0918/5597/8816/files/dentr_c_7a3caddc-d1ee-4f89-bb8d-1c585416528b.png	https://luonvuituoi.co/products/clb-tẩm-quất-sweater	2025-11-03
Chú Chuột Đầu Bết Sweater	Tuyệt Đối Điện Ảnh	Sweater	https://cdn.shopify.com/s/files/1/0918/5597/8816/files/tr_ngsau_ed44141f-666e-4df1-b560-7a7a3c13a18c.png	https://luonvuituoi.co/products/chu-chuột-dầu-bết-sweater	2025-11-03
Chín Bỏ Vào Mồm Sweater	Lifey Stuff	Sweater	https://cdn.shopify.com/s/files/1/0918/5597/8816/files/dentr_c_4a823aa4-8d47-4099-ade0-343f286a7a98.png	https://luonvuituoi.co/products/chin-bỏ-vao-mồm-sweater	2025-11-03
Câu Chuyện Chơi Đồ Sweater	Tuyệt Đối Điện Ảnh	Sweater	https://cdn.shopify.com/s/files/1/0918/5597/8816/files/dentr_c_3b4dc6cd-8d1b-4ca0-9cb3-9fb819f1c353.png	https://luonvuituoi.co/products/cau-chuyện-chơi-dồ-sweater	2025-11-03
BDSM Sweater	Trơi Bời	Sweater	https://cdn.shopify.com/s/files/1/0918/5597/8816/files/dentr_c_bfd08cd0-35dd-4e5f-a05e-0a1762e1b9f8.png	https://luonvuituoi.co/products/bdsm-sweater	2025-11-03
Bật Chế Độ Bay Lên Sweater	Trơi Bời	Sweater	https://cdn.shopify.com/s/files/1/0918/5597/8816/files/dentr_c_a5b7605f-ba18-4775-9627-e7cad603f897.png	https://luonvuituoi.co/products/bật-chế-dộ-bay-len-sweater	2025-11-03
Another Fcking Day Sweater	Animal Circus;Đũy Mèo	Sweater	https://cdn.shopify.com/s/files/1/0918/5597/8816/files/dentr_c_750ab4f0-e963-48fc-b323-92ef819d2223.png	https://luonvuituoi.co/products/another-fcking-day-sweater	2025-11-03
Anh Long Sweater	Băng Đĩa Hải Ngoại	Sweater	https://cdn.shopify.com/s/files/1/0918/5597/8816/files/dentr_c_bcbb2125-b2ff-4f8f-bf38-c7502bd1b1a8.png	https://luonvuituoi.co/products/anh-long-sweater	2025-11-03
Xíu Mại Sweater	Vietnamese Culture	Sweater	https://cdn.shopify.com/s/files/1/0918/5597/8816/files/kemtr_c_997bb441-26e4-484a-984d-8dcfd28ead4d.png	https://luonvuituoi.co/products/xiu-mại-sweater	2025-11-03
Vải Lon Sweater	Vietnamese Culture	Sweater	https://cdn.shopify.com/s/files/1/0918/5597/8816/files/dentr_c_7a3288e4-214c-4b0d-82e1-f1e94f4b4951.png	https://luonvuituoi.co/products/vải-lon-sweater	2025-11-03
Quả Báo Sweater	Fruitland	Sweater	https://cdn.shopify.com/s/files/1/0918/5597/8816/files/dentr_c_4aa8ba0e-2544-4856-8d81-38aefa699da4.png	https://luonvuituoi.co/products/quả-bao-sweater	2025-11-03
Hảo Hán Sweater	Vietnamese Culture	Sweater	https://cdn.shopify.com/s/files/1/0918/5597/8816/files/dentr_c_51ca2b13-93f6-4705-a4ed-d533282f66fc.png	https://luonvuituoi.co/products/hảo-han-sweater	2025-11-03
Cơm Vợ Nấu Sweater	Vietnamese Culture	Sweater	https://cdn.shopify.com/s/files/1/0918/5597/8816/files/dentr_c_18d940ca-3060-4a18-8f65-aafbc4ca8752.png	https://luonvuituoi.co/products/cơm-vợ-nấu-sweater	2025-11-03
Cơm Nhà Sweater	Vietnamese Culture	Sweater	https://cdn.shopify.com/s/files/1/0918/5597/8816/files/dentr_c_df201e5e-3cd6-4efa-823f-a25a16cca9eb.png	https://luonvuituoi.co/products/cơm-nha-sweater	2025-11-03
Cơm Mẹ Nấu Sweater	Vietnamese Culture	Sweater	https://cdn.shopify.com/s/files/1/0918/5597/8816/files/dentr_c_5fc4f5db-e65a-4df5-8419-3dc5afc87c3c.png	https://luonvuituoi.co/products/cơm-mẹ-nấu-sweater	2025-11-03
Bánh Mỳ Cay Sweater	Vietnamese Culture	Sweater	https://cdn.shopify.com/s/files/1/0918/5597/8816/files/kemtr_c_d597c7e7-fa58-49b6-9a40-4399f5eaa8ad.png	https://luonvuituoi.co/products/banh-mỳ-cay-sweater	2025-11-03
Người Lào Sweater	Job	Sweater	https://cdn.shopify.com/s/files/1/0918/5597/8816/files/tr_ngtr_c_2a50062a-83bf-4459-8f50-5b81bde7b0b6.png	https://luonvuituoi.co/products/người-lao-sweater	2025-11-03
Người Giàu Sweater	Job	Sweater	https://cdn.shopify.com/s/files/1/0918/5597/8816/files/tr_ngtr_c_748f43d5-8fa9-4a14-9fa5-e2437657f56c.png	https://luonvuituoi.co/products/người-giau-sweater	2025-11-03
Chó Là Bạn Không Phải Tôi Sweater	Animal Circus	Sweater	https://cdn.shopify.com/s/files/1/0918/5597/8816/files/densau_5a1afc00-d9e4-4571-9344-b55d29c9716e.png	https://luonvuituoi.co/products/cho-la-bạn-khong-phải-toi-sweater	2025-10-31
Meme Cat Huh Sweater	Animal Circus;Đũy Mèo	Sweater	https://cdn.shopify.com/s/files/1/0918/5597/8816/files/dentr_c_ad4ccf39-a607-445e-a750-261e74cdf4fe.png	https://luonvuituoi.co/products/meme-cat-huh-sweater	2025-10-31
Con Mèo Điên Đầu Sweater	Animal Circus;Đũy Mèo	Sweater	https://cdn.shopify.com/s/files/1/0918/5597/8816/files/dentr_c_4576945a-9621-4e18-8490-139ed4dded77.png	https://luonvuituoi.co/products/con-meo-dien-dầu-sweater	2025-10-31
Mập Rõ Chứ Không Mập Mờ Sweater	Animal Circus;Đũy Mèo	Sweater	https://cdn.shopify.com/s/files/1/0918/5597/8816/files/dentr_c_fcba02f1-1c29-4943-aa3c-81c3d2c118ba.png	https://luonvuituoi.co/products/mập-ro-chứ-khong-mập-mờ-sweater	2025-10-31
Chị Ngã Em Nâng Sweater	Animal Circus;Đũy Mèo	Sweater	https://cdn.shopify.com/s/files/1/0918/5597/8816/files/dentr_c_7c94cb5c-9fa0-4a6f-99cd-694e9eb633dc.png	https://luonvuituoi.co/products/chị-nga-em-nang-sweater	2025-10-31
Meosw Gì Cũng Tao Sweater	Animal Circus;Đũy Mèo	Sweater	https://cdn.shopify.com/s/files/1/0918/5597/8816/files/kemtr_c_76f28ff6-e9d3-41f0-9c7c-996e880879b9.png	https://luonvuituoi.co/products/im-not-antisocial-sweater-1	2025-10-31
Cột Sống Văn Phòng Sweater	Job	Sweater	https://cdn.shopify.com/s/files/1/0918/5597/8816/files/Sweaterdensau_0b740fac-8aba-4889-a9c4-cf6aad55c2cc.png	https://luonvuituoi.co/products/cột-sống-van-phong-sweater-1	2025-10-31
Cột Sống Sinh Viên Sweater	Job	Sweater	https://cdn.shopify.com/s/files/1/0918/5597/8816/files/Sweaterkemsau_5c66d704-6acd-4565-9856-ff25ee1c0329.png	https://luonvuituoi.co/products/cột-sống-sinh-vien-sweater	2025-10-31
Cột Sống Editor Sweater	Job	Sweater	https://cdn.shopify.com/s/files/1/0918/5597/8816/files/Sweatertr_ngsau_574725c0-4bc8-42fd-99b5-51b5b520cd33.png	https://luonvuituoi.co/products/cột-sống-editor-sweater	2025-10-31
Cột Sống Designer Sweater	Job	Sweater	https://cdn.shopify.com/s/files/1/0918/5597/8816/files/Sweaterdensau.png	https://luonvuituoi.co/products/cột-sống-designer-sweater	2025-10-31
I'm Not Antisocial Sweater	Animal Circus;Đũy Mèo	Sweater	https://cdn.shopify.com/s/files/1/0918/5597/8816/files/tr_ckem.png	https://luonvuituoi.co/products/im-not-antisocial-sweater	2025-10-29
Nguyễn Hoà Bình Sweater	Tuyệt Đối Điện Ảnh	Sweater	https://cdn.shopify.com/s/files/1/0918/5597/8816/files/tr_ngtr_c_c715761d-0249-4694-b7f0-47d4217b8439.png	https://luonvuituoi.co/products/nguyễn-hoa-binh-sweater	2025-10-28
Người Nhà Đất Sweater	Tuyệt Đối Điện Ảnh	Sweater	https://cdn.shopify.com/s/files/1/0918/5597/8816/files/tr_ngtr_c_904bf1fd-6113-46aa-a8f5-a9694c829ddb.png	https://luonvuituoi.co/products/người-nha-dất-sweater	2025-10-28
Năm Đêm Nhà Diddy Sweater	Tuyệt Đối Điện Ảnh	Sweater	https://cdn.shopify.com/s/files/1/0918/5597/8816/files/dentr_c_5c77de52-afde-4a7f-a3fb-6acee29f7460.png	https://luonvuituoi.co/products/nam-dem-nha-diddy-sweater	2025-10-28
Mewing Not Meowing Sweater	Đũy Mèo	Sweater	https://cdn.shopify.com/s/files/1/0918/5597/8816/files/dentr_c_3c5986cb-4282-4c55-93d2-547207818df9.png	https://luonvuituoi.co/products/mewing-not-meowing-sweater	2025-10-28
Lộn Cái Bàn Sweater	Đũy Mèo	Sweater	https://cdn.shopify.com/s/files/1/0918/5597/8816/files/dentr_c_88b102b0-92db-48ca-928a-c73a21843893.png	https://luonvuituoi.co/products/lộn-cai-ban-sweater	2025-10-28
Hiệp Sĩ Mặt Nạ Sếch Sweater	Tuyệt Đối Điện Ảnh	Sweater	https://cdn.shopify.com/s/files/1/0918/5597/8816/files/dentr_c_0e5018ba-16f2-4b98-98da-57dcf22cccae.png	https://luonvuituoi.co/products/hiệp-si-mặt-nạ-sếch-sweater	2025-10-28
Chuẩn Bị Gầy Sweater	Lifey Stuff;Love Bites	Sweater	https://cdn.shopify.com/s/files/1/0918/5597/8816/files/tr_ngtr_c_60f14a9a-2083-489d-9174-a4ce2aa479f4.png	https://luonvuituoi.co/products/chuẩn-bị-gầy-sweater	2025-10-28
Wet Ass Pussy Sweater	Lifey Stuff	Sweater	https://cdn.shopify.com/s/files/1/0918/5597/8816/files/h_ngtr_c_b61e96f7-0b0b-4b90-bd20-8ad8cfbdb1a3.png	https://luonvuituoi.co/products/wet-ass-pussy-sweater	2025-10-28
Wah Deadline Sweater	Job	Sweater	https://cdn.shopify.com/s/files/1/0918/5597/8816/files/dentr_c_45682bb2-0c8d-4424-9636-6a214ac98369.png	https://luonvuituoi.co/products/wah-deadline-sweater	2025-10-28
Vịt Quay Parking Sweater	Lifey Stuff	Sweater	https://cdn.shopify.com/s/files/1/0918/5597/8816/files/dentr_c_67a6dd8f-0bf8-45f1-a016-c9a4402751d3.png	https://luonvuituoi.co/products/vịt-quay-parking-sweater	2025-10-28
Tuyệt Vời Sweater	Lifey Stuff	Sweater	https://cdn.shopify.com/s/files/1/0918/5597/8816/files/h_ngtr_c_9be65a22-f6ae-4b85-9fba-df8f7399226c.png	https://luonvuituoi.co/products/tuyệt-vời-sweater	2025-10-28
Từ Lớp 1 Đến Lớp You Sweater	Love Bites	Sweater	https://cdn.shopify.com/s/files/1/0918/5597/8816/files/h_ngtr_c_875c1c56-8f76-4413-ba9b-058cd904cb5d.png	https://luonvuituoi.co/products/từ-lớp-1-dến-lớp-you-sweater	2025-10-28
Trẻ Người Nonstop Sweater	Trơi Bời	Sweater	https://cdn.shopify.com/s/files/1/0918/5597/8816/files/tr_ngsau_af0db8a2-e42e-4eef-aadd-89fb867905df.png	https://luonvuituoi.co/products/trẻ-người-nonstop-sweater	2025-10-28
Sờ Kết Sweater	Lifey Stuff	Sweater	https://cdn.shopify.com/s/files/1/0918/5597/8816/files/dentr_c_517e8892-2923-44a7-afc2-551e47cd178b.png	https://luonvuituoi.co/products/sờ-kết-sweater	2025-10-28
Sick My Duck Sweater	Lifey Stuff;Love Bites	Sweater	https://cdn.shopify.com/s/files/1/0918/5597/8816/files/dentr_c_3363eaab-de82-40b9-b33f-e742b1eb5a4e.png	https://luonvuituoi.co/products/sick-my-duck-sweater	2025-10-28
Si Tình Sweater	Lifey Stuff;Love Bites	Sweater	https://cdn.shopify.com/s/files/1/0918/5597/8816/files/tr_ngtr_c_6b4a41b3-b8f7-431a-b72c-f30ebc3d312c.png	https://luonvuituoi.co/products/si-tinh-sweater	2025-10-28
Only Fans Sweater	Lifey Stuff;Trơi Bời	Sweater	https://cdn.shopify.com/s/files/1/0918/5597/8816/files/tr_ngtr_c_75656367-dc46-424d-8a94-61140682cac6.png	https://luonvuituoi.co/products/only-fans-sweater	2025-10-28
Không Phải Bàn Sweater	Lifey Stuff	Sweater	https://cdn.shopify.com/s/files/1/0918/5597/8816/files/dentr_c_c1ec24bb-ea23-46d8-9ae7-3a1a35e19320.png	https://luonvuituoi.co/products/khong-phải-ban-sweater	2025-10-28
Kẻ Nhận Sét Sweater	Lifey Stuff	Sweater	https://cdn.shopify.com/s/files/1/0918/5597/8816/files/navytr_c_38b4cf79-3f57-4b3f-9cff-3fb2282413a3.png	https://luonvuituoi.co/products/kẻ-nhận-set-sweater	2025-10-28
I Love You Từ Bé Sweater	Lifey Stuff;Love Bites	Sweater	https://cdn.shopify.com/s/files/1/0918/5597/8816/files/tr_ngtr_c_d0181ccc-4585-4078-bf91-153df4fd402a.png	https://luonvuituoi.co/products/i-love-you-từ-be-sweater	2025-10-28
SỐNG NAY STRESS MAI Sweater	Lifey Stuff	Sweater	https://cdn.shopify.com/s/files/1/0918/5597/8816/files/swkemtr_c.png	https://luonvuituoi.co/products/sống-nay-stress-mai-sweater	2025-10-28
Hong Bé Ơi Sweater	Lifey Stuff;Tuyệt Đối Điện Ảnh	Sweater	https://cdn.shopify.com/s/files/1/0918/5597/8816/files/dentr_c_1f6a8869-2637-45b9-ae89-c7cd35a8ffad.png	https://luonvuituoi.co/products/hong-be-ơi-sweater	2025-10-28
Hoa Mắt Sweater	Lifey Stuff	Sweater	https://cdn.shopify.com/s/files/1/0918/5597/8816/files/tr_ngsau_512ab1f2-da1b-4a70-94c5-779e2b6c974d.png	https://luonvuituoi.co/products/hoa-mắt-sweater	2025-10-28
Harry Smoker Sweater	Tuyệt Đối Điện Ảnh	Sweater	https://cdn.shopify.com/s/files/1/0918/5597/8816/files/dentr_c_b10d5d79-428d-4cab-a499-f4d33a133ae2.png	https://luonvuituoi.co/products/harry-smoker-sweater	2025-10-28
Check Var Sweater	Lifey Stuff	Sweater	https://cdn.shopify.com/s/files/1/0918/5597/8816/files/dentr_c_574c7d20-5d95-4b2f-91e0-b1f0f3535b37.png	https://luonvuituoi.co/products/check-var-sweater	2025-10-28
Big Dick King Sweater	Lifey Stuff	Sweater	https://cdn.shopify.com/s/files/1/0918/5597/8816/files/dentr_c_4bcdc23f-72e8-43c4-b64b-bfa3ee7565a4.png	https://luonvuituoi.co/products/big-dick-king-sweater	2025-10-28
In My Mind Sweater	Lifey Stuff	Sweater	https://cdn.shopify.com/s/files/1/0918/5597/8816/files/swtr_ckem_c75f166f-174b-4de5-96f0-f94e0f6a82d6.png	https://luonvuituoi.co/products/in-my-mind-sweater	2025-10-28
Cat Company Sweater	Lifey Stuff	Sweater	https://cdn.shopify.com/s/files/1/0918/5597/8816/files/swccxam_6bdc191a-2337-425a-9fae-2e1230df90af.png	https://luonvuituoi.co/products/cat-company-sweater	2025-10-28
Free & Available Sweater	Lifey Stuff	Sweater	https://cdn.shopify.com/s/files/1/0918/5597/8816/files/swtr_cxam_973892c7-e562-42c4-a860-08b72c9c3d17.png	https://luonvuituoi.co/products/free-available-sweater	2025-10-28
I Dunno, Man Sweater	Đũy Mèo	Sweater	https://cdn.shopify.com/s/files/1/0918/5597/8816/files/swtr_cxam_d0838a8b-b295-48d1-8c46-373f980836b3.png	https://luonvuituoi.co/products/i-dunno-man-sweater	2025-10-28
Mắc Tè Sweater	Lifey Stuff	Sweater	https://cdn.shopify.com/s/files/1/0918/5597/8816/files/swtr_ch_ng_5f151515-d44b-4765-8b5b-5852b83bdfa3.png	https://luonvuituoi.co/products/mắc-te-sweater	2025-10-28
Trạng Thái Của Tôi Lúc Này Sweater	Lifey Stuff	Sweater	https://cdn.shopify.com/s/files/1/0918/5597/8816/files/swtr_cden_ffecd4f2-49d6-4832-b16a-df0c50c9f6d4.png	https://luonvuituoi.co/products/trạng-thai-của-toi-luc-nay-sweater	2025-10-28
Bắn Lỗ Nào Cũng Trúng Sweater	Trơi Bời	Sweater	https://cdn.shopify.com/s/files/1/0918/5597/8816/files/dentr_c_3ce054f7-18a3-4d3a-bcf5-92995c0b137f.png	https://luonvuituoi.co/products/bắn-lỗ-nao-cung-trung-sweater	2025-10-28
Đẹp Điên Sweater	Lifey Stuff	Sweater	https://cdn.shopify.com/s/files/1/0918/5597/8816/files/dentr_c_a33c8509-b29a-4359-9bd3-b982c5752154.png	https://luonvuituoi.co/products/dẹp-dien-sweater	2025-10-28
Thích sờ Mèo Sweater	Animal Circus;Đũy Mèo	Sweater	https://cdn.shopify.com/s/files/1/0918/5597/8816/files/kemtr_c_a220fec5-2797-41f8-b159-5da83139c2a8.png	https://luonvuituoi.co/products/thich-sờ-meo-sweater	2025-10-28
UFO Cat ZEP ZEP ZEP Sweater	Animal Circus;Đũy Mèo	Sweater	https://cdn.shopify.com/s/files/1/0918/5597/8816/files/dentr_c_3fe1fd05-1d1d-4f02-afd1-d0098bda64f2.png	https://luonvuituoi.co/products/ufo-cat-zep-zep-zep-sweater	2025-10-28
UFO Singer Cat Sweater	Animal Circus;Đũy Mèo	Sweater	https://cdn.shopify.com/s/files/1/0918/5597/8816/files/dentr_c_f63506aa-67ca-4ad8-a017-6ac99c3101be.png	https://luonvuituoi.co/products/ufo-singer-cat-sweater	2025-10-28
UFO SOS Meow Sweater	Animal Circus;Đũy Mèo	Sweater	https://cdn.shopify.com/s/files/1/0918/5597/8816/files/dentr_c_455b3c43-8560-4eec-a978-be00705e60f1.png	https://luonvuituoi.co/products/ufo-sos-meow-sweater	2025-10-28
Don't Think About Tomorrow Sweater	Lifey Stuff	Sweater	https://cdn.shopify.com/s/files/1/0918/5597/8816/files/swtr_ch_ng_811ce829-bebc-432c-8464-8c9ad0d0349e.png	https://luonvuituoi.co/products/dont-think-about-tomorrow-sweater	2025-10-28
Meo Meo Map To Touch Sweater	Đũy Mèo	Sweater	https://cdn.shopify.com/s/files/1/0918/5597/8816/files/swtr_cxam_7ba13a9e-3d7d-4093-80b4-982a078b6d23.png	https://luonvuituoi.co/products/meo-meo-map-to-touch-sweater	2025-10-28
UFO Mèo Hú Hồn Sweater	Animal Circus;Đũy Mèo	Sweater	https://cdn.shopify.com/s/files/1/0918/5597/8816/files/dentr_c_0399a1cb-1166-4975-afb0-37b24c61e2fa.png	https://luonvuituoi.co/products/ufo-meo-hu-hồn-sweater	2025-10-28
UFO Meo Meo Sweater	Animal Circus;Đũy Mèo	Sweater	https://cdn.shopify.com/s/files/1/0918/5597/8816/files/dentr_c_b8d432cf-4ddf-40f9-a7b9-1edd42f607ec.png	https://luonvuituoi.co/products/ufo-meo-meo-sweater	2025-10-28
What a beautiful day! Sweater	Đũy Mèo	Sweater	https://cdn.shopify.com/s/files/1/0918/5597/8816/files/swtr_ckem_29eff95f-686d-4165-93c1-1c9d276ae096.png	https://luonvuituoi.co/products/what-a-beautiful-day-sweater	2025-10-28
Hãy Để Củ Tỏi Yên Sweater	Fruitland	Sweater	https://cdn.shopify.com/s/files/1/0918/5597/8816/files/dentr_c_681eed8a-5595-4aff-984e-d7b2a5ba0092.png	https://luonvuituoi.co/products/hay-dể-củ-tỏi-yen-sweater	2025-10-28
All I Need to Know about Life Sweater	Đũy Mèo	Sweater	https://cdn.shopify.com/s/files/1/0918/5597/8816/files/swtr_ckem_114fabd9-289d-4afe-a9e6-df8a3f03f1df.png	https://luonvuituoi.co/products/all-i-need-to-know-about-life-sweater	2025-10-28
Cu Toi Rat Ngon Sweater	Fruitland	Sweater	https://cdn.shopify.com/s/files/1/0918/5597/8816/files/dentr_c_99281641-9f2f-4a06-8e90-1c5ee5ccda8f.png	https://luonvuituoi.co/products/cu-toi-rat-ngon-sweater	2025-10-28
Cat Will Save The World Sweater	Đũy Mèo	Sweater	https://cdn.shopify.com/s/files/1/0918/5597/8816/files/swtr_ckem_2336d24b-f7f6-4733-9e9b-7be960565edc.png	https://luonvuituoi.co/products/cat-will-save-the-world-sweater	2025-10-28
Lỗ Nào Cũng Bắn Sweater	Trơi Bời	Sweater	https://cdn.shopify.com/s/files/1/0918/5597/8816/files/densau_8b32e962-aed8-4bff-b0c6-e97611e2b731.png	https://luonvuituoi.co/products/lỗ-nao-cung-bắn-sweater	2025-10-28
Anh Là Kẻ May Mắn Sweater	Trơi Bời	Sweater	https://cdn.shopify.com/s/files/1/0918/5597/8816/files/densau_5e1463ce-f38b-4846-bc6b-36e07d88cbe1.png	https://luonvuituoi.co/products/anh-la-kẻ-may-mắn-sweater	2025-10-28
Liễu Yếu Đào To Sweater	Fruitland	Sweater	https://cdn.shopify.com/s/files/1/0918/5597/8816/files/dentr_c_05485b06-76b3-4418-bd69-984039bb0c47.png	https://luonvuituoi.co/products/liễu-yếu-dao-to-sweater	2025-10-28
Vui Lòng Không Dẫm Lên Trái Tym Sweater	Lifey Stuff	Sweater	https://cdn.shopify.com/s/files/1/0918/5597/8816/files/swtr_ch_ng_7470bd34-a172-43e0-b5d2-8bf25899430f.png	https://luonvuituoi.co/products/vui-long-khong-dẫm-len-trai-tym-sweater	2025-10-28
Bạn Đã Bị Mèo Ám Sweater	Animal Circus;Đũy Mèo	Sweater	https://cdn.shopify.com/s/files/1/0918/5597/8816/files/dentr_c_7c6752de-62d2-48b3-9dc4-4c7f7429e4c5.png	https://luonvuituoi.co/products/bạn-da-bị-meo-am-sweater	2025-10-28
Trời Đánh Tránh Người Xink Sweater	Lifey Stuff	Sweater	https://cdn.shopify.com/s/files/1/0918/5597/8816/files/swtr_ch_ng_86ec172e-266f-407a-86cd-f812039d6287.png	https://luonvuituoi.co/products/trời-danh-tranh-người-xink-sweater	2025-10-28
Dân Tổ Việt - Nơi Tình Yêu Bốc Đầu Sweater	Trơi Bời	Sweater	https://cdn.shopify.com/s/files/1/0918/5597/8816/files/densau_ba6230ab-4061-4bfe-991e-25bf6ef4d399.png	https://luonvuituoi.co/products/dan-tổ-việt-nơi-tinh-yeu-bốc-dầu-sweater	2025-10-28
Người Vô Dụng Sweater	Job	Sweater	https://cdn.shopify.com/s/files/1/0918/5597/8816/files/swtr_ctr_ng_d449783e-de3c-4a2c-a237-c7eedb5a9c53.png	https://luonvuituoi.co/products/người-vo-dụng-sweater	2025-10-28
Ủa em Sweater	Job	Sweater	https://cdn.shopify.com/s/files/1/0918/5597/8816/files/swtr_ch_ng_8eb0b2d1-1dff-472d-905e-9479735a00d8.png	https://luonvuituoi.co/products/ủa-em-sweater	2025-10-28
Đẹp Gái Làm Ơn Đừng Có Buồn Sweater	Lifey Stuff	Sweater	https://cdn.shopify.com/s/files/1/0918/5597/8816/files/swtr_cnavy_a1e8c24d-2477-4c07-9934-cd4cd842fe9d.png	https://luonvuituoi.co/products/dẹp-gai-lam-ơn-dừng-co-buồn-sweater	2025-10-28
Đẹp Gái Làm Ơn Đừng Có Khùng Sweater	Lifey Stuff	Sweater	https://cdn.shopify.com/s/files/1/0918/5597/8816/files/swtr_ch_ng_f1f88aab-6f13-4959-9ef4-1e260c286cdc.png	https://luonvuituoi.co/products/dẹp-gai-lam-ơn-dừng-co-khung-sweater	2025-10-28
Cocai Concec Sweater	Lifey Stuff	Sweater	https://cdn.shopify.com/s/files/1/0918/5597/8816/files/dentr_c_56e7f425-abc4-4ab3-8fc9-eb59fc0277ea.png	https://luonvuituoi.co/products/cocai-concec-sweater	2025-10-28
Thế Cơ À Cat Sweater	Animal Circus;Đũy Mèo	Sweater	https://cdn.shopify.com/s/files/1/0918/5597/8816/files/kemtr_c_eceaf359-1528-470f-b1c8-3c1fe722a144.png	https://luonvuituoi.co/products/thế-cơ-a-cat-sweater	2025-10-28
Retro Cat Y2K Sweater	Animal Circus;Đũy Mèo	Sweater	https://cdn.shopify.com/s/files/1/0918/5597/8816/files/dentr_c_3f1e9f35-9c0a-4840-a80f-53d9db0e7e4c.png	https://luonvuituoi.co/products/retro-cat-y2k-sweater	2025-10-28
Chó Săn Mồi Sweater	Animal Circus	Sweater	https://cdn.shopify.com/s/files/1/0918/5597/8816/files/swtr_ch_ng_912c361e-6c7f-4d31-aca6-37d9b9a5b633.png	https://luonvuituoi.co/products/cho-san-mồi-sweater	2025-10-28
Paw Cat Sweater	Animal Circus;Đũy Mèo	Sweater	https://cdn.shopify.com/s/files/1/0918/5597/8816/files/dentr_c_d98e0b86-b71c-497e-b738-7863a589723f.png	https://luonvuituoi.co/products/paw-cat-sweater	2025-10-28
Don't Panic It's Organic Cat Sweater	Animal Circus;Đũy Mèo	Sweater	https://cdn.shopify.com/s/files/1/0918/5597/8816/files/dentr_c_2befc020-bf3e-43d3-86a0-5cb9cc11adb3.png	https://luonvuituoi.co/products/dont-panic-its-organic-cat-sweater	2025-10-28
Xà Bông Sweater	Animal Circus	Sweater	https://cdn.shopify.com/s/files/1/0918/5597/8816/files/swtr_cden_a1d82f37-77b0-46f7-854a-b01fc89c3b46.png	https://luonvuituoi.co/products/xa-bong-sweater	2025-10-28
Cool Cat Sweater	Animal Circus;Đũy Mèo	Sweater	https://cdn.shopify.com/s/files/1/0918/5597/8816/files/dentr_c_f7a28d0c-350e-40dd-8d65-2a8db192e356.png	https://luonvuituoi.co/products/cool-cat-sweater	2025-10-28
Xà Quần Sweater	Animal Circus	Sweater	https://cdn.shopify.com/s/files/1/0918/5597/8816/files/swtr_ch_ng_bb252f07-6206-4c9e-b93c-434eb4284b6e.png	https://luonvuituoi.co/products/xa-quần-sweater	2025-10-28
Ciga Cat Sweater	Animal Circus;Đũy Mèo	Sweater	https://cdn.shopify.com/s/files/1/0918/5597/8816/files/xamtieunh_ttr_c_f4a8b4dc-100d-4889-8151-e8ed3e073459.png	https://luonvuituoi.co/products/ciga-cat-sweater	2025-10-28
Thơm&Ngon Sweater	Lifey Stuff	Sweater	https://cdn.shopify.com/s/files/1/0918/5597/8816/files/swtr_ch_ng_7d5ac0d5-f2d1-4cc9-9924-e9fbf115d112.png	https://luonvuituoi.co/products/thơm-ngon-sweater	2025-10-28
Bunny cat Sweater	Animal Circus;Đũy Mèo	Sweater	https://cdn.shopify.com/s/files/1/0918/5597/8816/files/xamtieunh_ttr_c_09e9e3dd-e2f7-46da-97a7-6110d174d89f.png	https://luonvuituoi.co/products/bunny-cat-sweater	2025-10-28
Pizza Sweater	Lifey Stuff	Sweater	https://cdn.shopify.com/s/files/1/0918/5597/8816/files/swtr_ch_ng_c1090984-5896-4c72-b302-fc56248c5a58.png	https://luonvuituoi.co/products/pizza-sweater	2025-10-28
Hết Tiền Sweater	Trơi Bời	Sweater	https://cdn.shopify.com/s/files/1/0918/5597/8816/files/densau_9337f7d4-848b-429d-970d-0e827c92e5b4.png	https://luonvuituoi.co/products/hết-tiền-sweater	2025-10-28
TIRED Sweater	Lifey Stuff	Sweater	https://cdn.shopify.com/s/files/1/0918/5597/8816/files/swtr_cxam_2130ce64-1caf-49d9-a290-95ee864bf4ef.png	https://luonvuituoi.co/products/tired-sweater	2025-10-28
Gừng Càng Già Càng Bay Sweater	Trơi Bời	Sweater	https://cdn.shopify.com/s/files/1/0918/5597/8816/files/densau_b873bf1e-b6cb-4581-a591-28f44b3e00ec.png	https://luonvuituoi.co/products/gừng-cang-gia-cang-bay-sweater	2025-10-28
Ai Đó Zữ Như Chó Sweater	Animal Circus	Sweater	https://cdn.shopify.com/s/files/1/0918/5597/8816/files/densau_d51095f1-c611-4757-b574-f46e92377667.png	https://luonvuituoi.co/products/ai-do-zữ-như-cho-sweater	2025-10-28
Trài Tài Gái Xỉu Sweater	Trơi Bời	Sweater	https://cdn.shopify.com/s/files/1/0918/5597/8816/files/densau_e129a7dd-61c3-43af-9679-c7732b05b397.png	https://luonvuituoi.co/products/trai-tai-gai-xỉu-sweater	2025-10-28
Gần Mực Thì Bia Sweater	Vietnamese Culture	Sweater	https://cdn.shopify.com/s/files/1/0918/5597/8816/files/swtr_cxam_d1dfbd60-a1f7-4152-a5a7-93d17f863360.png	https://luonvuituoi.co/products/gần-mực-thi-bia-sweater	2025-10-28
NICEBOY Sweater	Lifey Stuff	Sweater	https://cdn.shopify.com/s/files/1/0918/5597/8816/files/swtr_cden_c1f565c9-8507-473a-a83d-3a16fe4c24df.png	https://luonvuituoi.co/products/niceboy-sweater	2025-10-28
Việt Nam Sáng Ăn Gì Sweater	Vietnamese Culture	Sweater	https://cdn.shopify.com/s/files/1/0918/5597/8816/files/xamtieunh_ttr_c_0d425de0-56ae-4651-a262-7ed9c52f3a50.png	https://luonvuituoi.co/products/việt-nam-sang-an-gi-sweater	2025-10-28
Tôi Yêu Phụ Nữ Sweater	Love Bites	Sweater	https://cdn.shopify.com/s/files/1/0918/5597/8816/files/tr_ngtr_c_09939bc9-39df-4674-9278-04110fe8b187.png	https://luonvuituoi.co/products/toi-yeu-phụ-nữ-sweater	2025-10-28
Tình Mình Chấm Hết Sweater	Love Bites	Sweater	https://cdn.shopify.com/s/files/1/0918/5597/8816/files/densau_4e6c752b-b5e2-4f16-bc28-48506ae27500.png	https://luonvuituoi.co/products/tinh-minh-chấm-hết-sweater	2025-10-28
Nghiện Em Sweater	Love Bites	Sweater	https://cdn.shopify.com/s/files/1/0918/5597/8816/files/navytr_c_40a182b1-04eb-40a1-b7b4-525da818b1b3.png	https://luonvuituoi.co/products/nghiện-em-sweater	2025-10-28
Trà Trắc bánh Tráng Trộn Sweater	Vietnamese Culture	Sweater	https://cdn.shopify.com/s/files/1/0918/5597/8816/files/kemtr_c_b6f05a9f-62d6-4d80-bb55-27f0b24a9094.png	https://luonvuituoi.co/products/tra-trắc-banh-trang-trộn-sweater	2025-10-28
Tiệm Bánh Mì LUONVUITUOI Sweater	Vietnamese Culture	Sweater	https://cdn.shopify.com/s/files/1/0918/5597/8816/files/kemtr_c_31b2767d-7ecd-4ade-b51e-86f37c7ac5ea.png	https://luonvuituoi.co/products/tiệm-banh-mi-luonvuituoi-sweater	2025-10-28
Đã Uống Xe Không Lái Rượu Bia Sweater	Lifey Stuff	Sweater	https://cdn.shopify.com/s/files/1/0918/5597/8816/files/swtr_ckem_2c9bfc4a-e9db-4f22-bb38-3667c082e378.png	https://luonvuituoi.co/products/da-uống-xe-khong-lai-rượu-bia-sweater	2025-10-28
Phê Sỉu Sweater	Vietnamese Culture	Sweater	https://cdn.shopify.com/s/files/1/0918/5597/8816/files/tr_ngtr_c_fbafb6f5-554e-4d56-b257-83e82a917db8.png	https://luonvuituoi.co/products/phe-sỉu-sweater	2025-10-28
Cút Sweater	Lifey Stuff	Sweater	https://cdn.shopify.com/s/files/1/0918/5597/8816/files/swtr_ckem_c47ffbb6-2145-4c1c-b585-94ea83870c29.png	https://luonvuituoi.co/products/cut-sweater	2025-10-28
Long Time No Sẽ Sweater	Lifey Stuff	Sweater	https://cdn.shopify.com/s/files/1/0918/5597/8816/files/swtr_ch_ng_42afa76b-74b3-4e69-9a94-0502855616ca.png	https://luonvuituoi.co/products/long-time-no-sẽ-sweater	2025-10-28
Nước Mía Sweater	Vietnamese Culture	Sweater	https://cdn.shopify.com/s/files/1/0918/5597/8816/files/dentr_c_03e61323-7318-4302-8d04-70e6e3288d2d.png	https://luonvuituoi.co/products/nước-mia-sweater	2025-10-28
Cửa Hỏng Vui Lòng Không Mở Sweater	Lifey Stuff	Sweater	https://cdn.shopify.com/s/files/1/0918/5597/8816/files/swtr_ch_ng_a6645033-8104-4e2e-9764-2ca8d16e875c.png	https://luonvuituoi.co/products/cửa-hỏng-vui-long-khong-mở-sweater	2025-10-28
Mê Sấu Sweater	Vietnamese Culture	Sweater	https://cdn.shopify.com/s/files/1/0918/5597/8816/files/dentr_c_84996747-2085-4de2-b891-cd7c6075c50c.png	https://luonvuituoi.co/products/me-sấu-sweater	2025-10-28
LUONVUITUOI Loa Phường Sweater	Vietnamese Culture	Sweater	https://cdn.shopify.com/s/files/1/0918/5597/8816/files/dentr_c_8fd3e05e-6389-4418-a306-e256ee6a3df1.png	https://luonvuituoi.co/products/luonvuituoi-loa-phường-sweater	2025-10-28
Tôi Xink Lỗi Bạn Sweater	Lifey Stuff	Sweater	https://cdn.shopify.com/s/files/1/0918/5597/8816/files/swtr_cden.png	https://luonvuituoi.co/products/toi-xink-lỗi-bạn-sweater	2025-10-28
Đời Phải LUONVUITUOI Sweater	Vietnamese Culture	Sweater	https://cdn.shopify.com/s/files/1/0918/5597/8816/files/dentr_c_02ae160f-91ab-4aab-af8c-a12211959986.png	https://luonvuituoi.co/products/dời-phải-luonvuituoi-sweater	2025-10-28
Cafe Luôn Vui Tươi Sweater	Vietnamese Culture	Sweater	https://cdn.shopify.com/s/files/1/0918/5597/8816/files/dentr_c_af7ab338-a1e7-4d40-b12a-e86bdca263e9.png	https://luonvuituoi.co/products/cafe-luon-vui-tươi-sweater	2025-10-28
Bánh Mì Sweater	Vietnamese Culture	Sweater	https://cdn.shopify.com/s/files/1/0918/5597/8816/files/dentr_c_3139d762-87fc-4978-926b-d77b865b9ecf.png	https://luonvuituoi.co/products/banh-mi-sweater	2025-10-28
Retro Funny Cat Sweater	Animal Circus	Sweater	https://cdn.shopify.com/s/files/1/0918/5597/8816/files/dentr_c_a709c7d8-18d3-4bc4-8133-b35a20497c3c.png	https://luonvuituoi.co/products/retro-funny-cat-sweater	2025-10-28
Funny Dog Sweater	Animal Circus	Sweater	https://cdn.shopify.com/s/files/1/0918/5597/8816/files/kemtr_c_eeedae46-b40e-412b-97dc-8caa3d99f2ea.png	https://luonvuituoi.co/products/funny-dog-sweater	2025-10-28
Black Dog Sweater	Animal Circus	Sweater	https://cdn.shopify.com/s/files/1/0918/5597/8816/files/dentr_c_ce2b44d7-234f-4a14-99f8-f27a9b09572b.png	https://luonvuituoi.co/products/black-dog-sweater	2025-10-28
Let That Shit Go Sweater	Animal Circus;Đũy Mèo	Sweater	https://cdn.shopify.com/s/files/1/0918/5597/8816/files/kemtr_c_0376ebbf-e228-4996-bb1e-68cc64e96baa.png	https://luonvuituoi.co/products/let-that-shit-go-sweater	2025-10-28
Funny Lowcost Sweater	Animal Circus	Sweater	https://cdn.shopify.com/s/files/1/0918/5597/8816/files/dentr_c_e22c161a-021e-4f2d-8a91-579f25898bb1.png	https://luonvuituoi.co/products/funny-lowcost-sweater	2025-10-28
Funny Duck Sweater	Animal Circus	Sweater	https://cdn.shopify.com/s/files/1/0918/5597/8816/files/kemtr_c_7a3e59ec-cab0-4d4f-a7b6-ce49ae44eb6b.png	https://luonvuituoi.co/products/funny-duck-sweater	2025-10-28
Đừng Đánh Thức Con Hổ Trong Tôi Sweater	Animal Circus;Đũy Mèo	Sweater	https://cdn.shopify.com/s/files/1/0918/5597/8816/files/dentr_c_a9b7c97c-b954-40b6-8a16-e3e8be06b5f0.png	https://luonvuituoi.co/products/dừng-danh-thức-con-hổ-trong-toi-sweater	2025-10-28
Cool Black Cat Sweater	Animal Circus;Đũy Mèo	Sweater	https://cdn.shopify.com/s/files/1/0918/5597/8816/files/kemtr_c_95a15725-5d0e-409e-b1b7-bdfa03cb295d.png	https://luonvuituoi.co/products/cool-black-cat-sweater	2025-10-28
Anh Đến Đây Sweater	Animal Circus;Đũy Mèo	Sweater	https://cdn.shopify.com/s/files/1/0918/5597/8816/files/kemtr_c_4462b757-b645-41f1-99fc-881fa74dfe89.png	https://luonvuituoi.co/products/anh-dến-day-sweater	2025-10-28
Người vùng cao Sweater	Job	Sweater	https://cdn.shopify.com/s/files/1/0918/5597/8816/files/tr_ngtr_c_ec7e0333-4c31-4e13-8076-634b8e1f691a.png	https://luonvuituoi.co/products/người-vung-cao-sweater	2025-10-28
Người có vợ Sweater	Job	Sweater	https://cdn.shopify.com/s/files/1/0918/5597/8816/files/navytr_c_2d702ab5-7b23-41b6-ad0a-5bf8c91020ea.png	https://luonvuituoi.co/products/người-co-vợ-sweater	2025-10-28
Người Có Mọi Thứ Sweater	Job	Sweater	https://cdn.shopify.com/s/files/1/0918/5597/8816/files/kemtr_c_7639c5be-bfb0-4b35-bfbe-28583a2d06fd.png	https://luonvuituoi.co/products/người-co-mọi-thứ-sweater	2025-10-28
Vào Bar Ra Nhạc Sweater	Animal Circus;Đũy Mèo	Sweater	https://cdn.shopify.com/s/files/1/0918/5597/8816/files/densau_52b72f66-91e6-491e-83de-7038eb8d85c9.png	https://luonvuituoi.co/products/vao-bar-ra-nhạc-sweater	2025-10-28
Mình Hơn Hẳn Mà Sweater	Animal Circus;Đũy Mèo	Sweater	https://cdn.shopify.com/s/files/1/0918/5597/8816/files/dentr_c_dd0b6b13-08df-4afc-9e5f-7cc21b6b7715.png	https://luonvuituoi.co/products/minh-hơn-hẳn-ma-sweater	2025-10-28
Mấy Con Cá Phải Trả Gió Sweater	Animal Circus	Sweater	https://cdn.shopify.com/s/files/1/0918/5597/8816/files/densau_7a9e09c4-1430-4986-9b72-0e6fb4536041.png	https://luonvuituoi.co/products/mấy-con-ca-phải-trả-gio-sweater	2025-10-28
Anh Em Tao Đến Đây Sweater	Animal Circus;Đũy Mèo	Sweater	https://cdn.shopify.com/s/files/1/0918/5597/8816/files/kemtr_c_7ac42727-2df0-43fe-8d07-3517dd9c5b6b.png	https://luonvuituoi.co/products/anh-em-tao-dến-day-sweater	2025-10-28
Hoàn Hảo	Lifey Stuff	Thun	https://cdn.shopify.com/s/files/1/0918/5597/8816/files/kemtr_c_6d78fd82-15f7-43b7-ba7f-c1ab10a1365c.png	https://luonvuituoi.co/products/ao-thun-hoan-hảo	2025-10-27
NICEGIRL	Lifey Stuff	Thun	https://cdn.shopify.com/s/files/1/0918/5597/8816/files/dentr_c_66468d51-53c6-40ff-87c4-fc8b8f83c955.png	https://luonvuituoi.co/products/ao-thun-nicegirl	2025-10-27
Tụ Tập Sweater	Lifey Stuff	Sweater	https://cdn.shopify.com/s/files/1/0918/5597/8816/files/kemtr_c_86edb097-93b3-435b-bcf6-8f4a9d95ae12.png	https://luonvuituoi.co/products/tụ-tập-sweater	2025-10-27
Rất Tiếc Bạn Đã Bị Con Mèo Sweater	Animal Circus;Đũy Mèo	Sweater	https://cdn.shopify.com/s/files/1/0918/5597/8816/files/dentr_c_e56be6c3-c74c-4910-a8c2-93955a6a6e01.png	https://luonvuituoi.co/products/rất-tiếc-bạn-da-bị-con-meo-sweater	2025-10-27
Oh No Sweater	Lifey Stuff	Sweater	https://cdn.shopify.com/s/files/1/0918/5597/8816/files/kemtr_c_17fc2eaa-ba48-4f2b-baeb-a6f89c0bc207.png	https://luonvuituoi.co/products/oh-no-sweater	2025-10-27
Lời Đường Mật Sweater	Love Bites	Sweater	https://cdn.shopify.com/s/files/1/0918/5597/8816/files/xamtieunh_ttr_c_d0e30bcd-e3f5-4309-9634-22b8f3cacaac.png	https://luonvuituoi.co/products/lời-dường-mật-sweater	2025-10-27
Khóa Cửa Trái Tym Sweater	Love Bites	Sweater	https://cdn.shopify.com/s/files/1/0918/5597/8816/files/kemtr_c_02003bd4-f042-4fb5-87a0-cfd2894a0dda.png	https://luonvuituoi.co/products/khoa-cửa-trai-tym-sweater	2025-10-27
Hưởng Thụ Sweater	Lifey Stuff	Sweater	https://cdn.shopify.com/s/files/1/0918/5597/8816/files/kemtr_c_569370be-14b9-42ea-90d3-70d2d451c100.png	https://luonvuituoi.co/products/hưởng-thụ-sweater	2025-10-27
Hê Lu Lu Khủng Long Sweater	Animal Circus	Sweater	https://cdn.shopify.com/s/files/1/0918/5597/8816/files/kemtr_c_85e1b6a8-960f-4941-ba3e-a78aaf1b1747.png	https://luonvuituoi.co/products/he-lu-lu-khủng-long-sweater	2025-10-27
Em Bé Duck Sweater	Animal Circus	Sweater	https://cdn.shopify.com/s/files/1/0918/5597/8816/files/kemtr_c_4dc9f428-03b3-4630-9910-779a2bb31a7e.png	https://luonvuituoi.co/products/em-be-duck-sweater	2025-10-27
Duck You Sweater	Animal Circus	Sweater	https://cdn.shopify.com/s/files/1/0918/5597/8816/files/kemtr_c_617c4c96-877f-4046-a4ee-20678d462f41.png	https://luonvuituoi.co/products/duck-you-sweater	2025-10-27
Buồn Ngủ Cat Sweater	Animal Circus;Đũy Mèo	Sweater	https://cdn.shopify.com/s/files/1/0918/5597/8816/files/dentr_c_d8b63904-a22f-41b5-9897-02fd021e5ad7.png	https://luonvuituoi.co/products/buồn-ngủ-cat-sweater	2025-10-27
Chúng Mình Có Nhau Sweater	Job	Sweater	https://cdn.shopify.com/s/files/1/0918/5597/8816/files/h_ngtr_c_2f696710-9bb4-4c96-800b-5aeac2112e41.png	https://luonvuituoi.co/products/chung-minh-co-nhau-sweater	2025-10-27
Architecture Kỹ Sư Xây Dựng Sweater	Job	Sweater	https://cdn.shopify.com/s/files/1/0918/5597/8816/files/kemtr_c_b2bbf608-b458-40c9-bb87-7043ea6852be.png	https://luonvuituoi.co/products/architecture-kỹ-sư-xay-dựng-sweater	2025-10-27
Only fan Sweater	Lifey Stuff	Sweater	https://cdn.shopify.com/s/files/1/0918/5597/8816/files/xamtieunh_ttr_c_bee850d6-5217-489b-b030-7c2e40a2903b.png	https://luonvuituoi.co/products/only-fan-sweater	2025-10-27
Teacher Thợ Giữ Trẻ Sweater	Job	Sweater	https://cdn.shopify.com/s/files/1/0918/5597/8816/files/kemtr_c_753b1195-13bf-45a5-9774-05d2339aa306.png	https://luonvuituoi.co/products/teacher-thợ-giữ-trẻ-sweater	2025-10-27
Photographer Nhiếp Ảnh Gia Sweater	Job	Sweater	https://cdn.shopify.com/s/files/1/0918/5597/8816/files/tr_ngtr_c_e7507e2b-8e62-4a2c-9e5b-1f3013e64190.png	https://luonvuituoi.co/products/photographer-nhiếp-ảnh-gia-sweater	2025-10-27
Leader Lào Gì Cũng Tôn Sweater	Job	Sweater	https://cdn.shopify.com/s/files/1/0918/5597/8816/files/tr_ngtr_c_18528719-d7eb-4367-85be-dd0b2a6fcbe5.png	https://luonvuituoi.co/products/leader-lao-gi-cung-ton-sweater	2025-10-27
Intern Thực Tập Xink Sweater	Job	Sweater	https://cdn.shopify.com/s/files/1/0918/5597/8816/files/kemtr_c_933f0f71-94c6-4d67-bddb-f6e9cd3625ef.png	https://luonvuituoi.co/products/intern-thực-tập-xink-sweater	2025-10-27
Gamer Người Bị Game Chơi Sweater	Job	Sweater	https://cdn.shopify.com/s/files/1/0918/5597/8816/files/kemtr_c_35fd2287-1666-4fd2-b834-2dab77c02af5.png	https://luonvuituoi.co/products/gamer-người-bị-game-chơi-sweater	2025-10-27
Developer Lập Trình Điên Sweater	Job	Sweater	https://cdn.shopify.com/s/files/1/0918/5597/8816/files/kemtr_c_e52f97e6-ef99-4051-85e3-c23de6f87a75.png	https://luonvuituoi.co/products/developer-lập-trinh-dien-sweater	2025-10-27
Designer Thiết Kế Gặp Họa Sweater	Job	Sweater	https://cdn.shopify.com/s/files/1/0918/5597/8816/files/kemtr_c_aa4c4811-20a6-4b77-ad61-093f1df7289b.png	https://luonvuituoi.co/products/designer-thiết-kế-gặp-họa-sweater	2025-10-27
Content Creator Nhà Sáng Tạo Nội Dung Sweater	Job	Sweater	https://cdn.shopify.com/s/files/1/0918/5597/8816/files/tr_ngtr_c_792a6b8a-77e6-4e71-9c30-176d671c16f9.png	https://luonvuituoi.co/products/content-creator-nha-sang-tạo-nội-dung-sweater	2025-10-27
Coder Sweater	Job	Sweater	https://cdn.shopify.com/s/files/1/0918/5597/8816/files/tr_ngtr_c_892391ad-ac05-4728-836f-0b098720ffce.png	https://luonvuituoi.co/products/coder-sweater	2025-10-27
Artist Nghệ Sĩ Sweater	Job	Sweater	https://cdn.shopify.com/s/files/1/0918/5597/8816/files/kemtr_c_2c6534e7-6bd8-46ba-b9f9-d785ce38d200.png	https://luonvuituoi.co/products/artist-nghệ-si-sweater	2025-10-27
Dáng Xinh	Trơi Bời	Thun	https://cdn.shopify.com/s/files/1/0918/5597/8816/files/tr_ngtr_c_cffa12d1-11cc-4ae4-ae7a-a487ceaf0832.png	https://luonvuituoi.co/products/ao-thun-dang-xinh	2025-10-21
Bí Ngoo	Trơi Bời	Thun	https://cdn.shopify.com/s/files/1/0918/5597/8816/files/tr_ngtr_c_1401576c-cee2-4996-b6fb-1d33616537dd.png	https://luonvuituoi.co/products/ao-thun-bi-ngoo	2025-10-21
Certified Lover Boy	Trơi Bời	Thun	https://cdn.shopify.com/s/files/1/0918/5597/8816/files/densau_bb652a42-0692-49bd-85b7-4a5c03e904bc.png	https://luonvuituoi.co/products/ao-thun-certified-lover-boy	2025-10-20
Đẹp Gái Làm Ơn Đừng Có Khùng	Lifey Stuff	Thun	https://cdn.shopify.com/s/files/1/0918/5597/8816/files/dentr_c_339125bb-0052-4eb2-9d03-0fe31ccab447.png	https://luonvuituoi.co/products/ao-thun-dẹp-gai-lam-ơn-dừng-co-khung	2025-10-18
Đũy Mèo Cat Company	Đũy Mèo	Thun	https://cdn.shopify.com/s/files/1/0918/5597/8816/files/tr_ngtr_c_6bca3c29-dea9-4980-8463-0b24c24b0b29.png	https://luonvuituoi.co/products/ao-thun-duy-meo-cat-company	2025-10-16
Đũy Mèo Cat Will Save The World	Đũy Mèo	Thun	https://cdn.shopify.com/s/files/1/0918/5597/8816/files/dentr_c_0f4cf925-6b95-4e1f-8f03-f2ddd25cc702.png	https://luonvuituoi.co/products/ao-thun-duy-meo-cat-will-save-the-world	2025-10-16
Đũy Mèo In My Mind	Đũy Mèo	Thun	https://cdn.shopify.com/s/files/1/0918/5597/8816/files/dentr_c_bd6d5786-e856-4e44-a936-c59480b881c1.png	https://luonvuituoi.co/products/ao-thun-duy-meo-in-my-mind	2025-10-16
All I Need to Know about Life	Đũy Mèo	Thun	https://cdn.shopify.com/s/files/1/0918/5597/8816/files/kemtr_c_e1cbc2a4-f26d-4ca9-88fd-1cc5a3b878ee.png	https://luonvuituoi.co/products/ao-thun-all-i-need-to-know-about-life	2025-10-16
What a beautiful day!	Đũy Mèo	Thun	https://cdn.shopify.com/s/files/1/0918/5597/8816/files/kemtr_c_3aae6ada-8eac-4dc7-ae31-09b1974928be.png	https://luonvuituoi.co/products/ao-thun-what-a-beautiful-day	2025-10-16
UFO Singer Cat	Đũy Mèo	Thun	https://cdn.shopify.com/s/files/1/0918/5597/8816/files/tr_ngtr_c_fb28af21-3194-4e4d-8ff9-754d7ff80662.png	https://luonvuituoi.co/products/ao-thun-ufo-singer-cat	2025-10-15
UFO SOS Meow	Đũy Mèo	Thun	https://cdn.shopify.com/s/files/1/0918/5597/8816/files/dentr_c_67080a7a-a832-49f4-9be6-68edee13a07a.png	https://luonvuituoi.co/products/ao-thun-ufo-sos-meow	2025-10-15
UFO Mèo Hú Hồn	Đũy Mèo	Thun	https://cdn.shopify.com/s/files/1/0918/5597/8816/files/dentr_c_abf9083d-1730-4f67-aeeb-c97adacf0ef0.png	https://luonvuituoi.co/products/ao-thun-ufo-meo-hu-hồn	2025-10-15
UFO Meo Meo	Đũy Mèo	Thun	https://cdn.shopify.com/s/files/1/0918/5597/8816/files/dentr_c_3800224d-805e-4139-af2f-21cf0b908330.png	https://luonvuituoi.co/products/ao-thun-ufo-meo-meo	2025-10-15
Send Nudes	Trơi Bời	Thun	https://cdn.shopify.com/s/files/1/0918/5597/8816/files/tr_ngtr_c_21b93371-cf6f-4115-a7dc-32fa9d5f3b23.png	https://luonvuituoi.co/products/ao-thun-send-nudes	2025-10-15
Ngoạm Đầu	Đũy Mèo	Thun	https://cdn.shopify.com/s/files/1/0918/5597/8816/files/dentr_c_4ef9563b-4826-43ee-9707-cefd12c1d3d2.png	https://luonvuituoi.co/products/ao-thun-ngoạm-dầu	2025-10-15
Nghẹo Mèo	Đũy Mèo	Thun	https://cdn.shopify.com/s/files/1/0918/5597/8816/files/tr_ngtr_c_af702566-7e85-470c-b11b-47bb673d59a7.png	https://luonvuituoi.co/products/ao-thun-nghẹo-meo	2025-10-15
Mèo Văng Gốc	Đũy Mèo	Thun	https://cdn.shopify.com/s/files/1/0918/5597/8816/files/tr_ngtr_c_810cebcf-3af2-469b-8d3b-0576f741fb86.png	https://luonvuituoi.co/products/ao-thun-meo-vang-gốc	2025-10-15
Mèo Phục Hưng	Đũy Mèo	Thun	https://cdn.shopify.com/s/files/1/0918/5597/8816/files/tr_ngtr_c_d2c6ca61-ee2a-4021-8096-fcb84c965953.png	https://luonvuituoi.co/products/ao-thun-meo-phục-hưng	2025-10-15
Mèo Nhây	Đũy Mèo	Thun	https://cdn.shopify.com/s/files/1/0918/5597/8816/files/tr_ngtr_c_ed338730-d13b-4ba3-bbef-a5a8a75e4b1c.png	https://luonvuituoi.co/products/ao-thun-meo-nhay	2025-10-15
Lười Quá Mèo	Đũy Mèo	Thun	https://cdn.shopify.com/s/files/1/0918/5597/8816/files/dentr_c_0d3cb042-18c7-40db-987c-5491b54e0a14.png	https://luonvuituoi.co/products/ao-thun-lười-qua-meo	2025-10-15
Dỗi Vờ Lờ	Đũy Mèo	Thun	https://cdn.shopify.com/s/files/1/0918/5597/8816/files/dentr_c_a575eccf-75ba-47d6-963e-dfa5fa2a605e.png	https://luonvuituoi.co/products/ao-thun-dỗi-vờ-lờ	2025-10-15
Đối Thủ Nặng Ký	Đũy Mèo	Thun	https://cdn.shopify.com/s/files/1/0918/5597/8816/files/densau_60a5034a-c40e-4874-abd8-14c302fadf47.png	https://luonvuituoi.co/products/ao-thun-dối-thủ-nặng-ky	2025-10-15
Đồ Ăn Đâu Sen	Đũy Mèo	Thun	https://cdn.shopify.com/s/files/1/0918/5597/8816/files/dentr_c_92d640e8-0470-4c01-84e4-182028e27715.png	https://luonvuituoi.co/products/ao-thun-dồ-an-dau-sen	2025-10-15
Dính Quá À	Đũy Mèo	Thun	https://cdn.shopify.com/s/files/1/0918/5597/8816/files/densau_2854c3be-bfb1-41ba-aa7a-0d8cee4c20bc.png	https://luonvuituoi.co/products/ao-thun-dinh-qua-a	2025-10-15
Cái Lề Gì Thốn	Tuyệt Đối Điện Ảnh	Thun	https://cdn.shopify.com/s/files/1/0918/5597/8816/files/densau_7220414f-b3f6-4d43-8a03-8f00c6017cb5.png	https://luonvuituoi.co/products/ao-thun-cai-lề-gi-thốn	2025-10-15
Ăn Buổi Tối	Đũy Mèo	Thun	https://cdn.shopify.com/s/files/1/0918/5597/8816/files/tr_ngtr_c_b67b70cb-c99e-46eb-9034-14a2e2a6358e.png	https://luonvuituoi.co/products/ao-thun-an-buổi-tối	2025-10-15
Đũy Mèo Meo Meo Map To Touch	Đũy Mèo	Thun	https://cdn.shopify.com/s/files/1/0918/5597/8816/files/kemtr_c_0af29f74-a35c-4f9d-8960-4bf0f0676d3e.png	https://luonvuituoi.co/products/ao-thun-duy-meo-meo-meo-map-to-touch	2025-10-15
Đũy Mèo Ew, Hoomans	Đũy Mèo	Thun	https://cdn.shopify.com/s/files/1/0918/5597/8816/files/kemtr_c_955c41b8-53d0-4ce0-b308-3d90932b7109.png	https://luonvuituoi.co/products/ao-thun-duy-meo-ew-hoomans	2025-10-15
Đũy Mèo The Scream	Đũy Mèo	Thun	https://cdn.shopify.com/s/files/1/0918/5597/8816/files/dentr_c_c1a35bfc-5262-4525-8f88-fda347ae7e98.png	https://luonvuituoi.co/products/ao-thun-duy-meo-the-scream	2025-10-15
Thích Sờ Mèo	Đũy Mèo	Thun	https://cdn.shopify.com/s/files/1/0918/5597/8816/files/kemtr_c_a20ccce2-6371-4e82-8fa7-b7813ba92c10.png	https://luonvuituoi.co/products/ao-thun-thich-sờ-meo	2025-10-15
Trời Lạnh Tại Đông	Đũy Mèo	Thun	https://cdn.shopify.com/s/files/1/0918/5597/8816/files/dentr_c_7775e4e5-dfc4-4a87-9592-a9967551646e.png	https://luonvuituoi.co/products/ao-thun-trời-lạnh-tại-dong	2025-10-11
Ramen Cat	Đũy Mèo	Thun	https://cdn.shopify.com/s/files/1/0918/5597/8816/files/tr_ngtr_c_dd23dde0-3300-465c-a656-3dcb70fc837d.png	https://luonvuituoi.co/products/ao-thun-ramen-cat	2025-10-11
Bạn Đã Bị Mèo Ám	Đũy Mèo	Thun	https://cdn.shopify.com/s/files/1/0918/5597/8816/files/dentr_c_33c03b37-ca1d-4dbf-955e-41821b7c7d5c.png	https://luonvuituoi.co/products/ao-thun-bạn-da-bị-meo-am	2025-10-11
Hướng Ngoại Part time	Lifey Stuff	Thun	https://cdn.shopify.com/s/files/1/0918/5597/8816/files/tr_ngtr_c_243abb8a-45dd-43c2-90b4-1541d2fa2531.png	https://luonvuituoi.co/products/ao-thun-hướng-ngoại-part-time-copy	2025-10-07
Hướng Nội Part time	Lifey Stuff	Thun	https://cdn.shopify.com/s/files/1/0918/5597/8816/files/kemtr_c_181934b5-d77f-4c26-a377-a4d538dd59e4.png	https://luonvuituoi.co/products/ao-thun-hướng-nội-partime	2025-10-07
Nguyễn Hoà Bình	Tuyệt Đối Điện Ảnh	Thun	https://cdn.shopify.com/s/files/1/0918/5597/8816/files/dentr_c_acdb4d78-f00c-41c6-92df-1f3ee31dd60c.png	https://luonvuituoi.co/products/ao-thun-nguyễn-hoa-binh	2025-10-07
Người Nhà Đất	Tuyệt Đối Điện Ảnh	Thun	https://cdn.shopify.com/s/files/1/0918/5597/8816/files/tr_ngtr_c_fcc4426e-9581-4ca8-8ba0-7f0ff471a5db.png	https://luonvuituoi.co/products/ao-thun-người-nha-dất	2025-10-07
Năm Đêm Nhà Diddy	Tuyệt Đối Điện Ảnh	Thun	https://cdn.shopify.com/s/files/1/0918/5597/8816/files/dentr_c_fd7a233d-7004-4483-9466-12eb20fca5f8.png	https://luonvuituoi.co/products/ao-thun-nam-dem-nha-diddy	2025-10-07
Mewing Not Meowing	Đũy Mèo	Thun	https://cdn.shopify.com/s/files/1/0918/5597/8816/files/dentr_c_6ac23f96-39bd-414a-a1e0-d540745cf4dd.png	https://luonvuituoi.co/products/ao-thun-mewing-not-meowing	2025-10-07
Hiệp Sĩ Mặt Nạ Sếch	Tuyệt Đối Điện Ảnh	Thun	https://cdn.shopify.com/s/files/1/0918/5597/8816/files/dentr_c_b38d65a7-5d8d-48ce-a6f7-4332469f4078.png	https://luonvuituoi.co/products/ao-thun-hiệp-si-mặt-nạ-sếch	2025-10-07
Lộn Cái Bàn	Đũy Mèo	Thun	https://cdn.shopify.com/s/files/1/0918/5597/8816/files/dentr_c_a6e3584b-220f-4cd1-ba34-d718358d5170.png	https://luonvuituoi.co/products/ao-thun-lộn-cai-ban	2025-10-03
Tuổi Trẻ Xài Hao	Đũy Mèo	Thun	https://cdn.shopify.com/s/files/1/0918/5597/8816/files/densau_353ae37a-f65c-4690-97f0-294a4373bd6a.png	https://luonvuituoi.co/products/ao-thun-tuổi-trẻ-xai-hao	2025-09-27
I Look So Cute	Đũy Mèo	Thun	https://cdn.shopify.com/s/files/1/0918/5597/8816/files/tr_ngtr_c_7d8a17fd-9389-44d3-bee5-4fd14195fd35.png	https://luonvuituoi.co/products/ao-thun-i-look-so-cute	2025-09-25
Bored Cat Club	Đũy Mèo	Thun	https://cdn.shopify.com/s/files/1/0918/5597/8816/files/tr_ngtr_c_530e6f08-735c-46b8-bd85-9f8e334de1bf.png	https://luonvuituoi.co/products/ao-thun-bored-cat-club	2025-09-25
Nope Not Today	Đũy Mèo	Thun	https://cdn.shopify.com/s/files/1/0918/5597/8816/files/kemtr_c_5237cccb-afc7-446e-aa6c-db6f4b402952.png	https://luonvuituoi.co/products/ao-thun-nope-not-today	2025-09-25
Morning Sleeping Club	Đũy Mèo	Thun	https://cdn.shopify.com/s/files/1/0918/5597/8816/files/kemtr_c_ff750498-93f7-4bfe-a5b9-7286025071d2.png	https://luonvuituoi.co/products/ao-thun-morning-sleeping-club	2025-09-25
I'm Just A Babygirl Trying Her Best	Đũy Mèo	Thun	https://cdn.shopify.com/s/files/1/0918/5597/8816/files/dentr_c_cd618eee-5388-4dd8-9a7c-1bf10141955c.png	https://luonvuituoi.co/products/ao-thun-im-just-a-babygirl-trying-her-best	2025-09-25
I Meowed What I meowed	Đũy Mèo	Thun	https://cdn.shopify.com/s/files/1/0918/5597/8816/files/kemtr_c_c525f0c2-40ec-4d92-916a-1b3c6f21ae11.png	https://luonvuituoi.co/products/ao-thun-i-meowed-what-i-meowed	2025-09-25
Xin Lỗi Bạn Đã Bị Con Mèo	Đũy Mèo	Thun	https://cdn.shopify.com/s/files/1/0918/5597/8816/files/tr_ngsau_79be787b-8af4-4063-98b5-b8a0770cb28d.png	https://luonvuituoi.co/products/ao-thun-xin-lỗi-bạn-da-bị-con-meo	2025-09-22
Whatever Kitty Wants	Đũy Mèo	Thun	https://cdn.shopify.com/s/files/1/0918/5597/8816/files/navysau_8b930a54-8264-4bb9-be19-d3d4dbf46b8c.png	https://luonvuituoi.co/products/ao-thun-whatever-kitty-wants	2025-09-22
Trying To Get	Đũy Mèo	Thun	https://cdn.shopify.com/s/files/1/0918/5597/8816/files/tr_ngsau_c2d526fc-891a-4f25-ab72-e55b056d1f55.png	https://luonvuituoi.co/products/ao-thun-trying-to-get	2025-09-22
Purrvana	Đũy Mèo	Thun	https://cdn.shopify.com/s/files/1/0918/5597/8816/files/dentr_c_4dd646a9-91df-4fea-91b5-58619bed9adf.png	https://luonvuituoi.co/products/ao-thun-purrvana	2025-09-22
Not A Morning Purrrson	Đũy Mèo	Thun	https://cdn.shopify.com/s/files/1/0918/5597/8816/files/dentr_c_139071ee-8362-4986-831c-9a31cc35787a.png	https://luonvuituoi.co/products/ao-thun-not-a-morning-purrrson	2025-09-22
Mèo Moon	Đũy Mèo	Thun	https://cdn.shopify.com/s/files/1/0918/5597/8816/files/densau_e7149d5f-7648-4057-9ee7-0d8f7ebad808.png	https://luonvuituoi.co/products/ao-thun-meo-moon	2025-09-22
Life's Hard	Đũy Mèo	Thun	https://cdn.shopify.com/s/files/1/0918/5597/8816/files/tr_ngtr_c_d85f03d6-9e4a-49c1-a368-40cc94fbbd86.png	https://luonvuituoi.co/products/ao-thun-lifes-hard	2025-09-22
Kiếp Làm Sen	Đũy Mèo	Thun	https://cdn.shopify.com/s/files/1/0918/5597/8816/files/tr_ngtr_c_5528e0c5-b1c2-493a-bb59-dc0540f05755.png	https://luonvuituoi.co/products/ao-thun-kiếp-lam-sen	2025-09-22
Fusion	Đũy Mèo	Thun	https://cdn.shopify.com/s/files/1/0918/5597/8816/files/tr_ngtr_c_d362f6f3-fefa-427a-84db-f7cda0bee116.png	https://luonvuituoi.co/products/ao-thun-fusion	2025-09-22
Đói Quá Ò	Đũy Mèo	Thun	https://cdn.shopify.com/s/files/1/0918/5597/8816/files/dentr_c_5f29062f-913d-4eea-a4e1-132e2b5a4b98.png	https://luonvuituoi.co/products/ao-thun-doi-qua-o	2025-09-22
Another Fcking Day	Đũy Mèo	Thun	https://cdn.shopify.com/s/files/1/0918/5597/8816/files/tr_ngtr_c_bb9871ac-fad7-4afc-a364-e59ebff4621d.png	https://luonvuituoi.co/products/ao-thun-another-fcking-day	2025-09-22
Mỹ Nữ Bầy Hầy	Đũy Mèo	Thun	https://cdn.shopify.com/s/files/1/0918/5597/8816/files/kemtr_c_e18aea37-1f51-4eaf-8b8f-15744f92376a.png	https://luonvuituoi.co/products/ao-thun-mỹ-nữ-bầy-hầy	2025-09-22
Meme Cat Hết Cứu	Đũy Mèo	Thun	https://cdn.shopify.com/s/files/1/0918/5597/8816/files/dentr_c_58e65f3d-6ee0-4253-a83a-f235ddb6cfb1.png	https://luonvuituoi.co/products/ao-thun-meme-cat-hết-cứu	2025-09-20
Xin Lỗi Được Chưa	Đũy Mèo	Thun	https://cdn.shopify.com/s/files/1/0918/5597/8816/files/dentr_c_6baae560-f2af-4ace-a9ae-309098a9015b.png	https://luonvuituoi.co/products/ao-thun-xin-lỗi-dược-chưa	2025-09-20
Đôi Ghệ Da Trắng	Tuyệt Đối Điện Ảnh	Thun	https://cdn.shopify.com/s/files/1/0918/5597/8816/files/tr_ngsau_926f0d85-6187-45a1-a1bf-59cc4fd155e0.png	https://luonvuituoi.co/products/ao-thun-doi-ghệ-da-trắng	2025-09-18
Sói Cô Độc Sợ Đàn Bà	Lifey Stuff	Thun	https://cdn.shopify.com/s/files/1/0918/5597/8816/files/dentr_c_7e53ee5c-23a1-4404-87ef-83a80bd3dbd2.png	https://luonvuituoi.co/products/ao-thun-soi-co-dộc	2025-09-17
Gần Nhạc Thì Dance Trump	Trơi Bời	Thun	https://cdn.shopify.com/s/files/1/0918/5597/8816/files/tr_ngsau_3569ffdc-c2ce-416e-a285-c3490095cb40.png	https://luonvuituoi.co/products/ao-thun-gần-nhạc-thi-dance-trump	2025-09-12
Xuống Làm Gì	Trơi Bời	Thun	https://cdn.shopify.com/s/files/1/0918/5597/8816/files/kemsau_1cf2a97e-7763-4f95-a90a-8301ac292d38.png	https://luonvuituoi.co/products/ao-thun-xuống-lam-gi	2025-09-10
Thợ Săn Phú Bà Ver 2	Trơi Bời	Thun	https://cdn.shopify.com/s/files/1/0918/5597/8816/files/kemsau_c8c5020d-97e7-40fe-8389-8ca1b0fbf85a.png	https://luonvuituoi.co/products/ao-thun-thợ-san-phu-ba-ver-2	2025-09-06
Tốt Hơn Gọi Sáu	Tuyệt Đối Điện Ảnh	Thun	https://cdn.shopify.com/s/files/1/0918/5597/8816/files/dentr_c_bcc456b1-2b98-46e6-a7c7-39a74219ab61.png	https://luonvuituoi.co/products/ao-thun-tốt-hơn-gọi-sau	2025-09-03
Đom Đóm Love J97	Lifey Stuff	Thun	https://cdn.shopify.com/s/files/1/0918/5597/8816/files/dentr_c_2ae16be0-5cb0-4834-869c-5eb82d056245.png	https://luonvuituoi.co/products/ao-thun-dom-dom-love-j97	2025-08-27
Quý Ngài Đậu Má	Tuyệt Đối Điện Ảnh	Thun	https://cdn.shopify.com/s/files/1/0918/5597/8816/files/tr_ngtr_c_ce593b4c-4ea6-4264-84de-129b9528ce6e.png	https://luonvuituoi.co/products/ao-thun-quy-ngai-dậu-ma	2025-08-25
Pussy 8 Ball	Lifey Stuff	Thun	https://cdn.shopify.com/s/files/1/0918/5597/8816/files/densau_c9765d11-b483-405d-99a4-4e7c58ad7732.png	https://luonvuituoi.co/products/ao-thun-pussy-8-ball	2025-08-18
Lẩu Cốt	Lifey Stuff	Thun	https://cdn.shopify.com/s/files/1/0918/5597/8816/files/tr_ngtr_c_d8bcc568-ffac-4245-8f55-b8ba98cadec9.png	https://luonvuituoi.co/products/ao-thun-lẩu-cốt	2025-08-18
Là Sao	Lifey Stuff	Thun	https://cdn.shopify.com/s/files/1/0918/5597/8816/files/densau_895f857f-8be1-491d-98da-e4fa28f81e88.png	https://luonvuituoi.co/products/ao-thun-la-sao	2025-08-18
Của Ít Lòng Vòng	Lifey Stuff	Thun	https://cdn.shopify.com/s/files/1/0918/5597/8816/files/densau_8e3a4970-0109-4f49-8bd8-ed02b32b3db9.png	https://luonvuituoi.co/products/ao-thun-của-it-long-vong	2025-08-18
Áp Bồ	Lifey Stuff	Thun	https://cdn.shopify.com/s/files/1/0918/5597/8816/files/tr_ngtr_c_a085e808-f92f-4a09-be79-63c03748d4af.png	https://luonvuituoi.co/products/ao-thun-ap-bồ	2025-08-18
Phiên Phiến Hoy	Lifey Stuff	Thun	https://cdn.shopify.com/s/files/1/0918/5597/8816/files/kemtr_c_a00ba166-e323-4226-9950-c25754ed2a79.png	https://luonvuituoi.co/products/ao-thun-phien-phiến-hoy	2025-08-15
Yêu Nước Trôn Trôn Việt Nam	Yêu Nước	Thun	https://cdn.shopify.com/s/files/1/0918/5597/8816/files/dentr_c_c29a2c94-8dbe-42ce-8c16-b8c215cde351.png	https://luonvuituoi.co/products/ao-thun-yeu-nước-tron-tron-việt-nam	2025-08-15
Yêu Nước 5 Điều Bác Hồ Dạy	Yêu Nước	Thun	https://cdn.shopify.com/s/files/1/0918/5597/8816/files/kemtr_c_cbf039ed-f1bd-445c-ad4b-ae77e5d378ce.png	https://luonvuituoi.co/products/ao-thun-yeu-nước-5-diều-bac-hồ-dạy	2025-08-14
Yêu Nước Bận Yêu Nước	Yêu Nước	Thun	https://cdn.shopify.com/s/files/1/0918/5597/8816/files/tr_ngsau_875a7439-3a6b-4b0f-89f4-bd1631c8d69d.png	https://luonvuituoi.co/products/ao-thun-yeu-nước-bận-yeu-nước	2025-08-14
Ai Đó Zữ Như Chó	Lifey Stuff	Thun	https://cdn.shopify.com/s/files/1/0918/5597/8816/files/densau_92045178-c562-4246-b8b2-ab0163f352c7.png	https://luonvuituoi.co/products/ao-thun-ai-do-zữ-như-cho	2025-08-09
My Mom Say No	Trơi Bời	Thun	https://cdn.shopify.com/s/files/1/0918/5597/8816/files/navytr_c_abe82d66-8020-4315-b628-9f25f950d310.png	https://luonvuituoi.co/products/ao-thun-my-mom-say-no	2025-07-25
Live Fast	Trơi Bời	Thun	https://cdn.shopify.com/s/files/1/0918/5597/8816/files/tr_ngtr_c_a8fa6691-619a-4480-8f3e-2ca27e1662ef.png	https://luonvuituoi.co/products/ao-thun-live-fast	2025-07-25
Don't Tell Mama	Trơi Bời	Thun	https://cdn.shopify.com/s/files/1/0918/5597/8816/files/dentr_c_f2c5a07f-5ed3-45d0-9adb-18b2b5e27df3.png	https://luonvuituoi.co/products/ao-thun-dont-tell-mama	2025-07-25
Dead Inside	Trơi Bời	Thun	https://cdn.shopify.com/s/files/1/0918/5597/8816/files/navytr_c_8e906d41-a140-4c14-929e-78893023453b.png	https://luonvuituoi.co/products/ao-thun-dead-inside	2025-07-25
Break Her Bed	Trơi Bời	Thun	https://cdn.shopify.com/s/files/1/0918/5597/8816/files/tr_ngtr_c_cdf6e5c7-c23e-49f3-b7d4-04699b4b2493.png	https://luonvuituoi.co/products/ao-thun-break-her-bed	2025-07-25
All You Need	Trơi Bời	Thun	https://cdn.shopify.com/s/files/1/0918/5597/8816/files/dentr_c_1bd49058-db5e-44f9-96b7-565740405f1d.png	https://luonvuituoi.co/products/ao-thun-all-you-need	2025-07-25
Đổ Tràn Bình	Trơi Bời	Thun	https://cdn.shopify.com/s/files/1/0918/5597/8816/files/dentr_c_f3970416-513c-484c-98a9-07e68b47700f.png	https://luonvuituoi.co/products/ao-thun-dổ-tran-binh	2025-07-25
Back Fap Bách Trúng	Trơi Bời	Thun	https://cdn.shopify.com/s/files/1/0918/5597/8816/files/densau_ebc8ba7f-bb2c-4e5c-9c72-4ae7174eaa5f.png	https://luonvuituoi.co/products/ao-thun-back-fap-bach-trung	2025-07-25
Người Chơi Đá	Trơi Bời	Thun	https://cdn.shopify.com/s/files/1/0918/5597/8816/files/densau_214dd474-080f-471a-bbde-951b0baa710f.png	https://luonvuituoi.co/products/ao-thun-người-chơi-da	2025-07-25
Đẹp Người Xấu Nết	Lifey Stuff	Thun	https://cdn.shopify.com/s/files/1/0918/5597/8816/files/dentr_c_9c3245cb-a002-43b9-b479-ab8ecd59df0d.png	https://luonvuituoi.co/products/ao-thun-dẹp-người-xấu-nết	2025-07-24
Đẹp Trai Đừng Có Buồn - Hồng Tỷ	Lifey Stuff	Thun	https://cdn.shopify.com/s/files/1/0918/5597/8816/files/tr_ngsau_2474d75a-fd6b-4d90-8974-d79d6f9fcc61.png	https://luonvuituoi.co/products/ao-thun-dẹp-trai-dừng-co-buồn-hồng-tỷ	2025-07-24
Bạn Bảnh Trai	Lifey Stuff	Thun	https://cdn.shopify.com/s/files/1/0918/5597/8816/files/tr_ngsau_25f7a745-6da6-4acc-8fbd-1f92509677cd.png	https://luonvuituoi.co/products/ao-thun-bạn-bảnh-trai	2025-07-24
Florist	Job	Thun	https://cdn.shopify.com/s/files/1/0918/5597/8816/files/kemtr_c_d3ca1e8b-3383-406a-8046-717e8c514bc2.png	https://luonvuituoi.co/products/ao-thun-florist	2025-07-23
EM SI	Job	Thun	https://cdn.shopify.com/s/files/1/0918/5597/8816/files/tr_ngtr_c_25dda539-8022-4c53-91c1-75a8b421a2a0.png	https://luonvuituoi.co/products/ao-thun-em-si	2025-07-23
Retire My Girl Friend	Trơi Bời	Thun	https://cdn.shopify.com/s/files/1/0918/5597/8816/files/tr_ngsau_9d7fcc5c-08d9-449f-8116-caca6cd3e4a8.png	https://luonvuituoi.co/products/ao-thun-retire-my-girl-friend	2025-07-23
Makeup Artist	Job	Thun	https://cdn.shopify.com/s/files/1/0918/5597/8816/files/kemtr_c_c136a20c-11cf-4f9d-a018-a0d46d9873d4.png	https://luonvuituoi.co/products/ao-thun-makeup-artist	2025-07-19
Hair Stylist	Job	Thun	https://cdn.shopify.com/s/files/1/0918/5597/8816/files/tr_ngtr_c_7fc56913-9f44-4ff9-9171-5b2d10147afc.png	https://luonvuituoi.co/products/ao-thun-hair-stylist	2025-07-19
Dentist	Job	Thun	https://cdn.shopify.com/s/files/1/0918/5597/8816/files/kemtr_c_8a0e970e-9129-4a04-8f1e-30cc010bf07b.png	https://luonvuituoi.co/products/ao-thun-dentist	2025-07-19
Bắn Lỗ Nào Cũng Trúng	Trơi Bời	Thun	https://cdn.shopify.com/s/files/1/0918/5597/8816/files/dentr_c_5092c43b-645b-47dd-a554-5238aa877414.png	https://luonvuituoi.co/products/ao-thun-bắn-lỗ-nao-cung-trung	2025-07-18
Người Vận Chuyển	Job	Thun	https://cdn.shopify.com/s/files/1/0918/5597/8816/files/tr_ngtr_c_89da0e6e-d016-446f-8298-3ec565c4416b.png	https://luonvuituoi.co/products/ao-thun-người-vận-chuyển	2025-07-12
Make Up Ảtist	Job	Thun	https://cdn.shopify.com/s/files/1/0918/5597/8816/files/dentr_c_9ab2ab30-cea6-43ee-b496-57eaa7ef9c72.png	https://luonvuituoi.co/products/ao-thun-make-up-ảtist	2025-07-12
Bạn Đang Ngoại Tuyến	Lifey Stuff	Thun	https://cdn.shopify.com/s/files/1/0918/5597/8816/files/tr_ngtr_c_f1d472cb-9e7f-4c4e-8a84-c6fe8c211642.png	https://luonvuituoi.co/products/ao-thun-bạn-dang-ngoại-tuyến	2025-07-12
Anh Là Kẻ May Mắn	Trơi Bời	Thun	https://cdn.shopify.com/s/files/1/0918/5597/8816/files/densau_3c68d36d-070d-433a-ac69-2bc9ea75d510.png	https://luonvuituoi.co/products/ao-thun-anh-la-kẻ-may-mắn	2025-07-12
Lỡ Quẹt Phải	Đũy Mèo	Thun	https://cdn.shopify.com/s/files/1/0918/5597/8816/files/dentr_c_0a39f155-66ae-43f2-9273-a7cfd1cb9d38.png	https://luonvuituoi.co/products/ao-thun-lỡ-quẹt-phải	2025-07-11
Hình Ảnh Chất Lượng	Lifey Stuff	Thun	https://cdn.shopify.com/s/files/1/0918/5597/8816/files/tr_ngtr_c_60c0b6b0-ebf5-407f-9e6d-8a44cd9e01d1.png	https://luonvuituoi.co/products/ao-thun-hinh-ảnh-chất-lượng	2025-07-11
Cuộc Sống Cô Đơn	Lifey Stuff	Thun	https://cdn.shopify.com/s/files/1/0918/5597/8816/files/densau_7dedad00-8639-499b-9fdd-1fa5d0cfe937.png	https://luonvuituoi.co/products/ao-thun-cuộc-sống-co-dơn	2025-07-11
Chưa Bao Giờ	Lifey Stuff	Thun	https://cdn.shopify.com/s/files/1/0918/5597/8816/files/dentr_c_e1748570-1095-4b63-bdc3-ee3763ce531c.png	https://luonvuituoi.co/products/ao-thun-chưa-bao-giờ	2025-07-11
Để Cu Toi Yen	Lifey Stuff	Thun	https://cdn.shopify.com/s/files/1/0918/5597/8816/files/dentr_c_f79b96d6-a2dd-4bbf-8dc6-13184c76c779.png	https://luonvuituoi.co/products/ao-thun-dể-cu-toi-yen	2025-07-09
Boi Phố	Couple Goals	Thun	https://cdn.shopify.com/s/files/1/0918/5597/8816/files/dentr_c_aaf17940-d421-4d02-b5f3-c5886e35ea73.png	https://luonvuituoi.co/products/ao-thun-boi-phố	2025-07-09
It's A Burger	Lifey Stuff	Thun	https://cdn.shopify.com/s/files/1/0918/5597/8816/files/dentr_c_29d41b97-5874-41ad-9444-26aabb92de23.png	https://luonvuituoi.co/products/ao-thun-its-a-burger	2025-07-07
Dạ Đéo	Lifey Stuff	Thun	https://cdn.shopify.com/s/files/1/0918/5597/8816/files/tr_ngsau_a8fe5342-39c3-4bd1-aed6-340cd95ce3b1.png	https://luonvuituoi.co/products/ao-thun-dạ-deo	2025-07-07
Có Không	Lifey Stuff	Thun	https://cdn.shopify.com/s/files/1/0918/5597/8816/files/dentr_c_22b5ce74-5fa3-416e-aff6-e19df2bc74a5.png	https://luonvuituoi.co/products/ao-thun-co-khong	2025-07-07
Lửa Thử Vàng	Job	Thun	https://cdn.shopify.com/s/files/1/0918/5597/8816/files/kemtr_c_6680e2aa-1f7b-4f54-9c36-4b7903f5bec8.png	https://luonvuituoi.co/products/ao-thun-lửa-thử-vang	2025-07-07
My Heart Say Yes	Job	Thun	https://cdn.shopify.com/s/files/1/0918/5597/8816/files/tr_ngtr_c_f263cfff-39d5-4497-9088-b8ce67a97cce.png	https://luonvuituoi.co/products/ao-thun-my-heart-say-yes	2025-06-21
Si Mê	Lifey Stuff	Thun	https://cdn.shopify.com/s/files/1/0918/5597/8816/files/dentr_c_8c39b2f5-f8a5-4f2c-ba8e-b3a83014b44d.png	https://luonvuituoi.co/products/ao-thun-si-me	2025-06-20
Paw Cat	Đũy Mèo	Thun	https://cdn.shopify.com/s/files/1/0918/5597/8816/files/dentr_c_332608af-3f9f-46ad-8c8a-d683b75c0c42.png	https://luonvuituoi.co/products/ao-thun-paw-cat	2025-06-20
Out Of Office	Job	Thun	https://cdn.shopify.com/s/files/1/0918/5597/8816/files/kemsau_a565fcac-bfe1-4763-b42b-9ba01513b524.png	https://luonvuituoi.co/products/ao-thun-out-of-office	2025-06-20
Wah Deadline	Tuyệt Đối Điện Ảnh	Thun	https://cdn.shopify.com/s/files/1/0918/5597/8816/files/navytr_c_5f3b6440-b686-4950-8fff-03a10461af12.png	https://luonvuituoi.co/products/ao-thun-wah-deadline-1	2025-06-20
Wet Ass Pussy	Animal Circus	Thun	https://cdn.shopify.com/s/files/1/0918/5597/8816/files/navytr_c_ffe66392-b465-4181-a298-8dc93bce8dcb.png	https://luonvuituoi.co/products/ao-thun-wah-deadline	2025-06-20
Funny Cat	Animal Circus	Thun	https://cdn.shopify.com/s/files/1/0918/5597/8816/files/dentr_c_b3315f66-1d96-4692-ab4e-7290b811481a.png	https://luonvuituoi.co/products/ao-thun-funny-cat	2025-06-20
Trên Răng Dưới Dép	Lifey Stuff	Thun	https://cdn.shopify.com/s/files/1/0918/5597/8816/files/navytr_c_d0a62702-889c-418f-bbfc-c1b01bede620.png	https://luonvuituoi.co/products/ao-thun-tren-rang-dưới-dep	2025-06-20
Ciga Cat	Job	Thun	https://cdn.shopify.com/s/files/1/0918/5597/8816/files/kemtr_c_5e97d193-e731-4f70-a4b1-4f768f39af56.png	https://luonvuituoi.co/products/ao-thun-ciga-cat	2025-06-20
Bunny cat Bunny cat	Animal Circus	Thun	https://cdn.shopify.com/s/files/1/0918/5597/8816/files/dentr_c_f529107b-f83f-4eaa-9335-b187e30be163.png	https://luonvuituoi.co/products/ao-thun-bunny-cat-bunny-cat	2025-06-20
Sờ Kết	Lifey Stuff	Thun	https://cdn.shopify.com/s/files/1/0918/5597/8816/files/dentr_c_77f0b90b-f059-4da5-b78b-b7b180ed5057.png	https://luonvuituoi.co/products/ao-thun-sờ-kết	2025-06-20
Nasa Nerd	Lifey Stuff	Thun	https://cdn.shopify.com/s/files/1/0918/5597/8816/files/navytr_c_054bc1ba-c331-4d7e-95d1-8e90aa0fdf00.png	https://luonvuituoi.co/products/ao-thun-nasa-nerd	2025-06-20
Mãi Dell Thành Công 2	Vietnamese Culture	Thun	https://cdn.shopify.com/s/files/1/0918/5597/8816/files/navytr_c_8b34afc8-9941-42ca-92e0-751939aa6499.png	https://luonvuituoi.co/products/ao-thun-mai-dell-thanh-cong-2	2025-06-20
Kẻ Nhận Sét	Lifey Stuff	Thun	https://cdn.shopify.com/s/files/1/0918/5597/8816/files/kemtr_c_7557d67d-9725-4714-8e63-42db7b5e1374.png	https://luonvuituoi.co/products/ao-thun-kẻ-nhận-set	2025-06-20
If You See Da Police	Trơi Bời	Thun	https://cdn.shopify.com/s/files/1/0918/5597/8816/files/dentr_c_1709b1bd-1c40-435a-8e00-508ebc84b821.png	https://luonvuituoi.co/products/ao-thun-if-you-see-da-police	2025-06-20
Hong Bé Ơi	Lifey Stuff	Thun	https://cdn.shopify.com/s/files/1/0918/5597/8816/files/tr_ngtr_c_8be4e80c-d697-464b-ad0a-c78d085b338c.png	https://luonvuituoi.co/products/ao-thun-hong-be-ơi-1	2025-06-20
Gét Gô	Lifey Stuff	Thun	https://cdn.shopify.com/s/files/1/0918/5597/8816/files/tr_ngtr_c_d8d9f9dc-fc0b-46ff-bbd4-b4068857b256.png	https://luonvuituoi.co/products/ao-thun-get-go	2025-06-20
Đàn Ông Thanh Toán	Lifey Stuff	Thun	https://cdn.shopify.com/s/files/1/0918/5597/8816/files/dentr_c_c34aab87-d0f3-4386-b247-65f3113c4cec.png	https://luonvuituoi.co/products/ao-thun-dan-ong-thanh-toan	2025-06-20
Check Var	Lifey Stuff	Thun	https://cdn.shopify.com/s/files/1/0918/5597/8816/files/kemtr_c_85dfe35d-e0cf-4f91-b624-567f7802ea84.png	https://luonvuituoi.co/products/ao-thun-check-var	2025-06-20
Có Không Giữ	Lifey Stuff	Thun	https://cdn.shopify.com/s/files/1/0918/5597/8816/files/navytr_c_c855eb92-b438-415a-b5e1-ec8509e55d99.png	https://luonvuituoi.co/products/ao-thun-co-khong-giữ	2025-06-20
Work Harder	Job	Thun	https://cdn.shopify.com/s/files/1/0918/5597/8816/files/kemtr_c_aaa29f62-7382-4655-956f-07c824a251c6.png	https://luonvuituoi.co/products/ao-thun-work-harder	2025-06-20
The Mind Is The Limit	Job	Thun	https://cdn.shopify.com/s/files/1/0918/5597/8816/files/dentr_c_0bbdaf94-4172-40cd-83a2-ff9f2d9e0a3c.png	https://luonvuituoi.co/products/ao-thun-the-mind-is-the-limit	2025-06-20
Skate Forever	Job	Thun	https://cdn.shopify.com/s/files/1/0918/5597/8816/files/dentr_c_11a3dbce-2d83-4da1-bda7-f8c3c4a20f57.png	https://luonvuituoi.co/products/ao-thun-skate-forever	2025-06-20
Ai Hỏi Mà Trả Lời	Lifey Stuff	Thun	https://cdn.shopify.com/s/files/1/0918/5597/8816/files/dentr_c_094e7306-3b9d-4666-984e-535e3623b8de.png	https://luonvuituoi.co/products/ao-thun-ai-hỏi-ma-trả-lời-1	2025-06-20
I'll Be Back Next Week	Lifey Stuff	Thun	https://cdn.shopify.com/s/files/1/0918/5597/8816/files/tr_ngtr_c_ad48f7ef-1026-40f1-9803-35a0419bc93e.png	https://luonvuituoi.co/products/ao-thun-i_ll-be-back-next-week	2025-06-20
Paradise Funny Women	Lifey Stuff	Thun	https://cdn.shopify.com/s/files/1/0918/5597/8816/files/kemtr_c_a506e9f3-f880-4270-81e4-1400e6554345.png	https://luonvuituoi.co/products/ao-thun-paradise-funny-women	2025-06-20
be positive like a proton	Lifey Stuff	Thun	https://cdn.shopify.com/s/files/1/0918/5597/8816/files/navytr_c_78b843c6-8ea4-4dd9-81cf-806c03389ebf.png	https://luonvuituoi.co/products/ao-thun-be-positive-like-a-proton	2025-06-20
No Money No Friend	Lifey Stuff	Thun	https://cdn.shopify.com/s/files/1/0918/5597/8816/files/dentr_c_588153a6-848f-43c7-85a1-5fbd7f53ba7f.png	https://luonvuituoi.co/products/ao-thun-no-money-no-friend	2025-06-20
HAVE A BETTER LIFE	Đũy Mèo	Thun	https://cdn.shopify.com/s/files/1/0918/5597/8816/files/tr_ngtr_c_f8d47f45-d356-4209-b89b-f95b340d4f18.png	https://luonvuituoi.co/products/ao-thun-have-a-better-life	2025-06-20
The No Face	Lifey Stuff	Thun	https://cdn.shopify.com/s/files/1/0918/5597/8816/files/kemtr_c_e1e6ff25-3591-463a-936a-15f35e772a67.png	https://luonvuituoi.co/products/ao-thun-the-no-face	2025-06-20
RICE TO MEAT YOU	Lifey Stuff	Thun	https://cdn.shopify.com/s/files/1/0918/5597/8816/files/kemtr_c_1.png	https://luonvuituoi.co/products/ao-thun-rice-to-meat-you	2025-06-20
Áo Thun Mệt	Lifey Stuff	Thun	https://cdn.shopify.com/s/files/1/0918/5597/8816/files/tr_ngtr_c_c95fdf87-5ec0-421c-b4cc-03c9ee107272.png	https://luonvuituoi.co/products/ao-thun-ao-thun-mệt	2025-06-20
Đan Não Cho Chồng	Lifey Stuff	Thun	https://cdn.shopify.com/s/files/1/0918/5597/8816/files/kemtr_c_4d9d151d-0c11-46cf-adde-7f2d89f25083.png	https://luonvuituoi.co/products/ao-thun-ai-hỏi-ma-trả-lời	2025-06-20
CAFFEINE & CAFFEOUT	Lifey Stuff	Thun	https://cdn.shopify.com/s/files/1/0918/5597/8816/files/dentr_c_35f5a5d5-f8b0-4400-a2d4-ebe8e8a9fd3e.png	https://luonvuituoi.co/products/ao-thun-caffeine-caffeout	2025-06-19
LET YOUR MIND WANDER	Lifey Stuff	Thun	https://cdn.shopify.com/s/files/1/0918/5597/8816/files/kemtr_c_d54d1174-1347-4194-9cb9-6d39f06814d2.png	https://luonvuituoi.co/products/ao-thun-let-your-mind-wander	2025-06-19
Donut Worry Be Happy	Lifey Stuff	Thun	https://cdn.shopify.com/s/files/1/0918/5597/8816/files/dentr_c_c078af11-519e-4a6b-a033-767ed1b48851.png	https://luonvuituoi.co/products/ao-thun-donut-worry-be-happy	2025-06-19
LUONVUITUOI Funny Dog	Animal Circus	Thun	https://cdn.shopify.com/s/files/1/0918/5597/8816/files/kemtr_c_affffdb2-9eda-40a1-98dc-bf9e1bd8f6b8.png	https://luonvuituoi.co/products/ao-thun-luonvuituoi-funny-dog	2025-06-19
LUONVUITUOI Funny Bull Dog	Animal Circus	Thun	https://cdn.shopify.com/s/files/1/0918/5597/8816/files/tr_ngtr_c_aec6aafe-f589-4629-a888-9ec887c5683c.png	https://luonvuituoi.co/products/ao-thun-luonvuituoi-funny-bull-dog	2025-06-19
LUONVUITUOI Black Dog	Animal Circus	Thun	https://cdn.shopify.com/s/files/1/0918/5597/8816/files/dentr_c_4d056426-55dc-4f7c-b480-6590049e15f7.png	https://luonvuituoi.co/products/ao-thun-luonvuituoi-black-dog	2025-06-19
LULNVUITUOI Funny Liberties	Lifey Stuff	Thun	https://cdn.shopify.com/s/files/1/0918/5597/8816/files/navytr_c_9b8ee710-8303-4869-912e-d7b9f71cb0a8.png	https://luonvuituoi.co/products/ao-thun-lulnvuituoi-funny-liberties	2025-06-19
Let That Shit Go	Đũy Mèo	Thun	https://cdn.shopify.com/s/files/1/0918/5597/8816/files/kemtr_c_8e45038a-10fc-4431-9b52-a43aef212ad8.png	https://luonvuituoi.co/products/ao-thun-let-that-shit-go	2025-06-19
I_m Me	Lifey Stuff	Thun	https://cdn.shopify.com/s/files/1/0918/5597/8816/files/tr_ngtr_c_54d706ff-c605-4aba-8fab-4cc3c3f42fe3.png	https://luonvuituoi.co/products/ao-thun-i_m-me	2025-06-19
Cool Black Cat	Đũy Mèo	Thun	https://cdn.shopify.com/s/files/1/0918/5597/8816/files/kemtr_c_71ffe075-edd7-4451-a4c7-bafa6d48ee3c.png	https://luonvuituoi.co/products/ao-thun-cool-black-cat	2025-06-19
Clear Vision	Lifey Stuff	Thun	https://cdn.shopify.com/s/files/1/0918/5597/8816/files/tr_ngtr_c_37ea2fe1-2efd-4aad-9b7f-8d4d7af7cda8.png	https://luonvuituoi.co/products/ao-thun-clear-vision	2025-06-19
Anh Đến Đây	Đũy Mèo	Thun	https://cdn.shopify.com/s/files/1/0918/5597/8816/files/kemtr_c_4c77509e-99ff-4314-b6e4-1bb4ab4c4ae8.png	https://luonvuituoi.co/products/ao-thun-anh-dến-day	2025-06-19
Trader Giao Dịch Chứng Phán	Job	Thun	https://cdn.shopify.com/s/files/1/0918/5597/8816/files/tr_ngtr_c_3b79d1be-7730-4411-a8d1-91c1cb28710e.png	https://luonvuituoi.co/products/ao-thun-trader-giao-dịch-chứng-phan	2025-06-19
Thời Tới Cản Không Kịp	Lifey Stuff	Thun	https://cdn.shopify.com/s/files/1/0918/5597/8816/files/kemtr_c_3911b276-a390-4588-a7e7-cb22bda2e05f.png	https://luonvuituoi.co/products/ao-thun-thời-tới-cản-khong-kịp	2025-06-19
Tụ Tập	Lifey Stuff	Thun	https://cdn.shopify.com/s/files/1/0918/5597/8816/files/kemtr_c_f8d959cf-128a-4260-a647-4ac6f0731e66.png	https://luonvuituoi.co/products/ao-thun-tụ-tập	2025-06-19
Gay_s	Lifey Stuff	Thun	https://cdn.shopify.com/s/files/1/0918/5597/8816/files/navytr_c_1908b350-adf5-4cb9-9b7e-cf6a1f0a3477.png	https://luonvuituoi.co/products/ao-thun-gay_s	2025-06-18
Hưởng Thụ	Lifey Stuff	Thun	https://cdn.shopify.com/s/files/1/0918/5597/8816/files/kemtr_c_50926414-d734-4c3f-aa82-bf76c01ac632.png	https://luonvuituoi.co/products/ao-thun-hưởng-thụ-nt067nt	2025-06-18
Buồn Ngủ Cat	Đũy Mèo	Thun	https://cdn.shopify.com/s/files/1/0918/5597/8816/files/dentr_c_b53036df-9490-490c-a80f-9364d708d6ed.png	https://luonvuituoi.co/products/ao-thun-buồn-ngủ-cat	2025-06-18
Architecture Kỹ Sư Xây Dựng	Job	Thun	https://cdn.shopify.com/s/files/1/0918/5597/8816/files/kemtr_c_754770ca-e625-4601-b903-49fd97c61cf4.png	https://luonvuituoi.co/products/ao-thun-architecture-kỹ-sư-xay-dựng	2025-06-18
IM PERFECT	Lifey Stuff	Thun	https://cdn.shopify.com/s/files/1/0918/5597/8816/files/dentr_c_a00cb6ac-1509-4fd2-9253-a1a03a83454b.png	https://luonvuituoi.co/products/ao-thun-im-perfect-1	2025-06-17
EGG SHEERAN	Job	Thun	https://cdn.shopify.com/s/files/1/0918/5597/8816/files/tr_ngtr_c_2e4d4ac1-f807-41f1-97a5-ff8ec154361c.png	https://luonvuituoi.co/products/ao-thun-im-perfect	2025-06-17
JOHN LEMON	Job	Thun	https://cdn.shopify.com/s/files/1/0918/5597/8816/files/navytr_c_52799596-d49a-4442-a405-2fe89f71fa58.png	https://luonvuituoi.co/products/ao-thun-john-lemon	2025-06-17
Pizza	Lifey Stuff	Thun	https://cdn.shopify.com/s/files/1/0918/5597/8816/files/tr_ngtr_c_246be770-cae4-4018-bc65-6cd5f1ecb827.png	https://luonvuituoi.co/products/ao-thun-pizza	2025-06-17
CỬA HỎNG VUI LÒNG HÔNG MỞ	Lifey Stuff	Thun	https://cdn.shopify.com/s/files/1/0918/5597/8816/files/kemtr_c_a6563837-b2eb-44d5-8c07-3327c98ee11e.png	https://luonvuituoi.co/products/ao-thun-cửa-hỏng-vui-long-hong-mở	2025-06-17
Đen Bạc Đỏ Tình	Lifey Stuff	Thun	https://cdn.shopify.com/s/files/1/0918/5597/8816/files/navytr_c_4ed94429-8a3f-4e58-889e-36bd00f4ebcb.png	https://luonvuituoi.co/products/ao-thun-den-bạc-dỏ-tinh	2025-06-17
Intern Thực Tập Xink	Job	Thun	https://cdn.shopify.com/s/files/1/0918/5597/8816/files/tr_ngtr_c_72538326-910d-4846-8ac6-841b50b303dc.png	https://luonvuituoi.co/products/ao-thun-intern-thực-tập-xink	2025-06-17
Si Tình	Lifey Stuff	Thun	https://cdn.shopify.com/s/files/1/0918/5597/8816/files/tr_ngtr_c.png	https://luonvuituoi.co/products/ao-thun-si-tinh-mh1149mh	2025-06-17